id,manufacturer,brand,collection,model,color,colorCode,eyeSize,bridge,temple,upc,sku,internalId,wholesaleCost,retailPrice,stockQuantity,gender,description,isActive,createdAt,updatedAt,showInPos,isFeatured,posDisplayOrder,pricingCategory
cmiw5lldk000mitnt6tvrda8a,"",Versace,,VE1163M,Pale Gold,1252,52,16,130,8053672346954,1042,,87.85,294,0,,,t,2025-12-07 20:06:55.353,2025-12-07 20:06:55.353,t,f,999,FRAME
cmiw5llmi000nitnt59v9xi7j,"",Michael Kors,,MK3044B,MINK BROWN,1213,53,17,140,725125179591,1044,,73.3,250,0,,,t,2025-12-07 20:06:55.674,2025-12-07 20:06:55.674,t,f,999,FRAME
cmiw5lgff0000itntcsblmcla,"",Tory Burch,,TY2064,DARK TORTOISE,1728,48,16,135,725125016056,,,95.93,288,1,,,t,2025-12-07 20:06:48.94,2025-12-07 20:06:48.94,t,f,999,FRAME
cmiw5lgw50002itntsofymtwu,"",Versace,,VE3298B,HAVANA,108,53,17,140,8056597385213,1009,,102.78,340,0,,,t,2025-12-07 20:06:49.541,2025-12-07 20:06:49.541,t,f,999,FRAME
cmiw5lh510003itnts55m10n8,"",Versace,,VE3298B,TRANSPARENT BROWN,5324,53,17,140,8056597385237,1010,,102.78,340,0,,,t,2025-12-07 20:06:49.862,2025-12-07 20:06:49.862,t,f,999,FRAME
cmiw5lhbn0004itntb2jlk4wp,"",Versace,,VE3299B,TRANSPARENT BROWN,5324,53,17,140,8056597385336,1012,,102.78,340,0,,,t,2025-12-07 20:06:50.099,2025-12-07 20:06:50.099,t,f,999,FRAME
cmiw5lhl20005itntkksg8es0,"",Versace,,VE3186,Green Havana Transp,5076,54,16,140,8053672109252,1013,,92.82,310,0,,,t,2025-12-07 20:06:50.438,2025-12-07 20:06:50.438,t,f,999,FRAME
cmiw5lhrz0006itnt4hwrixw0,"",Versace,,VE3288,BLACK,GB1,52,16,140,8056597219358,1017,,112.72,370,0,,,t,2025-12-07 20:06:50.687,2025-12-07 20:06:50.687,t,f,999,FRAME
cmiw5li0r0007itnt5oys9239,"",Versace,,VE3298B,TORTOISE,108,53,17,140,,1019,,102.78,340,0,,,t,2025-12-07 20:06:51.003,2025-12-07 20:06:51.003,t,f,999,FRAME
cmiw5li9u0008itntm32mk61u,"",Versace,,VE3186,Black,GB1,52,16,140,8053672109221,1020,,92.82,310,0,,,t,2025-12-07 20:06:51.33,2025-12-07 20:06:51.33,t,f,999,FRAME
cmiw5ligh0009itntw4xfclqp,"",Versace,,VE3298B,BROWN TRANS,5324,53,17,140,,1021,,102.78,340,0,,,t,2025-12-07 20:06:51.57,2025-12-07 20:06:51.57,t,f,999,FRAME
cmiw5lipl000aitnte0m7abfw,"",Versace,,VE3295,HAVANA,108,54,18,140,8056597340878,1023,,97.81,310,0,,,t,2025-12-07 20:06:51.897,2025-12-07 20:06:51.897,t,f,999,FRAME
cmiw5liwe000bitnttzspwtc1,"",Versace,,VE3295,TRANSPARENT BROWN,5028,54,18,140,8056597340946,1024,,97.81,310,0,,,t,2025-12-07 20:06:52.142,2025-12-07 20:06:52.142,t,f,999,FRAME
cmiw5lj5o000citnt138u1i6x,"",Versace,,VE3266,BLACK,GB1,55,17,145,8053672952612,1026,,80,270,0,,,t,2025-12-07 20:06:52.476,2025-12-07 20:06:52.476,t,f,999,FRAME
cmiw5ljce000ditntwfs8eqpo,"",Versace,,VE3257,BLACK/HAVANA,5117,53,18,140,8053672852370,1027,,97.81,300,0,,,t,2025-12-07 20:06:52.718,2025-12-07 20:06:52.718,t,f,999,FRAME
cmiw5ljle000eitntp2o15uvc,"",Versace,,VE3285,DARK HAVANA,108,55,19,145,8056597159920,1028,,102.78,338,0,,,t,2025-12-07 20:06:53.043,2025-12-07 20:06:53.043,t,f,999,FRAME
cmiw5ljs6000fitntts6tjdn6,"",Tiffany,,TF2177,BLACK ON TIFFANY BLUE,8055,50,17,140,8056597355254,1033,,120.01,390,0,,,t,2025-12-07 20:06:53.286,2025-12-07 20:06:53.286,t,f,999,FRAME
cmiw5lk1n000gitnttcqkan2v,"",Versace,,VE1246B,COPPER,1052,52,17,135,8053672754421,1034,,92.82,310,0,,,t,2025-12-07 20:06:53.628,2025-12-07 20:06:53.628,t,f,999,FRAME
cmiw5lkan000hitntzuzknrnq,"",Versace,,VE3271,BLACK,GB1,54,16,140,8056597049023,1035,,102.78,340,0,,,t,2025-12-07 20:06:53.951,2025-12-07 20:06:53.951,t,f,999,FRAME
cmiw5lkhq000iitnt3q36gbom,"",Tiffany,,TF4076,BLACK OBER TIFFANY BLUE,8055,58,17,135,,1036,,117.79,315,0,,,t,2025-12-07 20:06:54.206,2025-12-07 20:06:54.206,t,f,999,FRAME
cmiw5lkqk000jitntal26bkt0,"",Versace,,VE4375,HAVANA DARK BROWN,108/73,53,18,135,,1037,,120.81,300,0,,,t,2025-12-07 20:06:54.524,2025-12-07 20:06:54.524,t,f,999,FRAME
cmiw5lkxi000kitnt9iv3ua7p,"",Jones New York,,VJOM540,Matte Olive,,56,16,150,751286347371,1038,,61.95,215,0,,,t,2025-12-07 20:06:54.774,2025-12-07 20:06:54.774,t,f,999,FRAME
cmiw5ll6n000litntv96ptles,"",Jones New York,,VJOM540,Matte Black,,56,16,150,751286347357,1039,,61.95,215,0,,,t,2025-12-07 20:06:55.103,2025-12-07 20:06:55.103,t,f,999,FRAME
cmiw5llww000oitnt57wfjn06,"",Michael Kors,,MK3044B,LIGHT GOLD/BLACK,1014,53,17,140,725125179553,1046,,73.3,250,0,,,t,2025-12-07 20:06:56.048,2025-12-07 20:06:56.048,t,f,999,FRAME
cmiw5lm3l000pitntixzxavm5,"",Tiffany,,TF2198B,HAVANA,8015,51,16,140,8056597214100,1047,,128.4,257,0,,,t,2025-12-07 20:06:56.289,2025-12-07 20:06:56.289,t,f,999,FRAME
cmiw5lmcn000qitntb0cjksoa,"",Tiffany,,TF2203B,OPAL BEIGE,8262,52,16,140,8056597334662,1049,,125,213,0,,,t,2025-12-07 20:06:56.616,2025-12-07 20:06:56.616,t,f,999,FRAME
cmiw5lmjb000ritnt3tf8f92f,"",Tiffany,,TF2203B,HAVANA ON TIFFANY BLUE,8134,52,16,140,8056597334648,1051,,125,213,0,,,t,2025-12-07 20:06:56.855,2025-12-07 20:06:56.855,t,f,999,FRAME
cmiw5lmrd000sitntn98c7391,"",Tiffany,,TF2203B,OPAL BLUE,8315,54,16,140,8056597334679,1052,,125,213,0,,,t,2025-12-07 20:06:57.145,2025-12-07 20:06:57.145,t,f,999,FRAME
cmiw5lmy0000titnt43rnertf,"",Tiffany,,TF2203B,BLACK ON TIFFANY BLUE,8055,48,16,140,8056597424851,1053,,125,213,0,,,t,2025-12-07 20:06:57.384,2025-12-07 20:06:57.384,t,f,999,FRAME
cmiw5ln7f000uitnt0fy8h4hg,"",Tiffany,,TF2177,HAVANA ON TIFFANY BLUE,8134,50,17,140,8056597355278,1054,,120.01,390,0,,,t,2025-12-07 20:06:57.723,2025-12-07 20:06:57.723,t,f,999,FRAME
cmiw5lne5000vitnt6po9tdo2,"",Tiffany,,TF1111B,BLACK,6097,53,17,140,8053672424447,1061,,120.01,395,0,,,t,2025-12-07 20:06:57.965,2025-12-07 20:06:57.965,t,f,999,FRAME
cmiw5lnnb000witnt60g1qkkc,"",Luxottica,,MK4016,Black,3005,53,17,140,725125940511,1063,,86.19,289,0,,,t,2025-12-07 20:06:58.295,2025-12-07 20:06:58.295,t,f,999,FRAME
cmiw5lnxr000xitnt019zgula,"",Versace,,VE1163B,Brown,,52,,,725125701259,1064,,88,294,0,,,t,2025-12-07 20:06:58.671,2025-12-07 20:06:58.671,t,f,999,FRAME
cmiw5lo5c000yitntmbqya29r,"",Versace,,VE4290B,BLACK,GB1/8G,57,16,140,,1066,,120.81,320,0,,,t,2025-12-07 20:06:58.944,2025-12-07 20:06:58.944,t,f,999,FRAME
cmiw5loi7000zitnt5hzgb7ld,"",Jones New York,,J236,Teal,,48,15,135,751286315370,1067,,51.95,190,0,,,t,2025-12-07 20:06:59.407,2025-12-07 20:06:59.407,t,f,999,FRAME
cmiw5lotm0010itntopxzr35f,"",CH Carolina Herrera,,VHE852K,Black 0888,,54,15,140,190605289341,1068,,98,231,0,,,t,2025-12-07 20:06:59.818,2025-12-07 20:06:59.818,t,f,999,FRAME
cmiw5lp6r0011itntut05p7om,"",CH Carolina Herrera,,VHE114K,Gold Blue 02A8,,51,16,135,190605127308,1069,,96.95,320,0,,,t,2025-12-07 20:07:00.291,2025-12-07 20:07:00.291,t,f,999,FRAME
cmiw5lpf70012itntvb18q0dt,"",Jones New York,,VJOP153,Black,,48,17,135,751286347203,1070,,66.95,230,0,,,t,2025-12-07 20:07:00.595,2025-12-07 20:07:00.595,t,f,999,FRAME
cmiw5lppq0013itntq2n7cuv2,"",Guess?,,GU2848,blonde havana,053,54,15,140,889214255525,1074,,65,225,0,,,t,2025-12-07 20:07:00.974,2025-12-07 20:07:00.974,t,f,999,FRAME
cmiw5lpzy0014itntcfmi862o,"",Guess?,,GU2797,dark havana,052,52,15,140,889214156501,1071,,65,225,0,,,t,2025-12-07 20:07:01.342,2025-12-07 20:07:01.342,t,f,999,FRAME
cmiw5lq6t0015itntwlf09wq1,"",Guess?,,GU2797,light green/other,095,52,15,140,889214156525,1072,,65,225,0,,,t,2025-12-07 20:07:01.589,2025-12-07 20:07:01.589,t,f,999,FRAME
cmiw5lqfw0016itntr8attcrt,"",Guess?,,GU2797,black/other,005,52,15,140,889214156495,1073,,65,225,0,,,t,2025-12-07 20:07:01.916,2025-12-07 20:07:01.916,t,f,999,FRAME
cmiw5lqml0017itnt81lzb9ul,"",Guess?,,GU2781,shiny pink,072,52,16,140,889214145451,1075,,70,240,0,,,t,2025-12-07 20:07:02.158,2025-12-07 20:07:02.158,t,f,999,FRAME
cmiw5pgdj00hvitntvvssom8x,"",Candies,,CA0184,TRAS,,50,17,140,,1858,,65,195,0,,,t,2025-12-07 20:09:55.496,2025-12-07 20:09:55.496,t,f,999,FRAME
cmiw5lqvs0018itntdh9byx05,"",Guess?,,GU2732,Turquoise/Other,089,51,18,140,889214064882,1076,,65,225,0,,,t,2025-12-07 20:07:02.488,2025-12-07 20:07:02.488,t,f,999,FRAME
cmiw5lr2i0019itntyaxw0o63,"",Guess?,,GU2721,Shiny Black,001,54,16,140,889214044457,1077,,65,205,0,,,t,2025-12-07 20:07:02.731,2025-12-07 20:07:02.731,t,f,999,FRAME
cmiw5lrcu001aitntghn8j5fb,"",Guess?,,GU2658,Shiny Black,001,50,17,135,664689921003,1078,,76,260,0,,,t,2025-12-07 20:07:03.055,2025-12-07 20:07:03.055,t,f,999,FRAME
cmiw5lrlz001bitntbqkrqbay,"",Guess?,,GU2832,black/other,005,52,14,140,889214214591,1079,,75,225,0,,,t,2025-12-07 20:07:03.432,2025-12-07 20:07:03.432,t,f,999,FRAME
cmiw5lrso001citntvy6xn22q,"",Guess?,,GU2733,Havana/Other,056,51,16,140,889214064905,1080,,59,225,0,,,t,2025-12-07 20:07:03.673,2025-12-07 20:07:03.673,t,f,999,FRAME
cmiw5ls23001ditntqe7j2us0,"",Guess?,,GU2632-S,Dark Havana,052,52,17,135,664689876969,1081,,70,240,0,,,t,2025-12-07 20:07:04.012,2025-12-07 20:07:04.012,t,f,999,FRAME
cmiw5ls8t001eitntjk4ud3sp,"",Guess?,,GU2549,Red/Other,068,53,16,135,664689787654,1082,,72,240,0,,,t,2025-12-07 20:07:04.254,2025-12-07 20:07:04.254,t,f,999,FRAME
cmiw5lsia001fitnt7ippbtfb,"",Guess?,,GU2856-S,shiny black,001,53,15,140,889214255952,1083,,85,255,0,,,t,2025-12-07 20:07:04.594,2025-12-07 20:07:04.594,t,f,999,FRAME
cmiw5lspb001gitnt4p2541yr,"",Guess?,,GU2779,pale gold,032,55,14,140,889214146083,1084,,65,170,0,,,t,2025-12-07 20:07:04.847,2025-12-07 20:07:04.847,t,f,999,FRAME
cmiw5lsxx001hitntdrhcfylh,"",Guess?,,GU2744,turquoise/other,089,49,19,140,889214111210,1085,,70,225,0,,,t,2025-12-07 20:07:05.157,2025-12-07 20:07:05.157,t,f,999,FRAME
cmiw5lt73001iitntag20hnrd,"",Guess?,,GU2813,matte bordeaux,070,56,16,140,889214215079,1086,,59,200,0,,,t,2025-12-07 20:07:05.488,2025-12-07 20:07:05.488,t,f,999,FRAME
cmiw5ltdx001jitnthyqw1wzu,"",Guess?,,GU2717,Shiny Blue,090,51,16,140,889214073938,1087,,70,225,0,,,t,2025-12-07 20:07:05.734,2025-12-07 20:07:05.734,t,f,999,FRAME
cmiw5ltmy001kitnt6aqxllo5,"",Guess?,,GU2720,Dark Havana,052,51,16,140,889214044518,1088,,65,240,0,,,t,2025-12-07 20:07:06.058,2025-12-07 20:07:06.058,t,f,999,FRAME
cmiw5lttv001litntuwl9xfr2,"",Guess?,,GM0337,Dark Havana,052,52,18,140,889214018533,1089,,98,315,0,,,t,2025-12-07 20:07:06.308,2025-12-07 20:07:06.308,t,f,999,FRAME
cmiw5lu2y001mitntymwc849w,"",Guess?,,GM0334,Blonde Havana,053,52,18,140,889214018441,1090,,87,290,0,,,t,2025-12-07 20:07:06.634,2025-12-07 20:07:06.634,t,f,999,FRAME
cmiw5lu9p001nitntgix8i8tf,"",Guess?,,GM0337,Shiny Black,001,52,18,140,889214018526,1091,,98,315,0,,,t,2025-12-07 20:07:06.878,2025-12-07 20:07:06.878,t,f,999,FRAME
cmiw5luiv001oitnt4udd0nne,"",Guess?,,GM0355,shiny pink,072,52,18,140,889214128157,1096,,104,315,0,,,t,2025-12-07 20:07:07.208,2025-12-07 20:07:07.208,t,f,999,FRAME
cmiw5lupy001pitnt7n0l2q1x,"",Guess?,,GM0243,DARK TORTOISE,TO,54,16,135,715583358225,1098,,118,354,1,,,t,2025-12-07 20:07:07.462,2025-12-07 20:07:07.462,t,f,999,FRAME
cmiw5lv7v001ritnts0hx6o9g,"",Guess?,,GM0313,Dark Brown/Other,050,53,16,135,664689867530,1099,,98,300,0,,,t,2025-12-07 20:07:08.108,2025-12-07 20:07:08.108,t,f,999,FRAME
cmiw5lvel001sitntklswmdyn,"",Guess?,,GM0313,Shiny Black,001,53,16,135,664689867516,1100,,98,300,0,,,t,2025-12-07 20:07:08.349,2025-12-07 20:07:08.349,t,f,999,FRAME
cmiw5lvns001titntyu9hlg2y,"",Guess?,,GM0353,dark havana,052,53,17,140,889214115553,1101,,114,342,0,,,t,2025-12-07 20:07:08.68,2025-12-07 20:07:08.68,t,f,999,FRAME
cmiw5lvuo001uitnty8cufops,"",Guess?,,GM0353,shiny pink,072,53,17,140,889214115560,1103,,114,342,0,,,t,2025-12-07 20:07:08.928,2025-12-07 20:07:08.928,t,f,999,FRAME
cmiw5lw3r001vitntq23fzkck,"",Guess?,,GM0363-S,blue/other,092,51,17,140,889214185266,1104,,98,325,0,,,t,2025-12-07 20:07:09.255,2025-12-07 20:07:09.255,t,f,999,FRAME
cmiw5lwap001witntl6lmfmbe,"",Guess?,,GM0352,coloured havana,055,54,15,140,889214115522,1106,,81,275,0,,,t,2025-12-07 20:07:09.505,2025-12-07 20:07:09.505,t,f,999,FRAME
cmiw5lwjn001xitntinl5z73g,"",Guess?,,GM0281,Violet/Other,083,54,16,135,664689773190,1107,,111,333,1,,,t,2025-12-07 20:07:09.828,2025-12-07 20:07:09.828,t,f,999,FRAME
cmiw5lwzl001zitntqhp50vua,"",Guess?,,GM0302,Coloured Havana,055,52,18,135,664689867677,1108,,93,310,0,,,t,2025-12-07 20:07:10.401,2025-12-07 20:07:10.401,t,f,999,FRAME
cmiw5lx8n0020itntppbcq6xz,"",Guess?,,GM0325,Black/Other,005,52,18,135,664689989508,1109,,93,310,0,,,t,2025-12-07 20:07:10.728,2025-12-07 20:07:10.728,t,f,999,FRAME
cmiw5lxff0021itnt6vf5gm7x,"",Guess?,,GM0360,pink /other,074,53,17,140,889214140869,1110,,93,279,1,,,t,2025-12-07 20:07:10.971,2025-12-07 20:07:10.971,t,f,999,FRAME
cmiw5lxvf0023itnt0jvzjpx9,"",Guess?,,GM0310,Matte Black,002,53,16,135,664689867783,1111,,81,275,0,,,t,2025-12-07 20:07:11.547,2025-12-07 20:07:11.547,t,f,999,FRAME
cmiw5ly4h0024itntlhrmtgid,"",Guess?,,GM0244,CRYSTAL BROWN,BRNBL,55,16,135,715583358249,1112,,104,315,0,,,t,2025-12-07 20:07:11.873,2025-12-07 20:07:11.873,t,f,999,FRAME
cmiw5lyb70025itntne6cur1j,"",Candies,,CA0197,matte dark brown,049,55,17,140,889214288523,1114,,63,189,0,,,t,2025-12-07 20:07:12.116,2025-12-07 20:07:12.116,t,f,999,FRAME
cmiw5lykd0026itntsbmszaq2,"",Candies,,CA0165,Shiny Blue,090,52,18,140,889214032294,1115,,63,189,0,,,t,2025-12-07 20:07:12.446,2025-12-07 20:07:12.446,t,f,999,FRAME
cmiw5lyr80027itntbwysexhe,"",Candies,,CA0176,Violet/Other,083,53,16,140,889214072467,1117,,63,225,0,,,t,2025-12-07 20:07:12.692,2025-12-07 20:07:12.692,t,f,999,FRAME
cmiw5lz0i0028itntqh1oqqpi,"",Candies,,CA0134,Violet/Other,083,51,16,135,664689814725,1120,,63,189,0,,,t,2025-12-07 20:07:13.026,2025-12-07 20:07:13.026,t,f,999,FRAME
cmiw5lz9i0029itnt9qmiecxv,"",Candies,,CA0134,Black/Other,005,51,16,135,664689814701,1121,,63,189,1,,,t,2025-12-07 20:07:13.35,2025-12-07 20:07:13.35,t,f,999,FRAME
cmiw5lzpd002bitnt182ty8r5,"",Candies,,CA0129,Black/Other,005,54,17,135,664689797424,1124,,63,189,0,,,t,2025-12-07 20:07:13.922,2025-12-07 20:07:13.922,t,f,999,FRAME
cmiw5lzwa002citntlombvcm8,"",Candies,,CA0176,Shiny Black,001,50,16,140,889214081971,1126,,63,225,0,,,t,2025-12-07 20:07:14.17,2025-12-07 20:07:14.17,t,f,999,FRAME
cmiw5m058002ditntm63vzvp3,"",Candies,,CA0136,Grey/Other,020,54,16,135,664689814732,1127,,63,50,0,,,t,2025-12-07 20:07:14.492,2025-12-07 20:07:14.492,t,f,999,FRAME
cmiw5m0br002eitntq1be7nss,"",Candies,,CA0145,Black/Other,005,54,15,140,664689890507,1130,,65,195,0,,,t,2025-12-07 20:07:14.727,2025-12-07 20:07:14.727,t,f,999,FRAME
cmiw5m0jw002fitntbpo1wjtd,"",Candies,,CA0178,Shiny Black,001,50,17,140,889214071606,1133,,63,100,0,,,t,2025-12-07 20:07:15.021,2025-12-07 20:07:15.021,t,f,999,FRAME
cmiw5m0qi002gitnt9rw92t36,"",Candies,,CA0187,shiny pink,072,50,18,140,889214172921,1135,,63,189,0,,,t,2025-12-07 20:07:15.258,2025-12-07 20:07:15.258,t,f,999,FRAME
cmiw5m0zr002hitntu75918de,"",Tory Burch,,TY2049,BLACK,1709,49,17,135,725125016216,1138,,90.48,271,0,,,t,2025-12-07 20:07:15.591,2025-12-07 20:07:15.591,t,f,999,FRAME
cmiw5m16l002iitntbcnhzurx,"",Tory Burch,,TY2049,Tortoise Milky Fountain,1359,51,17,135,725125924276,1139,,90.48,271,0,,,t,2025-12-07 20:07:15.838,2025-12-07 20:07:15.838,t,f,999,FRAME
cmiw5m1fv002jitnt533nnkri,"",Tory Burch,,TY2067,Port/Pearl Port Tort,1610,52,17,135,725125966405,1140,,75.75,227,0,,,t,2025-12-07 20:07:16.172,2025-12-07 20:07:16.172,t,f,999,FRAME
cmiw5m1ou002kitnt2m9tsi4h,"",Tory Burch,,TY2075,Navy,1656,52,16,135,725125978064,1141,,60,180,0,,,t,2025-12-07 20:07:16.495,2025-12-07 20:07:16.495,t,f,999,FRAME
cmiw5m1vp002litnt5f22x78c,"",Tory Burch,,TY2107,TRANSPARENT RED,1801,52,15,140,725125125994,1142,,86.28,259,0,,,t,2025-12-07 20:07:16.741,2025-12-07 20:07:16.741,t,f,999,FRAME
cmiw5m24t002mitnt511821hs,"",Tory Burch,,TY4007U,BORDEAUX,1833,49,16,140,725125204606,1143,,81.48,244,0,,,t,2025-12-07 20:07:17.069,2025-12-07 20:07:17.069,t,f,999,FRAME
cmiw5m2bj002nitntu7flcbwb,"",Tory Burch,,TY1068,GOLD/BLACK,3299,49,17,140,725125368759,1144,,85.44,256,1,,,t,2025-12-07 20:07:17.311,2025-12-07 20:07:17.311,t,f,999,FRAME
cmiw5m3b7002ritntyrt9piwm,"",Jones New York,,VJON499,Brown,,53,17,140,751286349900,1149,,61.95,215,0,,,t,2025-12-07 20:07:18.595,2025-12-07 20:07:18.595,t,f,999,FRAME
cmiw5m3hy002sitntsft5hf9e,"",Jones New York,,J244,Brown Gradient,,49,16,135,751286342819,1150,,64.95,195,0,,,t,2025-12-07 20:07:18.839,2025-12-07 20:07:18.839,t,f,999,FRAME
cmiw5m3qz002titntyv4w0u6a,"",Jones New York,,J244,Pink Gradient,,49,16,137,751286342833,1151,,64.95,195,0,,,t,2025-12-07 20:07:19.163,2025-12-07 20:07:19.163,t,f,999,FRAME
cmiw5m3xq002uitntix4updtd,"",Jones New York,,J765,Olive,,53,16,135,751286309942,1152,,64.95,225,0,,,t,2025-12-07 20:07:19.407,2025-12-07 20:07:19.407,t,f,999,FRAME
cmiw5m4dn002witntyrm8fi3o,"",Jones New York,,J767,Blue,,55,16,140,751286315905,1154,,51.95,185,0,,,t,2025-12-07 20:07:19.98,2025-12-07 20:07:19.98,t,f,999,FRAME
cmiw5maqy003oitnt3o4opaan,"",Guess?,,GU1986,havana/other,056,55,16,145,889214110978,1188,,70,225,0,,,t,2025-12-07 20:07:28.235,2025-12-07 20:07:28.235,t,f,999,FRAME
cmiw5mazw003pitnt8nu26y99,"",Guess?,,GU50017,matte gunmetal,009,56,18,145,889214216779,1189,,70,210,0,,,t,2025-12-07 20:07:28.556,2025-12-07 20:07:28.556,t,f,999,FRAME
cmiw5mbmn003sitnt74i9pqsw,"",Guess?,,GM0376,shiny black,001,54,16,145,889214315618,1191,,100,300,0,,,t,2025-12-07 20:07:29.375,2025-12-07 20:07:29.375,t,f,999,FRAME
cmiw5mbvr003titntfh16h3yu,"",Guess?,,GU2583,Matte Black,002,55,17,140,664689835874,1192,,71,213,1,,,t,2025-12-07 20:07:29.704,2025-12-07 20:07:29.704,t,f,999,FRAME
cmiw5mcrm003xitntzptyyaly,"",Guess?,,GU2591,Dark Havana,052,53,17,135,664689836710,1195,,78,266,0,,,t,2025-12-07 20:07:30.851,2025-12-07 20:07:30.851,t,f,999,FRAME
cmiw5md0o003yitntnqh354h1,"",Guess?,,GU2677,Shiny Black,001,53,17,135,664689956647,1196,,87,261,3,,,t,2025-12-07 20:07:31.177,2025-12-07 20:07:31.177,t,f,999,FRAME
cmiw5ull0015xitntub9g3s7j,"",Serafina Eyewear,,KiKi,Crystal,,54,16,140,810040604102,,,114.95,180,0,,,t,2025-12-07 20:13:55.524,2025-12-07 20:13:55.524,t,f,999,FRAME
cmiw5ulrj015yitnt04evo6op,"",Michael Kors,,MK3053 FERNIE,MATTE BLACK/LIGHT GOLD,1014,54,16,140,725125374453,1014,,61.58,185,0,,,t,2025-12-07 20:13:55.759,2025-12-07 20:13:55.759,t,f,999,FRAME
cmiw5ulzn015zitnt616opda0,"",Michael Kors,,MK4030F VIVIANNA II,Pink Tortoise,3162,54,16,135,725125962186,,,53.35,160,0,,,t,2025-12-07 20:13:56.051,2025-12-07 20:13:56.051,t,f,999,FRAME
cmiw5um690160itntyrsua6so,"",Emporio Armani,,EA3112F,Matte Black,5042,56,18,145,8053672717785,,,64.47,144,0,,,t,2025-12-07 20:13:56.289,2025-12-07 20:13:56.289,t,f,999,FRAME
cmiw5ume20161itnt6ws39s7o,"",Michael Kors,,0MK1119,alpine rosegold w/sil flash pink,11088z,57,16,140,,,,43.11,86,0,,,t,2025-12-07 20:13:56.57,2025-12-07 20:13:56.57,t,f,999,FRAME
cmiw5umkh0162itntdvvkhqbb,"",Tom Ford,,FT5709-B,shiny pink,072,54,17,140,889214182616,,,172,516,0,,,t,2025-12-07 20:13:56.802,2025-12-07 20:13:56.802,t,f,999,FRAME
cmiw5umsr0163itntt7l5j3v6,"",Oakley Frame,,OX3218 SOCKET 5.5,Matte Midnight,321803,52,18,138,888392221735,,,89.72,254.2,2,,,t,2025-12-07 20:13:57.1,2025-12-07 20:13:57.1,t,f,999,FRAME
cmiw5un9t0165itntanrngtk9,"",Oakley Frame,,OX3218 SOCKET 5.5,SATIN PEWTER/POISEDON BL,321806,54,18,138,888392375742,,,89.72,254.2,1,,,t,2025-12-07 20:13:57.713,2025-12-07 20:13:57.713,t,f,999,FRAME
cmiw5unod0167itntr0f86mmh,"",Oakley Frame,,OX8026 CURRENCY,Satin Black,802601,54,17,133,700285474830,,,109.09,327,2,,,t,2025-12-07 20:13:58.237,2025-12-07 20:13:58.237,t,f,999,FRAME
cmiw5uo2z016aitntw6bfcz01,"",Oakley Frame,,OX8032 HEX JECTOR,BLACK INK,803204,55,16,141,888392561725,,,73.91,222,1,,,t,2025-12-07 20:13:58.763,2025-12-07 20:13:58.763,t,f,999,FRAME
cmiw5uohg016citntxaf1iun9,"",Oakley Frame,,OX8163 CENTERBOARD,SATIN BLACK,816305,55,17,141,888392569202,,,73.91,222,2,,,t,2025-12-07 20:13:59.284,2025-12-07 20:13:59.284,t,f,999,FRAME
cmiw5uow0016eitntk9uz8wjo,"",Oakley Frame,,OX8046 AIRDROP,Grey Shadow,804603,55,18,143,888392078377,,,89.72,269,3,,,t,2025-12-07 20:13:59.809,2025-12-07 20:13:59.809,t,f,999,FRAME
cmiw5upas016hitntjtnnyuqf,"",Oakley Frame,,OX8081 PLANK 2.0,Satin Black,808101,51,18,139,888392192264,,,73.91,222,2,,,t,2025-12-07 20:14:00.34,2025-12-07 20:14:00.34,t,f,999,FRAME
cmiw5ups7016jitnt2zo6zbcj,"",Oakley Frame,,OX8164 PORT BOW,SATIN BLACK,816401,55,17,141,888392490339,,,69.61,209,2,,,t,2025-12-07 20:14:00.968,2025-12-07 20:14:00.968,t,f,999,FRAME
cmiw5uq7s016mitnthtg18scn,"",Oakley Frame,,OX8153 METALINK,SATIN GREY SMOKE,815305,55,17,136,888392407733,,,100.79,302,2,,,t,2025-12-07 20:14:01.529,2025-12-07 20:14:01.529,t,f,999,FRAME
cmiw5uqmd016oitntyqrmm2iz,"",Oakley Frame,,OX8156 HOLBROOK RX,SATIN BLACK,815601,56,18,137,888392399779,,,73.91,222,0,,,t,2025-12-07 20:14:02.054,2025-12-07 20:14:02.054,t,f,999,FRAME
cmiw5uqu9016pitnt73xvm6pf,"",Oakley Frame,,OX8163 CENTERBOARD,POLISHED CLEAR,816303,55,17,141,888392476012,,,73.91,222,1,,,t,2025-12-07 20:14:02.337,2025-12-07 20:14:02.337,t,f,999,FRAME
cmiw5ur8v016ritntmpapzrwh,"",Oakley Frame,,OX3102 CLUBFACE,Pewter,310203,54,17,143,700285388137,,,98.06,294,1,,,t,2025-12-07 20:14:02.863,2025-12-07 20:14:02.863,t,f,999,FRAME
cmiw5uroo016titntorifr2jv,"",Oakley Frame,,OX3173 BARRELHOUSE,Matte Black Green,317305,52,17,139,700285854885,,,102.96,309,1,,,t,2025-12-07 20:14:03.433,2025-12-07 20:14:03.433,t,f,999,FRAME
cmiw5us8k016vitnta070vkj7,"",Oakley Frame,,OX3217 SOCKET 5.0,SATIN PEWTER,321702,57,17,138,888392446886,,,89.72,269,1,,,t,2025-12-07 20:14:04.148,2025-12-07 20:14:04.148,t,f,999,FRAME
cmiw5usog016xitnt9oy7vm5t,"",Oakley Frame,,OX3218 SOCKET 5.5,Satin Pewter,321802,54,18,138,888392221759,,,89.72,254.2,1,,,t,2025-12-07 20:14:04.721,2025-12-07 20:14:04.721,t,f,999,FRAME
cmiw5ut2r016zitntnzbmlrio,"",Oakley Frame,,OX3227 FULLER,SATIN BLACK,322701,55,17,139,888392287915,,,95.65,287,3,,,t,2025-12-07 20:14:05.235,2025-12-07 20:14:05.235,t,f,999,FRAME
cmiw5utiq0171itnt42p9j708,"",Oakley Frame,,OX3227 FULLER,BRUSHED GRENACHE,322708,53,17,139,888392576750,,,95.65,287,1,,,t,2025-12-07 20:14:05.81,2025-12-07 20:14:05.81,t,f,999,FRAME
cmiw5utxn0173itntvtolqnnl,"",Oakley Frame,,OX5128 GAUGE 3.2 BLADE,POLISHED BLACK,512804,54,18,137,888392282279,,,125.69,377,0,,,t,2025-12-07 20:14:06.347,2025-12-07 20:14:06.347,t,f,999,FRAME
cmiw5uu710174itntmfuax270,"",Oakley Frame,,OX5132 SURFACE PLATE,MATTE BLACK,513201,54,18,138,888392282569,,,118.65,356,0,,,t,2025-12-07 20:14:06.685,2025-12-07 20:14:06.685,t,f,999,FRAME
cmiw5y8ii01niitntwc316bl9,"",Eight to Eighty,,Paige,Blue,,50,18,135,,,,79.95,120,1,,,t,2025-12-07 20:16:45.21,2025-12-07 20:16:45.21,t,f,999,FRAME
cmiw5m2rm002pitntgbkk4vpe,"",Jones New York,,J779,Nude,,54,16,140,751286342802,1146,,59.95,210,0,,,t,2025-12-07 20:07:17.891,2025-12-07 20:07:17.891,t,f,999,FRAME
cmiw5m325002qitnttqiv6h7y,"",Jones New York,,J778,Blush,,52,17,140,751286336474,1147,,56.95,200,0,,,t,2025-12-07 20:07:18.222,2025-12-07 20:07:18.222,t,f,999,FRAME
cmiw5m46z002vitntzcsrf7ta,"",Jones New York,,VJON785,Black,,57,16,145,751286350036,1153,,61.95,220,0,,,t,2025-12-07 20:07:19.739,2025-12-07 20:07:19.739,t,f,999,FRAME
cmiw5m4my002xitntmol5o89q,"",Jones New York,,J780,Tan Gradient,,56,15,140,751286342697,1156,,69.95,240,0,,,t,2025-12-07 20:07:20.315,2025-12-07 20:07:20.315,t,f,999,FRAME
cmiw5m4tp002yitntjcqp5oc8,"",Jones New York,,J244,Black Brown Gradient,,49,16,136,751286342826,1157,,64.95,195,0,,,t,2025-12-07 20:07:20.558,2025-12-07 20:07:20.558,t,f,999,FRAME
cmiw5m52o002zitntxlk6en05,"",Jones New York,,J241,Tortoise,,48,16,135,751286331400,1158,,56.95,200,0,,,t,2025-12-07 20:07:20.88,2025-12-07 20:07:20.88,t,f,999,FRAME
cmiw5uug10175itntiv0f6o27,"",Oakley Frame,,OX5148 WINGBACK SQ,SATIN BLACK,514801,54,18,136,888392467409,,,118.65,356,2,,,t,2025-12-07 20:14:07.009,2025-12-07 20:14:07.009,t,f,999,FRAME
cmiw5uuvw0178itntnr25dadk,"",Oakley Frame,,OX8055 EXCHANGE,SATIN BLACK,805504,56,17,136,888392575142,,,95.65,287,2,,,t,2025-12-07 20:14:07.581,2025-12-07 20:14:07.581,t,f,999,FRAME
cmiw5uvaj017aitnt6ccodm9n,"",Michael Kors,,MK3012 ADRIANNA IV,MATTE GUNMETAL/ROSE GOLD,1203,51,17,135,725125008419,,,64.84,195,1,,,t,2025-12-07 20:14:08.107,2025-12-07 20:14:08.107,t,f,999,FRAME
cmiw5uvoz017citntdf1rdk10,"",Michael Kors,,MK4097 GREVE,BLUE TORTOISE,3333,52,16,140,725125387934,,,71.81,215,1,,,t,2025-12-07 20:14:08.627,2025-12-07 20:14:08.627,t,f,999,FRAME
cmiw5uw3l017eitntsrd722yy,"",Michael Kors,,MK4094U KARLIE I,DARK TORTOISE/PINK,3909,53,16,140,725125383523,,,58.27,175,0,,,t,2025-12-07 20:14:09.153,2025-12-07 20:14:09.153,t,f,999,FRAME
cmiw5uwa4017fitntprktyt9f,"",Michael Kors,,MK4080U AUCKLAND,CLEAR TRANSPARENT,3015,52,16,140,725125366595,,,56.22,169,1,,,t,2025-12-07 20:14:09.388,2025-12-07 20:14:09.388,t,f,999,FRAME
cmiw5uwok017hitntx9xqxlt0,"",Michael Kors,,MK4047 BLY,BLACK/TRANSPARENT GREY,3280,53,17,135,725125984218,3280,,56.22,160,1,,,t,2025-12-07 20:14:09.909,2025-12-07 20:14:09.909,t,f,999,FRAME
cmiw5ux33017jitnttt81fq7x,"",Michael Kors,,MK3050,TORONTO MATTE BLACK,1334,53,17,140,725125368458,1334,,71.81,215,1,,,t,2025-12-07 20:14:10.432,2025-12-07 20:14:10.432,t,f,999,FRAME
cmiw5uxhp017litntdomkcwmn,"",Michael Kors,,0MK3058B,TRINIDAD LIGHT GOLD,1014,54,,,7251253979847,,,71.81,215,0,,,t,2025-12-07 20:14:10.958,2025-12-07 20:14:10.958,t,f,999,FRAME
cmiw5uxpy017mitntam4hpsrf,"",Michael Kors,,0MK4088,SITKA Brown Signature,3706,53,,,725125375153,3706,,71.81,215,2,,,t,2025-12-07 20:14:11.254,2025-12-07 20:14:11.254,t,f,999,FRAME
cmiw5uy4i017oitntcji2j606,"",Guess?,,GU1731,Gunmetal Satin,GUN,53,17,140,715583411500,,,74,222,1,,,t,2025-12-07 20:14:11.778,2025-12-07 20:14:11.778,t,f,999,FRAME
cmiw5uyiz017qitntt3ewhgwj,"",Guess?,,GU1972,Matte Black,002,53,15,145,889214073730,53002,,75,225,1,,,t,2025-12-07 20:14:12.299,2025-12-07 20:14:12.299,t,f,999,FRAME
cmiw5uyxl017sitnt5023hg7a,"",Guess?,,GU1993,shiny black,001,54,17,145,889214144942,,,74,222,0,,,t,2025-12-07 20:14:12.826,2025-12-07 20:14:12.826,t,f,999,FRAME
cmiw5uz6a017titntrpmxs1m2,"",Guess?,,GU2674,Shiny Black,001,53,19,140,664689956869,,,77,231,1,,,t,2025-12-07 20:14:13.138,2025-12-07 20:14:13.138,t,f,999,FRAME
cmiw5uzmg017vitntt272zpc3,"",Guess?,,GU2811,havana/other,056,54,17,140,889214214102,,,65,195,0,,,t,2025-12-07 20:14:13.72,2025-12-07 20:14:13.72,t,f,999,FRAME
cmiw5uzuj017witntfeydd2uf,"",Guess?,,GU2905,violet/other,083,55,15,140,889214340160,,,70,210,0,,,t,2025-12-07 20:14:14.011,2025-12-07 20:14:14.011,t,f,999,FRAME
cmiw5v013017xitntkevprd9h,"",Guess?,,GU2908,blue/other,092,51,17,140,889214340481,,,75,225,0,,,t,2025-12-07 20:14:14.247,2025-12-07 20:14:14.247,t,f,999,FRAME
cmiw5v097017yitntdlvie3s6,"",Guess?,,GU2937,violet/other,083,52,15,140,889214391049,,,63,189,1,,,t,2025-12-07 20:14:14.539,2025-12-07 20:14:14.539,t,f,999,FRAME
cmiw5v0nl0180itnt4dey2csr,"",Guess?,,GU2948,pink /other,074,50,14,140,889214424020,,,65,195,1,,,t,2025-12-07 20:14:15.058,2025-12-07 20:14:15.058,t,f,999,FRAME
cmiw5v1260182itnt90w4opxo,"",Guess?,,GU2949,shiny black,001,53,15,140,889214424143,,,65,195,0,,,t,2025-12-07 20:14:15.582,2025-12-07 20:14:15.582,t,f,999,FRAME
cmiw5v18u0183itntk4ux7cq2,"",Guess?,,GU2960,shiny black,001,54,16,145,889214424747,,,87,261,1,,,t,2025-12-07 20:14:15.822,2025-12-07 20:14:15.822,t,f,999,FRAME
cmiw5v1nf0185itntl7d6vsgy,"",Guess?,,GU50042,matte black,002,56,17,145,889214270474,,,65,195,2,,,t,2025-12-07 20:14:16.347,2025-12-07 20:14:16.347,t,f,999,FRAME
cmiw5v21o0187itntl0310bys,"",Guess,,GU50049,5501,55010,55,,,889214309457,,,80,240,1,,,t,2025-12-07 20:14:16.86,2025-12-07 20:14:16.86,t,f,999,FRAME
cmiw5v2jb0189itnte0up2lu4,"",Guess?,,GU50063,black/other,005,56,18,145,889214341686,,,70,216,0,,,t,2025-12-07 20:14:17.495,2025-12-07 20:14:17.495,t,f,999,FRAME
cmiw5v2pq018aitnt8od9owa9,"",Guess?,,GU50068,shiny black,001,54,15,145,889214391940,,,65,195,0,,,t,2025-12-07 20:14:17.726,2025-12-07 20:14:17.726,t,f,999,FRAME
cmiw5v2xw018bitnthj9ccqe2,"",Guess?,,GU50068,blue/other,092,54,15,145,889214391988,,,65,195,1,,,t,2025-12-07 20:14:18.02,2025-12-07 20:14:18.02,t,f,999,FRAME
cmiw5v3cg018ditntm51ahprp,"",Guess?,,GU50070,matte black,002,54,16,145,889214392046,,,64,192,0,,,t,2025-12-07 20:14:18.544,2025-12-07 20:14:18.544,t,f,999,FRAME
cmiw5v3j7018eitntnqf0yzbq,"",Guess?,,GU50082,matte black,002,56,17,145,889214424969,,,65,195,2,,,t,2025-12-07 20:14:18.787,2025-12-07 20:14:18.787,t,f,999,FRAME
cmiw5v40d018hitntftub8qv8,"",Guess?,,GU50084,black/other,005,54,17,,889214425126,,,70,210,1,,,t,2025-12-07 20:14:19.405,2025-12-07 20:14:19.405,t,f,999,FRAME
cmiw5v4g9018jitntjth1wujs,"",Guess?,,GU5220,shiny red,066,53,15,140,889214371027,,,75,225,1,,,t,2025-12-07 20:14:19.977,2025-12-07 20:14:19.977,t,f,999,FRAME
cmiw5v4vr018litnt383958ij,"",Harley Davidson,,HD0496/V,020,020,57,17,145,,,,70,240,1,,,t,2025-12-07 20:14:20.536,2025-12-07 20:14:20.536,t,f,999,FRAME
cmiw5v5d9018nitnt66epsxg4,"",Ray-Ban Rx,,RX5412,TRASPARENT BLU,8220,52,18,145,8056597763851,,,74.29,223,2,,,t,2025-12-07 20:14:21.165,2025-12-07 20:14:21.165,t,f,999,FRAME
cmiw5v5rs018pitnta4hn9zm8,"",Ray-Ban Rx,,RX5412,TRASPARENT GRAY,8221,52,18,145,8056597763844,,,74.29,223,2,,,t,2025-12-07 20:14:21.689,2025-12-07 20:14:21.689,t,f,999,FRAME
cmiw5v66e018ritnthxh2eo67,"",Ray-Ban Rx,,RX5413,BLACK,2000,54,17,145,8056597743730,,,83,249,1,,,t,2025-12-07 20:14:22.214,2025-12-07 20:14:22.214,t,f,999,FRAME
cmiw5v6mh018titntl3nbowk6,"",Ray-Ban Rx,,RX5414,HAVANA,2012,54,19,145,8056597743785,,,78.12,234,0,,,t,2025-12-07 20:14:22.793,2025-12-07 20:14:22.793,t,f,999,FRAME
cmiw5v6t1018uitntlvdehryt,"",Ray-Ban Rx,,RX5414,TRASPARENT BLUE,8222,54,19,145,8056597743808,,,78.12,234,1,,,t,2025-12-07 20:14:23.03,2025-12-07 20:14:23.03,t,f,999,FRAME
cmiw5v78t018witntrmmlen81,"",Ray-Ban Rx,,RX6375,SILVER ON TOP BLACK,2861,51,18,145,8053672875492,,,74.7,224,0,,,t,2025-12-07 20:14:23.597,2025-12-07 20:14:23.597,t,f,999,FRAME
cmiw5v7hd018xitnt6w4xnybx,"",Ray-Ban Rx,,RX6493,BLACK ON SILVER,2861,53,18,140,8056597743815,,,83,249,1,,,t,2025-12-07 20:14:23.905,2025-12-07 20:14:23.905,t,f,999,FRAME
cmiw5m5bw0030itnt953ypi4t,"",Jones New York,,VJOP245,Teal,,49,16,135,751286347265,1159,,61.95,186,1,,,t,2025-12-07 20:07:21.213,2025-12-07 20:07:21.213,t,f,999,FRAME
cmiw5m5rx0032itntrb0kd9oa,"",Jones New York,,J243,Nude,,49,16,135,751286342765,1161,,59.95,210,0,,,t,2025-12-07 20:07:21.79,2025-12-07 20:07:21.79,t,f,999,FRAME
cmiw5m5yl0033itnthj68zgxl,"",Jones New York,,VJON499,Black,,53,17,140,751286349887,1162,,61.95,215,0,,,t,2025-12-07 20:07:22.029,2025-12-07 20:07:22.029,t,f,999,FRAME
cmiw5m67q0034itntt7unyimq,"",Jones New York,,J239,Black,,49,15,135,751286324358,1163,,61.95,220,0,,,t,2025-12-07 20:07:22.358,2025-12-07 20:07:22.358,t,f,999,FRAME
cmiw5m6ej0035itntlcquxwv1,"",Jones New York,,J490,Brown,,55,16,140,751286324419,1164,,61.95,220,0,,,t,2025-12-07 20:07:22.604,2025-12-07 20:07:22.604,t,f,999,FRAME
cmiw5m6nx0036itntp5d5y3jn,"",Jones New York,,J491,Black,,58,17,140,751286331080,1165,,56.95,205,0,,,t,2025-12-07 20:07:22.941,2025-12-07 20:07:22.941,t,f,999,FRAME
cmiw5m6ul0037itntpie0lnnt,"",Jones New York,,J773,Purple,,56,19,145,751286330946,1166,,64.95,195,0,,,t,2025-12-07 20:07:23.181,2025-12-07 20:07:23.181,t,f,999,FRAME
cmiw5m73n0038itntjpmlj3xc,"",Jones New York,,VJON784,Green,,50,18,140,751286349993,1167,,61.95,220,0,,,t,2025-12-07 20:07:23.508,2025-12-07 20:07:23.508,t,f,999,FRAME
cmiw5m7cr0039itntrj4ogrxo,"",Jones New York,,J225,Black,,49,16,135,751286280944,1169,,59.95,210,0,,,t,2025-12-07 20:07:23.835,2025-12-07 20:07:23.835,t,f,999,FRAME
cmiw5m7jd003aitnt5wyrxhwu,"",Jones New York,,J242,Black,,48,16,135,751286336528,1170,,61.95,200,0,,,t,2025-12-07 20:07:24.073,2025-12-07 20:07:24.073,t,f,999,FRAME
cmiw5m7sq003bitntz8xifkgw,"",Jones New York Petite,,VJOP153,BLACK,,48,18,135,,1171,,65,230,0,,,t,2025-12-07 20:07:24.41,2025-12-07 20:07:24.41,t,f,999,FRAME
cmiw5m80h003citntqxhpcj7q,"",Jones New York,,VJON496,Black,,51,17,135,751286347159,1172,,61.95,220,0,,,t,2025-12-07 20:07:24.689,2025-12-07 20:07:24.689,t,f,999,FRAME
cmiw5m89u003ditntz7kv7cx8,"",Versace,,VE3271,TRANSPARENT RED,388,52,16,140,8056597412834,1173,,102.78,340,0,,,t,2025-12-07 20:07:25.026,2025-12-07 20:07:25.026,t,f,999,FRAME
cmiw5m8gm003eitntqumpx1eu,"",Ray-Ban Rx,,RX8768,BROWN ON ARISTA,1194,50,18,140,8056597451659,1174,,88.59,566,0,,,t,2025-12-07 20:07:25.271,2025-12-07 20:07:25.271,t,f,999,FRAME
cmiw5m8pt003fitnt1o36kbxa,"",CH Carolina Herrera,,VHE183K,Gold Black 0301,,53,18,140,190605303801,1175,,104,345,0,,,t,2025-12-07 20:07:25.601,2025-12-07 20:07:25.601,t,f,999,FRAME
cmiw5m8z0003gitnt8xkcfcr9,"",Tiffany,,TF1072 ?,BLACK,6007,51,15,135,713132450567,1176,,85,285,0,,,t,2025-12-07 20:07:25.932,2025-12-07 20:07:25.932,t,f,999,FRAME
cmiw5m95m003hitntcbu0rv9f,"",Guess?,,GU1981,matte dark nickeltin,007,55,19,145,889214121455,1179,,65,225,0,,,t,2025-12-07 20:07:26.17,2025-12-07 20:07:26.17,t,f,999,FRAME
cmiw5m9es003iitntmjftxp3e,"",Guess?,,GU1906,Shiny Blue,090,55,18,145,664689996377,1180,,79,237,0,,,t,2025-12-07 20:07:26.5,2025-12-07 20:07:26.5,t,f,999,FRAME
cmiw5m9ll003jitntvq2pf1l2,"",Guess?,,GU1954,Dark Havana,052,53,17,145,664689954339,1183,,65,225,0,,,t,2025-12-07 20:07:26.745,2025-12-07 20:07:26.745,t,f,999,FRAME
cmiw5m9ux003kitntjyjemicr,"",Guess?,,GU1948,Shiny Black,001,56,17,145,664689920082,1184,,65,130,0,,,t,2025-12-07 20:07:27.081,2025-12-07 20:07:27.081,t,f,999,FRAME
cmiw5ma1o003litntq1negluk,"",Guess?,,GU1994,matte black,002,54,19,145,889214145901,1185,,65,210,1,,,t,2025-12-07 20:07:27.324,2025-12-07 20:07:27.324,t,f,999,FRAME
cmiw5mahu003nitntojewxsak,"",Guess?,,GU1993,grey/other,020,54,17,145,889214144959,1187,,74,222,0,,,t,2025-12-07 20:07:27.906,2025-12-07 20:07:27.906,t,f,999,FRAME
cmiw5mb6w003qitntg9pltaxt,"",Guess?,,GU2855-S,blue/other,092,54,15,140,889214255945,1190,,87,261,3,,,t,2025-12-07 20:07:28.808,2025-12-07 20:07:28.808,t,f,999,FRAME
cmiw5mcbo003vitnte4t7kyxd,"",Guess?,,GU2796,shiny black,001,52,17,140,889214157379,1193,,60,210,0,,,t,2025-12-07 20:07:30.276,2025-12-07 20:07:30.276,t,f,999,FRAME
cmiw5mcin003witnt3zkgtric,"",Guess?,,GM0340,Dark Havana,052,53,16,140,889214056214,1194,,75,220,0,,,t,2025-12-07 20:07:30.527,2025-12-07 20:07:30.527,t,f,999,FRAME
cmiw5mdgm0041itnteb5b030c,"",Guess?,,GM0255,MATTE ROSE GOLD,029,53,16,135,664689700608,1197,,81,243,1,,,t,2025-12-07 20:07:31.75,2025-12-07 20:07:31.75,t,f,999,FRAME
cmiw5mdwa0043itntunth72ma,"",Guess?,,GM0255,BLACK/OTHER,005,53,16,135,664689700592,1198,,81,243,0,,,t,2025-12-07 20:07:32.314,2025-12-07 20:07:32.314,t,f,999,FRAME
cmiw5me300044itntv7t578no,"",Guess?,,GU2406,BLACK/CLEAR,BLK,52,17,135,715583961142,1199,,72,250,0,,,t,2025-12-07 20:07:32.557,2025-12-07 20:07:32.557,t,f,999,FRAME
cmiw5mecg0045itntmfrirbcs,"",Guess?,,GM0371,shiny black,001,53,16,140,889214284723,1200,,87,293,0,,,t,2025-12-07 20:07:32.897,2025-12-07 20:07:32.897,t,f,999,FRAME
cmiw5mejh0046itntyopziosd,"",Guess,,GU2721,TOROTOISE,052,52,16,140,,1202,,65,225,0,,,t,2025-12-07 20:07:33.149,2025-12-07 20:07:33.149,t,f,999,FRAME
cmiw5meto0047itnteb2k8df7,"",Guess,,GU2632,BLUE,092,52,17,135,,1203,,0,0,0,,,t,2025-12-07 20:07:33.469,2025-12-07 20:07:33.469,t,f,999,FRAME
cmiw5mf2w0048itntna0zbl0g,"",Guess,,GM0352/V,TOR/PINK,052,54,15,140,,1205,,0,0,0,,,t,2025-12-07 20:07:33.848,2025-12-07 20:07:33.848,t,f,999,FRAME
cmiw5mf9r0049itnt3ovc7jem,"",Vision Source,,PL-404,Purple,,47,16,130,193033266199,1206,,39.99,150,0,,,t,2025-12-07 20:07:34.096,2025-12-07 20:07:34.096,t,f,999,FRAME
cmiw5mfio004aitntsijv7hhg,"",Versace,,VE3291,BLACK,GB1,51,18,140,8056597219761,1207,,92.82,310,0,,,t,2025-12-07 20:07:34.416,2025-12-07 20:07:34.416,t,f,999,FRAME
cmiw5mfpf004bitnt03pxkub2,"",Versace,,VE3288,HAVANA,108,54,16,140,8056597219365,1209,,112.72,370,0,,,t,2025-12-07 20:07:34.659,2025-12-07 20:07:34.659,t,f,999,FRAME
cmiw5mfys004citntsgdb0c3n,"",Versace,,VE1175B,GOLD/SPOTTED BROWN/BLACK/CRYSTAL,1002,53,17,135,725125708333,1210,,102.78,340,0,,,t,2025-12-07 20:07:34.996,2025-12-07 20:07:34.996,t,f,999,FRAME
cmiw5mg5m004ditnt4q98epld,"",Versace,,VE3292,BLACK,GB1,54,18,140,8056597343848,1213,,112.72,370,0,,,t,2025-12-07 20:07:35.242,2025-12-07 20:07:35.242,t,f,999,FRAME
cmiw5mgel004eitnt2a8a094i,"",Versace,,VE3271,DARK HAVANA,108,54,16,140,8056597049047,1216,,102.78,340,0,,,t,2025-12-07 20:07:35.566,2025-12-07 20:07:35.566,t,f,999,FRAME
cmiw5mgnp004fitntdt2nz40r,"",Versace,,VE3253,BLACK,GB1,55,17,145,8053672799637,1217,,92.82,310,0,,,t,2025-12-07 20:07:35.894,2025-12-07 20:07:35.894,t,f,999,FRAME
cmiw5mgut004gitnta1dwdpvm,"",Versace,,VE1247,BLACK/PALE GOLD,1252,52,17,140,8053672754483,1218,,80,270,0,,,t,2025-12-07 20:07:36.15,2025-12-07 20:07:36.15,t,f,999,FRAME
cmiw5mh3k004hitnt1brgv30l,"",Versace,,VE3299B,TRANSPARENT PINK,5322,55,17,140,8056597385305,1219,,102.78,340,0,,,t,2025-12-07 20:07:36.465,2025-12-07 20:07:36.465,t,f,999,FRAME
cmiw5mhad004iitntomzfmly6,"",Versace,,VE1271,BLACK/GOLD,1433,54,18,140,8056597352765,1221,,92.82,310,0,,,t,2025-12-07 20:07:36.709,2025-12-07 20:07:36.709,t,f,999,FRAME
cmiw5mhji004jitntgx1nhj6i,"",Versace,,VE1233Q,Black/Pale Gold,1366,53,17,140,8053672468779,1222,,102.78,340,0,,,t,2025-12-07 20:07:37.039,2025-12-07 20:07:37.039,t,f,999,FRAME
cmiw5mhq6004kitntfha0rkly,"",Versace,,VE1163B,Plum,1333,52,16,130,8053672037685,,,88,294,0,,,t,2025-12-07 20:07:37.278,2025-12-07 20:07:37.278,t,f,999,FRAME
cmiw5mhy3004litntjlj910dg,"",Versace,,VE1184,BRUSHED BROWN,1269,53,18,140,725125715027,1237,,89.84,270,1,,,t,2025-12-07 20:07:37.564,2025-12-07 20:07:37.564,t,f,999,FRAME
cmiw5mie1004nitntr6eu7sds,"",Versace,,VE3285,BLACK,GB1,55,19,145,8056597159906,1238,,102.78,338,0,,,t,2025-12-07 20:07:38.137,2025-12-07 20:07:38.137,t,f,999,FRAME
cmiw5miku004oitnt62jazmes,"",Polo,,PH1147,Matte Black,9038,54,16,145,8053672239300,1239,,89.12,267,1,,,t,2025-12-07 20:07:38.383,2025-12-07 20:07:38.383,t,f,999,FRAME
cmiw5mj32004qitntpx1dfmb5,"",Polo,,PH2211,BLACK/RED/BLACK,5668,55,18,145,8056597050364,1240,,70.11,240,0,,,t,2025-12-07 20:07:39.039,2025-12-07 20:07:39.039,t,f,999,FRAME
cmiw5mj9q004ritntdmapvm1z,"",Polo,,PH2202,BLUE,5729,55,18,145,8053672117073,1241,,75.09,255,0,,,t,2025-12-07 20:07:39.278,2025-12-07 20:07:39.278,t,f,999,FRAME
cmiw5mjiu004sitntrvcs9053,"",Polo,,PH2227,SHINY STRIPED HAVANA,5007,49,21,140,8056597342117,1243,,80.08,270,0,,,t,2025-12-07 20:07:39.607,2025-12-07 20:07:39.607,t,f,999,FRAME
cmiw5mjpi004titntpjwfw9t2,"",Polo,,PH2197,MATTE TRASPARENT BLUE,5735,54,18,145,8053672948608,1244,,70.11,240,0,,,t,2025-12-07 20:07:39.847,2025-12-07 20:07:39.847,t,f,999,FRAME
cmiw5mjyp004uitntqtiad46n,"",Polo,,PH1195,MATTE NAVY BLUE,9303,55,17,145,8056597162463,1245,,70.11,240,0,,,t,2025-12-07 20:07:40.178,2025-12-07 20:07:40.178,t,f,999,FRAME
cmiw5mk5a004vitnti09mkqud,"",Polo,,PH2234,SHINY JERRY HAVANA,5017,54,17,145,8056597420693,1246,,70.11,240,0,,,t,2025-12-07 20:07:40.415,2025-12-07 20:07:40.415,t,f,999,FRAME
cmiw5mkdh004witntfrsmthwe,"",Polo,,PH2083,HAVANA STRIPED,,48,,,713132376980,1247,,72.6,248,1,,,t,2025-12-07 20:07:40.71,2025-12-07 20:07:40.71,t,f,999,FRAME
cmiw5mkti004yitnt1ijapagj,"",Polo,,PH2117,Crystal Grey,5407,54,16,145,8053672240047,1249,,70.11,240,0,,,t,2025-12-07 20:07:41.287,2025-12-07 20:07:41.287,t,f,999,FRAME
cmiw5ml06004zitntf1465d96,"",Polo,,PH2155,SHINY SEMI TRASP GREY,5413,54,18,145,8053672556971,1250,,78.84,267,1,,,t,2025-12-07 20:07:41.527,2025-12-07 20:07:41.527,t,f,999,FRAME
cmiw5mlfv0051itnt4fadrqix,"",Versace,,VE1184,MATTE BLACK,1261,53,18,140,725125715010,1251,,89.84,270,1,,,t,2025-12-07 20:07:42.092,2025-12-07 20:07:42.092,t,f,999,FRAME
cmiw5mlyf0053itntfqoiquyo,"",Emporio Armani,,EA3165,MATTE BLACK,5042,53,19,145,8056597177290,1252,,69.04,240,0,,,t,2025-12-07 20:07:42.759,2025-12-07 20:07:42.759,t,f,999,FRAME
cmiw5mm540054itntpovf8b7o,"",Emporio Armani,,EA1098,MATTE BLACK,3014,54,17,142,8056597110976,1253,,64.47,225,0,,,t,2025-12-07 20:07:43,2025-12-07 20:07:43,t,f,999,FRAME
cmiw5mmea0055itnted51xgdm,"",Emporio Armani,,EA3170,BLUE RUBBER,5474,55,18,145,8056597211147,1255,,69.04,240,0,,,t,2025-12-07 20:07:43.331,2025-12-07 20:07:43.331,t,f,999,FRAME
cmiw5mml00056itntn6m80top,"",Emporio Armani,,EA3038,Black Rubber,5063,56,16,140,8053672286014,1256,,64.47,225,0,,,t,2025-12-07 20:07:43.572,2025-12-07 20:07:43.572,t,f,999,FRAME
cmiw5mmun0057itntd6sw96bo,"",Emporio Armani,,EA1113,MATTE BLACK,3085,56,19,145,8056597331234,1257,,64.47,223,0,,,t,2025-12-07 20:07:43.919,2025-12-07 20:07:43.919,t,f,999,FRAME
cmiw5mn1b0058itntur2yf54u,"",Polo,,PH2218,MATTE NAVY BLUE,5528,54,17,145,8056597162524,1259,,60.14,180,0,,,t,2025-12-07 20:07:44.159,2025-12-07 20:07:44.159,t,f,999,FRAME
cmiw5mna40059itnth9yiuqsk,"",Polo,,PH1179,SEMISHINY DARK GUNMETAL,9157,51,20,145,8053672797787,1260,,92.46,307,0,,,t,2025-12-07 20:07:44.476,2025-12-07 20:07:44.476,t,f,999,FRAME
cmiw5mngp005aitnt3ztnponv,"",Emporio Armani,,EA3069,MATTE BLACK,5001,53,17,140,8056597112390,1262,,56.5,200,0,,,t,2025-12-07 20:07:44.714,2025-12-07 20:07:44.714,t,f,999,FRAME
cmiw5mnq6005bitnter2kv5wd,"",Emporio Armani,,EA3147,MATTE BLACK,5042,55,18,142,8056597008310,1263,,64.47,225,0,,,t,2025-12-07 20:07:45.055,2025-12-07 20:07:45.055,t,f,999,FRAME
cmiw5mnz6005citnthsxm0d0b,"",Emporio Armani,,EA3034,Black/Rubber Grey,5229,55,16,145,8053672229936,1265,,64.47,223,0,,,t,2025-12-07 20:07:45.379,2025-12-07 20:07:45.379,t,f,999,FRAME
cmiw5mo5y005ditntdc4vz973,"",Emporio Armani,,EA3120,Black/Tr Striped Grey,5566,55,18,145,8053672714524,1266,,59.87,240,0,,,t,2025-12-07 20:07:45.623,2025-12-07 20:07:45.623,t,f,999,FRAME
cmiw5mof7005eitnt9pnhphyx,"",Emporio Armani,,EA1079,BLACK RUBBER,3094,55,18,140,8053672886092,1267,,69.04,240,0,,,t,2025-12-07 20:07:45.955,2025-12-07 20:07:45.955,t,f,999,FRAME
cmiw5mom8005fitntt6vbbp90,"",Emporio Armani,,EA3135F,BLUE RUBBER,5692,55,18,140,8053672887716,1268,,69.04,237,0,,,t,2025-12-07 20:07:46.209,2025-12-07 20:07:46.209,t,f,999,FRAME
cmiw5mov0005gitnttwhudu02,"",Emporio Armani,,EA1098,MATTE BLUE,3003,54,17,142,8056597110990,1269,,64.47,225,0,,,t,2025-12-07 20:07:46.524,2025-12-07 20:07:46.524,t,f,999,FRAME
cmiw5mp1k005hitntb2bvnio9,"",Emporio Armani,,EA1105,MATTE BLACK,3014,56,17,145,8056597177528,1270,,64.47,225,0,,,t,2025-12-07 20:07:46.761,2025-12-07 20:07:46.761,t,f,999,FRAME
cmiw5mpr2005iitntp9ht2eh3,"",Emporio Armani,,EA1052,Blue Rubber/Matte Gunmet,3155,55,17,140,8053672576795,1271,,64.47,225,0,,,t,2025-12-07 20:07:47.678,2025-12-07 20:07:47.678,t,f,999,FRAME
cmiw5mq21005jitnt1kxw50bl,"",Vision Source,,PL-134,Tortoise,,52,19,145,193033420713,1273,,26.67,110,0,,,t,2025-12-07 20:07:48.074,2025-12-07 20:07:48.074,t,f,999,FRAME
cmiw5mq9h005kitnts68b7f5f,"",Emporio Armani,,EA1041,Black Rubber,3094,53,17,140,8053672468106,1274,,69.04,240,0,,,t,2025-12-07 20:07:48.342,2025-12-07 20:07:48.342,t,f,999,FRAME
cmiw5mqjz005litnt52xkz2c7,"",Versace,,VE1251,BLACK/PALE GOLD,1366,53,16,140,8053672851229,1276,,112.72,370,0,,,t,2025-12-07 20:07:48.672,2025-12-07 20:07:48.672,t,f,999,FRAME
cmiw5mqt7005mitntioiwg967,"",Versace,,VE3280B,BLACK,GB1,53,17,140,8056597118323,1278,,90,300,0,,,t,2025-12-07 20:07:49.051,2025-12-07 20:07:49.051,t,f,999,FRAME
cmiw5mqzy005nitntwufjblmf,"",Versace,,VE3266A,BLACK,GB1,55,17,145,8053672969924,1279,,99.98,340,0,,,t,2025-12-07 20:07:49.295,2025-12-07 20:07:49.295,t,f,999,FRAME
cmiw5mr96005oitntvyvmvas0,"",Tory Burch,,TY2079,BLUE FLAKE TORT,1683,51,16,135,725125981477,1281,,91.48,274,3,,,t,2025-12-07 20:07:49.627,2025-12-07 20:07:49.627,t,f,999,FRAME
cmiw5mrox005ritnt1518r903,"",Tory Burch,,TY2107,DK TORTOISE,1800,52,15,140,725125125970,1282,,86.28,259,0,,,t,2025-12-07 20:07:50.194,2025-12-07 20:07:50.194,t,f,999,FRAME
cmiw5mrvi005sitnt88pw5ecf,"",Tory Burch,,TY4008U,BLACK,1791,52,16,140,725125367042,1283,,77.51,233,0,,,t,2025-12-07 20:07:50.431,2025-12-07 20:07:50.431,t,f,999,FRAME
cmiw5ms3h005titntbn108cpe,"",Tory Burch,,TY2084,DARK TORT,1728,54,17,140,725125996204,1284,,84.44,253,0,,,t,2025-12-07 20:07:50.718,2025-12-07 20:07:50.718,t,f,999,FRAME
cmiw5msa2005uitnta7cngd40,"",Tory Burch,,TY1061,SHINY ROSE GOLD METAL,3273,53,16,140,725125012843,1286,,71.58,215,0,,,t,2025-12-07 20:07:50.954,2025-12-07 20:07:50.954,t,f,999,FRAME
cmiw5msj8005vitnt5o97xp53,"",Tory Burch,,TY2106,BLACK,1798,52,16,140,725125125864,1287,,77.51,233,0,,,t,2025-12-07 20:07:51.284,2025-12-07 20:07:51.284,t,f,999,FRAME
cmiw5mspy005witntdkt31c77,"",Tory Burch,,TY2098,BLUE AMBER TORT,1757,50,18,140,725125066709,1288,,82.07,246,0,,,t,2025-12-07 20:07:51.526,2025-12-07 20:07:51.526,t,f,999,FRAME
cmiw5msy1005xitntpqoihbck,"",Tory Burch,,TY2107,BLACK,1798,52,15,140,725125125956,1289,,86.28,259,0,,,t,2025-12-07 20:07:51.817,2025-12-07 20:07:51.817,t,f,999,FRAME
cmiw5mt76005yitntldllebop,"",Tory Burch,,TY4007U,DK TORT,1831,49,16,140,725125203951,1290,,81.48,244,0,,,t,2025-12-07 20:07:52.147,2025-12-07 20:07:52.147,t,f,999,FRAME
cmiw5mtdz005zitntrdofu6gu,"",Tory Burch,,TY2031 ?,BLUE BROWN TORT/BLUE LAR,3153,51,17,135,725125947640,1292,,82.07,246,0,,,t,2025-12-07 20:07:52.391,2025-12-07 20:07:52.391,t,f,999,FRAME
cmiw5mtn00060itntollbb5wy,"",Tory Burch,,TY1067,DARK TORTOISE PAPER TRAN,3279,52,17,140,725125300988,1293,,81.48,244,0,,,t,2025-12-07 20:07:52.716,2025-12-07 20:07:52.716,t,f,999,FRAME
cmiw5mttn0061itnt2dxhhup3,"",Tory Burch,,TY2084,BLUSH TORT,1726,52,17,140,725125996235,1295,,84.44,253,1,,,t,2025-12-07 20:07:52.956,2025-12-07 20:07:52.956,t,f,999,FRAME
cmiw5mu9v0063itnt00k25bw6,"",Tory Burch,,TY1057,SATIN BRONZE,3141,51,18,140,725125996372,1299,,71.58,215,0,,,t,2025-12-07 20:07:53.54,2025-12-07 20:07:53.54,t,f,999,FRAME
cmiw5muj00064itnthhuzrvdu,"",Tory Burch,,TY1064,SHINY NAVY METAL,3281,52,15,140,725125125697,1300,,77.51,233,0,,,t,2025-12-07 20:07:53.868,2025-12-07 20:07:53.868,t,f,999,FRAME
cmiw5mupj0065itnt50keemfi,"",Tory Burch,,TY2067,Dark Tortoise,1378,52,17,135,725125966368,1301,,75.75,227,0,,,t,2025-12-07 20:07:54.104,2025-12-07 20:07:54.104,t,f,999,FRAME
cmiw5muyn0066itnt50784tmj,"",Tory Burch,,TY2101,DK TORTOISE,1728,53,15,140,725125031233,1302,,81.48,244,0,,,t,2025-12-07 20:07:54.432,2025-12-07 20:07:54.432,t,f,999,FRAME
cmiw5mv560067itntehig4iwd,"",Tory Burch,,TY2104U,BLACK,1709,52,17,140,725125079747,1303,,71.58,215,0,,,t,2025-12-07 20:07:54.666,2025-12-07 20:07:54.666,t,f,999,FRAME
cmiw5mvdg0068itnt5wdaz2du,"",Tory Burch,,TY4007U,NAVY,1832,49,16,140,725125204521,1304,,81.48,244,0,,,t,2025-12-07 20:07:54.964,2025-12-07 20:07:54.964,t,f,999,FRAME
cmiw5mvmk0069itntuqiw4xkg,"",Tory Burch,,TY2049A,Tortoise Milky Fountain,1359,53,17,135,725125927949,1305,,75,225,0,,,t,2025-12-07 20:07:55.292,2025-12-07 20:07:55.292,t,f,999,FRAME
cmiw5mvt9006aitnt00gnkai9,"",Tory Burch,,TY2071,Porchini Tort,1623,53,16,135,725125969178,725125969178,,82.07,246,4,,,t,2025-12-07 20:07:55.533,2025-12-07 20:07:55.533,t,f,999,FRAME
cmiw5mw9a006ditntfex78r8h,"",Tory Burch,,TY2064,CRYSTAL TORTOISE/BOTTLE,1561,52,16,135,725125957939,1310,,95.93,288,1,,,t,2025-12-07 20:07:56.11,2025-12-07 20:07:56.11,t,f,999,FRAME
cmiw5mwp4006fitnt2xbsvcvf,"",Lancer/Timex,,8:17 am,GRY,,53,18,145,,1346,,48,130,0,,,t,2025-12-07 20:07:56.68,2025-12-07 20:07:56.68,t,f,999,FRAME
cmiw5mwy8006gitnt3ej9q0ys,"",Michael Kors,,MK4082 ORLANDO,PINK TORTOISE,3099,54,17,140,725125366243,1351,,64.84,195,1,,,t,2025-12-07 20:07:57.008,2025-12-07 20:07:57.008,t,f,999,FRAME
cmiw5mxe4006iitnt07qm3rjg,"",Michael Kors,,MK3035 MEMPHIS,ROSE GOLD,1108,54,16,140,725125068758,1356,,71.81,245,1,,,t,2025-12-07 20:07:57.581,2025-12-07 20:07:57.581,t,f,999,FRAME
cmiw5mxst006kitnt1a78jdyy,"",Michael Kors,,MK3012 ADRIANNA IV,MATTE CORDOVAN/ROSE GOLD,1108,51,17,135,725125008396,1357,,64.84,195,0,,,t,2025-12-07 20:07:58.109,2025-12-07 20:07:58.109,t,f,999,FRAME
cmiw5mxzb006litntfr2jysi7,"",Michael Kors,,MK3043,ROSE GOLD/TAUPE,1118,54,17,140,725125169189,1358,,57.91,205,0,,,t,2025-12-07 20:07:58.344,2025-12-07 20:07:58.344,t,f,999,FRAME
cmiw5my8l006mitntmeo55ldw,"",Michael Kors,,MK3012 ADRIANNA IV,Black/Rose Gold,1113,51,17,135,725125961486,1359,,64.84,195,0,,,t,2025-12-07 20:07:58.677,2025-12-07 20:07:58.677,t,f,999,FRAME
cmiw5myhp006nitntm316sb6g,"",Michael Kors,,MK4076U ROME,DARK TORT,3006,54,17,140,725125179737,1362,,75.52,227,1,,,t,2025-12-07 20:07:59.006,2025-12-07 20:07:59.006,t,f,999,FRAME
cmiw5myxv006pitnthj4vdapp,"",Michael Kors,,MK3051,LIGHT GOLD,1014,53,16,140,725125366106,1363,,67.53,233,0,,,t,2025-12-07 20:07:59.588,2025-12-07 20:07:59.588,t,f,999,FRAME
cmiw5mz53006qitntd3ub4xff,"",Michael Kors,,MK4067U SANTA CLARA,BLACK,3005,53,16,140,725125032223,1367,,56.22,169,1,,,t,2025-12-07 20:07:59.847,2025-12-07 20:07:59.847,t,f,999,FRAME
cmiw5mzkx006sitnt15vid3ez,"",Michael Kors,,MK3035 MEMPHIS,LIGHT GOLD,1014,54,16,140,725125068772,1370,,71.81,245,0,,,t,2025-12-07 20:08:00.417,2025-12-07 20:08:00.417,t,f,999,FRAME
cmiw5mztm006titntnqyjbb7a,"",Michael Kors,,MK4034,Pink Tortoise,3205,52,18,135,725125971263,1372,,71.66,245,0,,,t,2025-12-07 20:08:00.73,2025-12-07 20:08:00.73,t,f,999,FRAME
cmiw5n02r006uitntj8ws6fkg,"",Michael Kors,,MK3030 BUENA VISTA,SHINY ROSE GOLD,1108,54,17,140,725125010078,1374,,59.63,179,2,,,t,2025-12-07 20:08:01.059,2025-12-07 20:08:01.059,t,f,999,FRAME
cmiw5n0im006xitntz44l2wtm,"",Michael Kors,,MK3048,LIGHT GOLD,1014,54,17,140,725125363273,1378,,57.91,200,0,,,t,2025-12-07 20:08:01.631,2025-12-07 20:08:01.631,t,f,999,FRAME
cmiw5n0pe006yitntf4tg1iej,"",COACH,,HC6142,BURGUNDY GLITTER GRADIEN,5551,51,17,140,725125030106,1383,,70,175,0,,,t,2025-12-07 20:08:01.875,2025-12-07 20:08:01.875,t,f,999,FRAME
cmiw5n0x7006zitnt43rz1jfe,"",COACH,,HC6174,DARK TORTOISE,5120,52,17,140,725125367707,1386,,69.18,238,0,,,t,2025-12-07 20:08:02.155,2025-12-07 20:08:02.155,t,f,999,FRAME
cmiw5n13z0070itnt1ufib4o8,"",COACH,,HC6142,BLACK,5002,51,17,140,725125030021,1387,,70,175,1,,,t,2025-12-07 20:08:02.4,2025-12-07 20:08:02.4,t,f,999,FRAME
cmiw5n1jr0072itnt10pvb8q0,"",COACH,,HC6129,BERRY LAMINATE,5532,52,16,140,725125005258,1395,,70,240,0,,,t,2025-12-07 20:08:02.967,2025-12-07 20:08:02.967,t,f,999,FRAME
cmiw5n1rp0073itntxtcj67im,"",COACH,,HC5103B,SHINY LIGHT GOLD,9005,54,17,140,725125013642,1400,,80.66,225,0,,,t,2025-12-07 20:08:03.254,2025-12-07 20:08:03.254,t,f,999,FRAME
cmiw5n1yc0074itnt8dkbbdh9,"",COACH,,HC6171U,SHIMMER BURGUNDY PINK GR,5551,55,17,140,725125367790,1404,,73.78,255,0,,,t,2025-12-07 20:08:03.492,2025-12-07 20:08:03.492,t,f,999,FRAME
cmiw5n2ae0075itntsrgv986d,"",COACH,,HC6172,GRADIENT TRANSPARENT VIO,5641,54,16,140,725125368421,1405,,73.78,255,0,,,t,2025-12-07 20:08:03.876,2025-12-07 20:08:03.876,t,f,999,FRAME
cmiw5n2jj0076itntqxfsh33w,"",COACH,,HC6054 ELISE,Dark Tortoise,5001,52,16,135,725125925747,1410,,80.66,161,1,,,t,2025-12-07 20:08:04.255,2025-12-07 20:08:04.255,t,f,999,FRAME
cmiw5n2za0078itnt1orztnyh,"",COACH,,HC6164U,PINK,5575,53,18,140,725125310635,1411,,66.5,200,0,,,t,2025-12-07 20:08:04.822,2025-12-07 20:08:04.822,t,f,999,FRAME
cmiw5n35x0079itntxhqh9ofa,"",COACH,,HC5111,SHINY LIGHT GOLD,9347,53,17,140,725125104104,1412,,73.78,255,1,,,t,2025-12-07 20:08:05.061,2025-12-07 20:08:05.061,t,f,999,FRAME
cmiw5n3kn007bitntpl12z38m,"",Ralph,,RA7089,BLUE TORTOISE,1692,53,17,140,8053672801354,1413,,61.36,215,0,,,t,2025-12-07 20:08:05.592,2025-12-07 20:08:05.592,t,f,999,FRAME
cmiw5n3ts007citntg5t45na7,"",Ralph,,RA7122,DARK HAVANA,5003,53,18,140,8056597223379,1415,,55.76,200,0,,,t,2025-12-07 20:08:05.921,2025-12-07 20:08:05.921,t,f,999,FRAME
cmiw5n40g007ditntio2m1v9h,"",Ralph,,RA7103,PINK TORTOISE,1693,52,17,140,8053672955545,1416,,61.36,184,1,,,t,2025-12-07 20:08:06.16,2025-12-07 20:08:06.16,t,f,999,FRAME
cmiw5n4fb007fitntbk15sgq4,"",Ralph,,RA6046,LIGHT PINK,9095,53,17,140,8056597101738,1417,,71.25,244,0,,,t,2025-12-07 20:08:06.696,2025-12-07 20:08:06.696,t,f,999,FRAME
cmiw5n4oe007gitntgwk0sc1x,"",Ralph,,RA7047,HAVANA/ACQUAMARINE,601,52,16,135,8053672077223,1419,,55.76,167,1,,,t,2025-12-07 20:08:07.022,2025-12-07 20:08:07.022,t,f,999,FRAME
cmiw5n546007iitntmo3rvbvj,"",Ralph,,RA6046,LIGHT GOLD/BLACK,9391,53,17,140,8056597101776,1420,,71.25,244,2,,,t,2025-12-07 20:08:07.591,2025-12-07 20:08:07.591,t,f,999,FRAME
cmiw5n5k5007kitntarys38g3,"",Ralph,,RA6048,SHINY ROSE GOLD,9373,55,16,140,8056597347129,1421,,55.76,200,0,,,t,2025-12-07 20:08:08.165,2025-12-07 20:08:08.165,t,f,999,FRAME
cmiw5n5s4007litntam9r8qqy,"",Ralph,,RA7044,BLACK/WHITE,1139,52,16,135,713132577295,1422,,65.42,226,1,,,t,2025-12-07 20:08:08.452,2025-12-07 20:08:08.452,t,f,999,FRAME
cmiw5n67x007nitntglf7cpb6,"",Ralph,,RA6047,BLACK BAR ON GOLD RIMS,9358,54,18,140,8056597223454,1426,,66.95,235,0,,,t,2025-12-07 20:08:09.021,2025-12-07 20:08:09.021,t,f,999,FRAME
cmiw5n6eh007oitnt9unh4clz,"",Ralph,,RA7125,OPALINE BURGUNDY,5912,53,17,140,8056597340649,1427,,55.76,200,0,,,t,2025-12-07 20:08:09.258,2025-12-07 20:08:09.258,t,f,999,FRAME
cmiw5n6nk007pitntlv17j0h2,"",Ralph,,RA7127,OPAL BLUE WITH BLUE DETA,5948,54,16,140,8056597421911,1428,,61.36,214,0,,,t,2025-12-07 20:08:09.585,2025-12-07 20:08:09.585,t,f,999,FRAME
cmiw5n6uc007qitntg09k4s5t,"",Ralph,,RA7020,HAVANA/AQUAMARINE,601,52,16,135,805289395461,1430,,55.76,200,0,,,t,2025-12-07 20:08:09.828,2025-12-07 20:08:09.828,t,f,999,FRAME
cmiw5n72l007ritntxxwyx0x9,"",Ralph,,RA7039,TRASPARENT RED,1081,53,16,135,713132449493,1431,,58.75,176,0,,,t,2025-12-07 20:08:10.125,2025-12-07 20:08:10.125,t,f,999,FRAME
cmiw5n79f007sitnt4hegd2ap,"",Vogue®,,VO2714,Top Striped Brown/Azure,2014,52,16,140,725125861922,1433,,55.27,196,0,,,t,2025-12-07 20:08:10.372,2025-12-07 20:08:10.372,t,f,999,FRAME
cmiw5n7id007titntem2cd73j,"",Vogue®,,VO5224,TOP TRANSP BORDX/TRANSP,2636,53,16,135,8053672918427,1434,,60.25,215,0,,,t,2025-12-07 20:08:10.694,2025-12-07 20:08:10.694,t,f,999,FRAME
cmiw5n7rh007uitntpeh543kv,"",Vogue®,,VO5276,TRANSPARENT CHERRY,2798,53,17,140,8056597195515,1435,,68.58,206,0,,,t,2025-12-07 20:08:11.021,2025-12-07 20:08:11.021,t,f,999,FRAME
cmiw5n7ya007vitnti53t83d5,"",Vogue®,,VO5285,BLACK,W44,53,16,140,8056597108171,1436,,65.25,226,0,,,t,2025-12-07 20:08:11.267,2025-12-07 20:08:11.267,t,f,999,FRAME
cmiw5n87d007witntduyp1dhq,"",Vogue®,,VO4062B,BROWN,997,52,18,140,8053672759921,1437,,70.23,200,0,,,t,2025-12-07 20:08:11.593,2025-12-07 20:08:11.593,t,f,999,FRAME
cmiw5n8e0007xitnta6tlj4hy,"",Vogue®,,VO5224,TOP LIGHT HAVANA/TRANSPA,1916,53,16,135,8053672905915,1438,,60.25,215,0,,,t,2025-12-07 20:08:11.833,2025-12-07 20:08:11.833,t,f,999,FRAME
cmiw5n8n5007yitnt2mttnkdt,"",Vogue®,,VO5309,DARK HAVANA,W656,54,17,140,8056597181426,1440,,55.27,196,1,,,t,2025-12-07 20:08:12.161,2025-12-07 20:08:12.161,t,f,999,FRAME
cmiw5n9340080itntuh744maz,"",Vogue®,,VO2998,TRANSPARENT,W745,54,16,140,8053672969498,1441,,64.55,224,2,,,t,2025-12-07 20:08:12.736,2025-12-07 20:08:12.736,t,f,999,FRAME
cmiw5n9kt0082itnt2x64w6ye,"",Vogue®,,VO4062B,BLUE,5051,52,18,140,8053672759945,1442,,70.23,200,0,,,t,2025-12-07 20:08:13.374,2025-12-07 20:08:13.374,t,f,999,FRAME
cmiw5n9tl0083itntbztzbc2s,"",Vogue®,,VO2787,Top Havana/Transparent,1916,53,16,140,8053672012330,1443,,58.69,206,0,,,t,2025-12-07 20:08:13.689,2025-12-07 20:08:13.689,t,f,999,FRAME
cmiw5na080084itnt8mdj3k8e,"",Vogue®,,VO5276,DARK HAVANA,W656,53,17,140,8056597195539,1444,,68.58,206,0,,,t,2025-12-07 20:08:13.928,2025-12-07 20:08:13.928,t,f,999,FRAME
cmiw5na9h0085itntajq7ysiz,"",Vogue®,,VO5378,TOP BROWN/PINK,2907,53,17,140,8056597419048,1446,,68.58,206,3,,,t,2025-12-07 20:08:14.261,2025-12-07 20:08:14.261,t,f,999,FRAME
cmiw5nao10087itntw5c4zdim,"",Vogue®,,VO5356,TRANSPARENT BEIGE,2864,52,17,140,8056597338943,1447,,53.35,190,0,,,t,2025-12-07 20:08:14.786,2025-12-07 20:08:14.786,t,f,999,FRAME
cmiw5naur0088itntygx5r7r3,"",Vogue®,,VO2998,TOP HAVANA/LIGHT BROWN,2386,54,16,140,8053672969474,1448,,64.55,224,0,,,t,2025-12-07 20:08:15.027,2025-12-07 20:08:15.027,t,f,999,FRAME
cmiw5nb3s0089itntptpw4udc,"",Vogue®,,VO5372,BROWN TRANSPARENT,2826,53,18,140,8056597418300,1449,,53.55,191,0,,,t,2025-12-07 20:08:15.353,2025-12-07 20:08:15.353,t,f,999,FRAME
cmiw5nbap008aitntfchucjfa,"",Burberry,,BE2332 SCARLET,SPOTTED BROWN,3915,54,17,140,8056597336482,1450,,101.76,305,1,,,t,2025-12-07 20:08:15.601,2025-12-07 20:08:15.601,t,f,999,FRAME
cmiw5nbt3008citntff0ru1or,"",Burberry,,BE2172,Black,3001,52,16,140,8053672302028,1451,,101.76,305,0,,,t,2025-12-07 20:08:16.263,2025-12-07 20:08:16.263,t,f,999,FRAME
cmiw5nbzv008ditntsfq20e2j,"",Burberry,,BE2318 CHALCOT,BLACK,3853,51,18,140,8056597167000,1452,,91.88,276,0,,,t,2025-12-07 20:08:16.508,2025-12-07 20:08:16.508,t,f,999,FRAME
cmiw5nc96008eitntflfxeyfa,"",Burberry,,BE2201,Dark Havana,3002,52,17,140,8053672417418,1453,,82.02,246,0,,,t,2025-12-07 20:08:16.842,2025-12-07 20:08:16.842,t,f,999,FRAME
cmiw5ncfz008fitntc2drj0fq,"",Burberry,,BE2255Q,BLACK,3001,51,18,140,8053672762013,1454,,90,270,0,,,t,2025-12-07 20:08:17.088,2025-12-07 20:08:17.088,t,f,999,FRAME
cmiw5ncow008gitntfrp6safc,"",Burberry,,BE2073,Tortoise,3002,530,16,135,713132321966,1456,,77.07,231,0,,,t,2025-12-07 20:08:17.409,2025-12-07 20:08:17.409,t,f,999,FRAME
cmiw5ncvl008hitntsgkghp55,"",Burberry,,BE2172,Dark Havana,3002,52,16,140,8053672320749,1458,,101.76,305,0,,,t,2025-12-07 20:08:17.649,2025-12-07 20:08:17.649,t,f,999,FRAME
cmiw5nd4o008iitntony4wxde,"",Burberry,,BE2205,Dark Havana,3002,52,17,145,8053672417777,1459,,96.83,290,0,,,t,2025-12-07 20:08:17.977,2025-12-07 20:08:17.977,t,f,999,FRAME
cmiw5ndbt008jitnti97rwwi9,"",Burberry,,BE2255Q,TOP HAVANA ON BORDEAUX,3657,51,18,140,8053672762136,1460,,90,270,0,,,t,2025-12-07 20:08:18.233,2025-12-07 20:08:18.233,t,f,999,FRAME
cmiw5ndkp008kitntd1k80xq6,"",Burberry,,BE2318 CHALCOT,TRANSPARENT BROWN,3856,51,18,140,8056597167079,1463,,91.88,276,0,,,t,2025-12-07 20:08:18.554,2025-12-07 20:08:18.554,t,f,999,FRAME
cmiw5ndra008litnt4aa94hj6,"",Burberry,,BE2339 HARRINGTON,DARK HAVANA,3002,55,17,145,8056597423236,1464,,101.76,305,0,,,t,2025-12-07 20:08:18.79,2025-12-07 20:08:18.79,t,f,999,FRAME
cmiw5ne0u008mitnt4hm2liua,"",Burberry,,BE1355 SOPHIA,LIGHT GOLD/BLACK,1109,52,16,140,8056597423625,1466,,101.76,305,0,,,t,2025-12-07 20:08:19.085,2025-12-07 20:08:19.085,t,f,999,FRAME
cmiw5ne9s008nitnts70ycxeg,"",Burberry,,BE1323,BLACK RUBBER,1213,54,18,145,8053672861143,1467,,101.76,305,1,,,t,2025-12-07 20:08:19.456,2025-12-07 20:08:19.456,t,f,999,FRAME
cmiw5neof008pitnthhk45gc6,"",Burberry,,BE1348 ALBA,SILVER/MATTE BLACK,1306,55,18,145,8056597218511,1469,,101.76,305,0,,,t,2025-12-07 20:08:19.983,2025-12-07 20:08:19.983,t,f,999,FRAME
cmiw5nev5008qitnt4j6926ha,"",Burberry,,BE2073,Black,3164,530,16,135,713132321928,1470,,77.07,231,0,,,t,2025-12-07 20:08:20.225,2025-12-07 20:08:20.225,t,f,999,FRAME
cmiw5nf49008ritntsqw2m5m9,"",Polo,,ph2229,blue,,55,16,145,,1513,,70,240,0,,,t,2025-12-07 20:08:20.553,2025-12-07 20:08:20.553,t,f,999,FRAME
cmiw5nfav008sitnta2xh5eit,"",Ellen Tracy,,Sedan,BLACK TORTOISE FADE,,53,16,135,886453600017,1515,,67.99,235,0,,,t,2025-12-07 20:08:20.791,2025-12-07 20:08:20.791,t,f,999,FRAME
cmiw5nfj2008titntlq3ywi4f,"",Ellen Tracy,,Pamplona,ROSE TORTOISE,,50,15,130,886453599885,1516,,67.99,235,0,,,t,2025-12-07 20:08:21.086,2025-12-07 20:08:21.086,t,f,999,FRAME
cmiw5nfpp008uitnti41dunsa,"",Jessica Mc Clintock,,4321,BERRY MULTI,,52,15,135,886453551258,1517,,69.99,240,0,,,t,2025-12-07 20:08:21.326,2025-12-07 20:08:21.326,t,f,999,FRAME
cmiw5nfyq008vitnt3ptyu6wt,"",BCBG Max Azria,,Nessa,BROWN,,54,16,140,886453569192,1518,,79.99,270,0,,,t,2025-12-07 20:08:21.651,2025-12-07 20:08:21.651,t,f,999,FRAME
cmiw5ng5j008witnt1jkzk9j5,"",BCBG Max Azria,,Rowan,BLACK,,54,16,135,886453569437,1519,,79.99,120,0,,,t,2025-12-07 20:08:21.895,2025-12-07 20:08:21.895,t,f,999,FRAME
cmiw5nges008xitnt5zdqvyjx,"",BCBG Max Azria,,Greta,NUDE,,53,17,135,886453558929,1520,,67.99,235,0,,,t,2025-12-07 20:08:22.229,2025-12-07 20:08:22.229,t,f,999,FRAME
cmiw5ngnw008yitnt6wbv0zzx,"",Jessica Mc Clintock,,4326,PINK CRYSTAL,,54,16,135,886453583419,1522,,64.99,225,0,,,t,2025-12-07 20:08:22.556,2025-12-07 20:08:22.556,t,f,999,FRAME
cmiw5nguq008zitntsix9jg21,"",Izod,,2086,BROWN FADE,,53,16,140,886453578583,1523,,58.33,235,0,,,t,2025-12-07 20:08:22.803,2025-12-07 20:08:22.803,t,f,999,FRAME
cmiw5nh3w0090itntojnzu165,"",Emporio Armani,,EA3188U,MATTE BLUE,5088,51,20,150,8056597510813,1526,,64.47,225,0,,,t,2025-12-07 20:08:23.132,2025-12-07 20:08:23.132,t,f,999,FRAME
cmiw5nhal0091itntie87zjzt,"",Emporio Armani,,EA1124,MATTE GREEN,3144,55,18,145,8056597512275,1527,,64.47,225,0,,,t,2025-12-07 20:08:23.373,2025-12-07 20:08:23.373,t,f,999,FRAME
cmiw5nhjo0092itntn9inis64,"",Tory Burch,,TY2121U,SKY BLUE HORN,1869,53,18,140,725125372848,1528,,77.51,194,1,,,t,2025-12-07 20:08:23.701,2025-12-07 20:08:23.701,t,f,999,FRAME
cmiw5nhzl0094itntl7mfw3eb,"",Tory Burch,,TY2121U,AMBER HORN,1870,53,18,140,725125372886,1529,,77.51,194,1,,,t,2025-12-07 20:08:24.273,2025-12-07 20:08:24.273,t,f,999,FRAME
cmiw5nie80096itnti5vufhhk,"",Tory Burch,,TY4011U,TRANSPARENT BLUE,1859,51,18,140,725125373319,1530,,75.75,227,1,,,t,2025-12-07 20:08:24.801,2025-12-07 20:08:24.801,t,f,999,FRAME
cmiw5niu80098itntug4pdowy,"",Tory Burch,,TY4011U,MILKY BLUSH,1860,51,18,140,725125373326,1531,,75.75,227,0,,,t,2025-12-07 20:08:25.376,2025-12-07 20:08:25.376,t,f,999,FRAME
cmiw5nj390099itnt17oiijq7,"",Tory Burch,,TY4010U,MILKY CAMEL BROWN,1867,52,19,140,725125373395,1532,,71.58,215,0,,,t,2025-12-07 20:08:25.701,2025-12-07 20:08:25.701,t,f,999,FRAME
cmiw5nj9r009aitnt778rk9e0,"",Tory Burch,,TY1070,NAVY ENAMEL/SHINY SILVER,3315,54,15,140,725125373135,1533,,81.48,244,0,,,t,2025-12-07 20:08:25.935,2025-12-07 20:08:25.935,t,f,999,FRAME
cmiw5nji2009bitntvgm5lmu3,"",Tory Burch,,TY1070,DARK TORTOISE TRANSFER/G,3279,54,15,140,725125373067,1534,,81.48,244,0,,,t,2025-12-07 20:08:26.234,2025-12-07 20:08:26.234,t,f,999,FRAME
cmiw5njqt009citntb49oqalu,"",Tory Burch,,TY1071,BORDEAUX ENAMEL/SHINY GO,3316,53,15,140,725125373012,1535,,81.48,244,0,,,t,2025-12-07 20:08:26.549,2025-12-07 20:08:26.549,t,f,999,FRAME
cmiw5njz1009ditnt6aogzuft,"",Emporio Armani,,EA3185,STRIPED BROWN,5903,54,19,145,8056597528054,1536,,64.47,161,0,,,t,2025-12-07 20:08:26.846,2025-12-07 20:08:26.846,t,f,999,FRAME
cmiw5nk5v009eitntbe3rpitg,"",COACH,,HC6177,TRANSPARENT PINK OMBRE,5656,52,17,140,725125370561,1537,,73.78,225,0,,,t,2025-12-07 20:08:27.091,2025-12-07 20:08:27.091,t,f,999,FRAME
cmiw5nkew009fitntcsvwi1vj,"",COACH,,HC6177,TRANSPARENT BLUE OMBRE,5655,52,17,140,725125370554,1538,,73.78,225,0,,,t,2025-12-07 20:08:27.416,2025-12-07 20:08:27.416,t,f,999,FRAME
cmiw5nklj009gitnt1p6k45pw,"",COACH,,HC6180,MILKY MOSS GREEN TORTOIS,5592,54,16,140,725125370233,1539,,69.18,240,0,,,t,2025-12-07 20:08:27.656,2025-12-07 20:08:27.656,t,f,999,FRAME
cmiw5nkuo009hitntg7i1cl3y,"",COACH,,HC6180,MILKY WINE TORTOISE,5658,54,16,140,725125370196,1540,,69.18,240,0,,,t,2025-12-07 20:08:27.985,2025-12-07 20:08:27.985,t,f,999,FRAME
cmiw5nl19009iitnts092u0g5,"",COACH,,HC5130,BURGUNDY/SHINY ROSE GOLD,9385,53,17,140,725125370684,1541,,69.18,240,0,,,t,2025-12-07 20:08:28.221,2025-12-07 20:08:28.221,t,f,999,FRAME
cmiw5nl9h009jitntvkygyfo4,"",COACH,,HC6181,TRANSPARENT VIOLET,5665,54,17,140,725125371261,1543,,73.78,255,0,,,t,2025-12-07 20:08:28.518,2025-12-07 20:08:28.518,t,f,999,FRAME
cmiw5nlim009kitnt5p1wqqf0,"",COACH,,HC5130,PINK/SHINY LIGHT GOLD,9350,53,17,140,725125370691,1544,,69.18,240,0,,,t,2025-12-07 20:08:28.847,2025-12-07 20:08:28.847,t,f,999,FRAME
cmiw5nlpd009litntscxlmiy3,"",Vogue®,,VO4226,RED GRADIENT PALE GOLD,5155,53,17,135,8056597522762,1545,,55.27,200,0,,,t,2025-12-07 20:08:29.09,2025-12-07 20:08:29.09,t,f,999,FRAME
cmiw5nlyk009mitnt4xcyrjhj,"",Ralph,,RA7135,SHINY ROSE BROWN,5983,55,16,140,8056597514538,1546,,58.75,176,1,,,t,2025-12-07 20:08:29.421,2025-12-07 20:08:29.421,t,f,999,FRAME
cmiw5nmfw009oitntygweij3p,"",Ralph,,RA7133U,STRIPED BROWN VIOLET,5984,55,16,140,8056597508179,1547,,52.94,190,0,,,t,2025-12-07 20:08:30.045,2025-12-07 20:08:30.045,t,f,999,FRAME
cmiw5nmmq009pitntr6r12cm5,"",Ralph,,RA7132U,SHINY GRADIENT BURGUNDY,5979,54,16,140,8056597514415,,,52.94,159,0,,,t,2025-12-07 20:08:30.29,2025-12-07 20:08:30.29,t,f,999,FRAME
cmiw5nmvo009qitntqw24iapn,"",Ralph,,RA7132U,SHINY HAVANA,5885,54,16,140,8056597514392,1548,,52.94,159,1,,,t,2025-12-07 20:08:30.612,2025-12-07 20:08:30.612,t,f,999,FRAME
cmiw5nnbk009sitnt565wushr,"",Michael Kors,,MK3053 FERNIE,SOFT PINK/SILVER,1153,54,16,140,725125374521,1551,,61.58,185,0,,,t,2025-12-07 20:08:31.184,2025-12-07 20:08:31.184,t,f,999,FRAME
cmiw5nnku009titnt30tao3fu,"",Michael Kors,,MK4084U,BLUSH CAMEL PEARLIZED,3900,54,16,140,725125375320,1552,,55,370,0,,,t,2025-12-07 20:08:31.518,2025-12-07 20:08:31.518,t,f,999,FRAME
cmiw5nnrt009uitntglxch1vj,"",Burberry,,BE2347 EVELYN,VINTAGE CHECK,3944,52,19,140,8056597489249,1553,,101.76,305,0,,,t,2025-12-07 20:08:31.769,2025-12-07 20:08:31.769,t,f,999,FRAME
cmiw5no0u009vitntw90634sn,"",Burberry,,BE2345 CAROLINE,YELLOW,3852,54,15,140,8056597490528,1554,,80,240,0,,,t,2025-12-07 20:08:32.095,2025-12-07 20:08:32.095,t,f,999,FRAME
cmiw5no7k009witntzaglzprf,"",Polo,,PH1208,SHINY SILVER,9001,51,19,145,8056597551359,1556,,75.09,255,1,,,t,2025-12-07 20:08:32.337,2025-12-07 20:08:32.337,t,f,999,FRAME
cmiw5non9009yitnt3slugskh,"",Polo,,PH2238,MATTE HAVANA,5003,51,20,145,8056597534307,1557,,60.14,210,0,,,t,2025-12-07 20:08:32.902,2025-12-07 20:08:32.902,t,f,999,FRAME
cmiw5nowq009zitntnngj03k6,"",Polo,,PH2228,NAVY BLUE,5906,52,19,145,8056597343381,1559,,70.11,240,0,,,t,2025-12-07 20:08:33.242,2025-12-07 20:08:33.242,t,f,999,FRAME
cmiw5np5o00a0itntjacr8adx,"",Versace,,VE3306,HAVANA,108,54,17,140,8056597524360,1561,,92.82,310,0,,,t,2025-12-07 20:08:33.565,2025-12-07 20:08:33.565,t,f,999,FRAME
cmiw5npc600a1itntmammadi1,"",Costa Del Mar,,FANTAIL PRO,BLK,,60,15,120,,1563,,124.5,325,0,,,t,2025-12-07 20:08:33.799,2025-12-07 20:08:33.799,t,f,999,FRAME
cmiw5npka00a2itntgahgw34d,"",Costa Del Mar,,SPEAROIL,MATTE REEF,,59,17,140,,1564,,129.5,325,0,,,t,2025-12-07 20:08:34.09,2025-12-07 20:08:34.09,t,f,999,FRAME
cmiw5npsc00a3itnti41j88dc,"",costa,,MAYA,SHINY URCHI,,55,19,135,,1565,,110,300,0,,,t,2025-12-07 20:08:34.335,2025-12-07 20:08:34.335,t,f,999,FRAME
cmiw5nq1i00a4itntri19oy8g,"",Costa,,PARGO,NET DARK GR,,61,17,130,,1566,,103.8,250,0,,,t,2025-12-07 20:08:34.711,2025-12-07 20:08:34.711,t,f,999,FRAME
cmiw5nq8900a5itnt921eb0f4,"",costa,,RICONDO,BLACK,,61,12,140,,1567,,129.5,300,0,,,t,2025-12-07 20:08:34.953,2025-12-07 20:08:34.953,t,f,999,FRAME
cmiw5nqhi00a6itntjc3144pp,"",Viva,,VV4026,Grey/Other,020,58,18,,664689892686,1568,,45,165,0,,,t,2025-12-07 20:08:35.286,2025-12-07 20:08:35.286,t,f,999,FRAME
cmiw5nqo600a7itntzpiepp0f,"",Viva,,VV4047,matte dark nickeltin,007,56,15,145,889214322210,1569,,45,165,0,,,t,2025-12-07 20:08:35.527,2025-12-07 20:08:35.527,t,f,999,FRAME
cmiw5nqxe00a8itnteje3iwc6,"",Viva,,VV4047,matte dark brown,049,56,15,145,889214322227,1572,,45,165,0,,,t,2025-12-07 20:08:35.859,2025-12-07 20:08:35.859,t,f,999,FRAME
cmiw5nr6j00a9itnt1sx6zpc8,"",Viva,,VV4026,Shiny Black,001,58,18,,664689892679,1573,,45,165,0,,,t,2025-12-07 20:08:36.187,2025-12-07 20:08:36.187,t,f,999,FRAME
cmiw5nrd500aaitnt3fna5pqn,"",Viva,,VV4005,Matte Dark Brown,049,58,18,,664689892631,,,45,165,0,,,t,2025-12-07 20:08:36.425,2025-12-07 20:08:36.425,t,f,999,FRAME
cmiw5nrl100abitnt2niiqe67,"",Viva,,VV4040,matte blue,091,52,17,140,889214115348,1574,,45,165,0,,,t,2025-12-07 20:08:36.71,2025-12-07 20:08:36.71,t,f,999,FRAME
cmiw5nrrp00acitntd44ze1fb,"",Viva,,VV4047,matte black,002,56,15,145,889214322203,1575,,45,165,0,,,t,2025-12-07 20:08:36.949,2025-12-07 20:08:36.949,t,f,999,FRAME
cmiw5ns1200aditntrntnt2ij,"",Viva,,VV4025,Matte Black,002,60,19,,664689892648,1576,,45,120,1,,,t,2025-12-07 20:08:37.286,2025-12-07 20:08:37.286,t,f,999,FRAME
cmiw5nsp200afitnt1dqudj8h,"",Viva,,VV4025,Matte Dark Brown,049,60,19,,664689892662,1577,,45,120,0,,,t,2025-12-07 20:08:38.151,2025-12-07 20:08:38.151,t,f,999,FRAME
cmiw5nsy300agitntgfeqfr9w,"",Viva,,VV4021,Matte Turquoise,088,55,17,145,664689894024,1578,,43.25,130,0,,,t,2025-12-07 20:08:38.475,2025-12-07 20:08:38.475,t,f,999,FRAME
cmiw5nt4n00ahitnteuqqheeo,"",Viva,,VV4021,Matte Gunmetal,009,55,17,145,664689894000,1579,,43.25,130,0,,,t,2025-12-07 20:08:38.712,2025-12-07 20:08:38.712,t,f,999,FRAME
cmiw5ntcl00aiitntu09npxgt,"",Viva,,VV4032,Matte Gunmetal,009,54,18,145,664689979523,1580,,45,165,0,,,t,2025-12-07 20:08:38.998,2025-12-07 20:08:38.998,t,f,999,FRAME
cmiw5ntj900ajitntq2itndel,"",Viva,,VV4032,Black/Other,005,54,18,145,664689979516,1581,,45,165,0,,,t,2025-12-07 20:08:39.238,2025-12-07 20:08:39.238,t,f,999,FRAME
cmiw5ntsm00akitnt5pgsi53a,"",Viva,,VV4046,blue/other,092,54,17,145,889214278456,1582,,45,165,0,,,t,2025-12-07 20:08:39.574,2025-12-07 20:08:39.574,t,f,999,FRAME
cmiw5nu1r00alitntk8pme6ao,"",Viva,,VV4046,dark brown/other,050,54,17,145,889214278449,1583,,45,165,0,,,t,2025-12-07 20:08:39.903,2025-12-07 20:08:39.903,t,f,999,FRAME
cmiw5nu8g00amitntzpcg6oqu,"",Viva,,VV4046,matte black,002,54,17,145,889214278432,1584,,45,165,0,,,t,2025-12-07 20:08:40.145,2025-12-07 20:08:40.145,t,f,999,FRAME
cmiw5nuhj00anitntf4ddidoe,"",Viva,,VV4044,grey/other,020,58,18,150,889214193971,1585,,45,165,0,,,t,2025-12-07 20:08:40.471,2025-12-07 20:08:40.471,t,f,999,FRAME
cmiw5nuo200aoitntazwi5ifo,"",Viva,,VV4044,shiny black,001,58,18,150,889214193964,,,45,165,0,,,t,2025-12-07 20:08:40.706,2025-12-07 20:08:40.706,t,f,999,FRAME
cmiw5nuw600apitntb586gvzb,"",Viva,,VV4044,shiny light brown,045,58,18,150,889214193988,1586,,45,165,0,,,t,2025-12-07 20:08:40.998,2025-12-07 20:08:40.998,t,f,999,FRAME
cmiw5nv2r00aqitntvcygjs1n,"",Viva,,VV0309,BLACK/OLIVE,BLK,54,16,140,715583003132,1587,,45,165,0,,,t,2025-12-07 20:08:41.236,2025-12-07 20:08:41.236,t,f,999,FRAME
cmiw5nvau00aritnt7na9ec3h,"",Viva,,VV4005,Matte Black,002,58,18,,664689892617,1588,,45,165,0,,,t,2025-12-07 20:08:41.526,2025-12-07 20:08:41.526,t,f,999,FRAME
cmiw5nvhm00asitnt9l2fht48,"",Viva,,VV4005,Matte Gunmetal,009,58,18,,664689892624,1589,,45,165,0,,,t,2025-12-07 20:08:41.77,2025-12-07 20:08:41.77,t,f,999,FRAME
cmiw5nvqo00atitntw40vwuu0,"",Guess?,,GU2634,Shiny Black,001,52,16,135,664689871834,,,69.95,180,0,,,t,2025-12-07 20:08:42.096,2025-12-07 20:08:42.096,t,f,999,FRAME
cmiw5nvx600auitnt8tvj1kq8,"",Guess?,,GU2797-S,shiny black,001,52,15,140,889214155931,1591,,75,255,0,,,t,2025-12-07 20:08:42.33,2025-12-07 20:08:42.33,t,f,999,FRAME
cmiw5nw5j00avitnt6ddwzppq,"",Guess?,,GU2619,Black/Other,005,53,17,135,664689871957,,,45,135,0,,,t,2025-12-07 20:08:42.631,2025-12-07 20:08:42.631,t,f,999,FRAME
cmiw5nwcd00awitntc4ll9kxh,"",Guess?,,GU1928,Matte Black,002,55,17,145,664689871636,1592,,73,219,0,,,t,2025-12-07 20:08:42.877,2025-12-07 20:08:42.877,t,f,999,FRAME
cmiw5nwlj00axitnt3hwluxyg,"",Guess?,,GU50002,shiny light brown,045,51,22,145,889214156587,1593,,60,195,0,,,t,2025-12-07 20:08:43.208,2025-12-07 20:08:43.208,t,f,999,FRAME
cmiw5nwx400ayitntxb2bfk5r,"",Guess?,,GU50016,grey/other,020,54,19,145,889214214799,1594,,65,195,1,,,t,2025-12-07 20:08:43.624,2025-12-07 20:08:43.624,t,f,999,FRAME
cmiw5nxd400b0itntj47wkzkr,"",Guess?,,GU50016,dark havana,052,54,19,145,889214214805,1595,,65,195,0,,,t,2025-12-07 20:08:44.201,2025-12-07 20:08:44.201,t,f,999,FRAME
cmiw5nxjp00b1itnt9gltzb17,"",Guess?,,GU1843,MATTE BLACK,BLK,57,17,145,715583371163,1596,,67,235,0,,,t,2025-12-07 20:08:44.437,2025-12-07 20:08:44.437,t,f,999,FRAME
cmiw5nxsr00b2itntkpvxo07y,"",Guess?,,GU1943,Dark Havana,052,56,17,145,664689919956,1597,,70,240,0,,,t,2025-12-07 20:08:44.764,2025-12-07 20:08:44.764,t,f,999,FRAME
cmiw5nxze00b3itnt609dw983,"",Guess?,,GU1974,Grey/Other,020,51,17,145,889214073815,1598,,59,177,1,,,t,2025-12-07 20:08:45.003,2025-12-07 20:08:45.003,t,f,999,FRAME
cmiw5nye400b5itntjssfv74z,"",Guess?,,GU1904,Black/Other,005,52,17,140,664689771783,1599,,67,230,0,,,t,2025-12-07 20:08:45.533,2025-12-07 20:08:45.533,t,f,999,FRAME
cmiw5nyn000b6itntkco9jsps,"",Guess?,,GU1952,Matte Blue,091,53,17,140,664689952816,1600,,65,220,0,,,t,2025-12-07 20:08:45.853,2025-12-07 20:08:45.853,t,f,999,FRAME
cmiw5nyv900b7itntms4kqhe0,"",Guess?,,GU9183,black/other,005,44,18,130,889214067876,1601,,54,195,0,,,t,2025-12-07 20:08:46.149,2025-12-07 20:08:46.149,t,f,999,FRAME
cmiw5nz2300b8itntlf1yq7m8,"",Guess?,,GU9183,blue/other,092,44,18,130,889214067890,1602,,54,195,0,,,t,2025-12-07 20:08:46.395,2025-12-07 20:08:46.395,t,f,999,FRAME
cmiw5nzb500b9itntyr9vxf7b,"",Guess?,,GU1982,black/crystal,003,53,16,145,889214121479,1603,,72,216,0,,,t,2025-12-07 20:08:46.721,2025-12-07 20:08:46.721,t,f,999,FRAME
cmiw5nzhv00baitntammxrfqn,"",Guess?,,GU1906,Grey/Other,020,55,18,145,664689837021,1604,,79,237,0,,,t,2025-12-07 20:08:46.964,2025-12-07 20:08:46.964,t,f,999,FRAME
cmiw5nzr900bbitntm5z6nv8w,"",Guess?,,GU1731,Black Satin,BLKGUN,53,17,140,715583411487,1605,,74,222,1,,,t,2025-12-07 20:08:47.302,2025-12-07 20:08:47.302,t,f,999,FRAME
cmiw5o07200bditnt05qjree7,"",Guess?,,GU1770,SATIN BROWN,BRN,54,16,140,715583661035,1606,,67,235,0,,,t,2025-12-07 20:08:47.871,2025-12-07 20:08:47.871,t,f,999,FRAME
cmiw5o0dm00beitnte792qsnt,"",Guess?,,GU1982,havana/other,056,53,16,145,889214121493,1607,,72,216,1,,,t,2025-12-07 20:08:48.107,2025-12-07 20:08:48.107,t,f,999,FRAME
cmiw5o0w100bgitntcejz8eez,"",Guess?,,GU1936,Matte Dark Brown,049,54,18,140,664689875979,1608,,70,240,0,,,t,2025-12-07 20:08:48.769,2025-12-07 20:08:48.769,t,f,999,FRAME
cmiw5o12p00bhitntf06lb47w,"",Guess?,,GU50006,shiny black,001,50,20,145,889214157676,1609,,60,210,1,,,t,2025-12-07 20:08:49.01,2025-12-07 20:08:49.01,t,f,999,FRAME
cmiw5o1jr00bjitnteyx68zia,"",Guess?,,GM0324,Havana/Other,056,53,17,135,664689989485,1610,,99,297,0,,,t,2025-12-07 20:08:49.58,2025-12-07 20:08:49.58,t,f,999,FRAME
cmiw5o1rx00bkitntbp4wk2v5,"",Guess?,,GM0352,dark havana,052,54,15,140,889214115508,1612,,81,275,0,,,t,2025-12-07 20:08:49.917,2025-12-07 20:08:49.917,t,f,999,FRAME
cmiw5o1yk00blitntrfsioqbc,"",Guess?,,GM0315,Shiny Black,001,52,16,135,664689912131,1613,,53,190,0,,,t,2025-12-07 20:08:50.156,2025-12-07 20:08:50.156,t,f,999,FRAME
cmiw5o27t00bmitnt28vmxlkn,"",Guess?,,GM0373,shiny bordeaux,069,56,16,140,889214315526,1615,,87,295,0,,,t,2025-12-07 20:08:50.49,2025-12-07 20:08:50.49,t,f,999,FRAME
cmiw5o2ef00bnitntp3sdwn5n,"",Guess?,,GM0375,shiny black,001,52,18,145,889214315571,1616,,100,300,0,,,t,2025-12-07 20:08:50.727,2025-12-07 20:08:50.727,t,f,999,FRAME
cmiw5o2nq00boitntkri7cim9,"",Guess?,,GM0375,havana/other,056,52,18,145,889214315601,1617,,100,300,0,,,t,2025-12-07 20:08:51.062,2025-12-07 20:08:51.062,t,f,999,FRAME
cmiw5o2wv00bpitntpv22euzi,"",Guess?,,GM0347,Shiny Black,001,52,16,140,889214066152,1618,,93,279,0,,,t,2025-12-07 20:08:51.391,2025-12-07 20:08:51.391,t,f,999,FRAME
cmiw5o33i00bqitnt1iz28j75,"",Candies,,CA0181,shiny black,001,52,17,140,889214119827,1619,,50,150,0,,,t,2025-12-07 20:08:51.631,2025-12-07 20:08:51.631,t,f,999,FRAME
cmiw5o3bf00britntd5lbgq1c,"",Candies,,CA0180,violet/other,083,52,17,140,889214119810,1620,,63,220,0,,,t,2025-12-07 20:08:51.915,2025-12-07 20:08:51.915,t,f,999,FRAME
cmiw5o3i600bsitntimh59i4i,"",Candies,,CA0165,Shiny Black,001,52,18,140,889214032270,1621,,63,189,1,,,t,2025-12-07 20:08:52.159,2025-12-07 20:08:52.159,t,f,999,FRAME
cmiw5o3xt00buitntk33wf3eo,"",Tumi,,VTU017,Light Gold,,54,17,145,751286353891,1622,,92.5,310,0,,,t,2025-12-07 20:08:52.722,2025-12-07 20:08:52.722,t,f,999,FRAME
cmiw5o45t00bvitnts62hhg5g,"",Tumi,,VTU022,Black,,48,23,145,751286354027,1623,,92.5,310,0,,,t,2025-12-07 20:08:53.01,2025-12-07 20:08:53.01,t,f,999,FRAME
cmiw5o4cj00bwitntcnugxs9l,"",Tumi,,VTU022,Havana,,48,23,145,751286354041,1624,,92.5,310,0,,,t,2025-12-07 20:08:53.252,2025-12-07 20:08:53.252,t,f,999,FRAME
cmiw5o4lo00bxitntkkq3q9vp,"",Tumi,,VTU013,Black,,50,19,145,751286353761,1625,,70,240,0,,,t,2025-12-07 20:08:53.58,2025-12-07 20:08:53.58,t,f,999,FRAME
cmiw5o4sa00byitntz1it41el,"",Tumi,,VTU019,Black,,57,16,145,751286353945,,,82,280,0,,,t,2025-12-07 20:08:53.818,2025-12-07 20:08:53.818,t,f,999,FRAME
cmiw5o50e00bzitnti8seur2l,"",Tumi,,VTU019,Brown,,57,16,145,751286353952,1626,,82,280,0,,,t,2025-12-07 20:08:54.111,2025-12-07 20:08:54.111,t,f,999,FRAME
cmiw5o57f00c0itnthrueb40l,"",Tumi,,VTU019,Green,,57,16,145,751286353969,1627,,82,280,0,,,t,2025-12-07 20:08:54.364,2025-12-07 20:08:54.364,t,f,999,FRAME
cmiw5o5gd00c1itnt9in3csl2,"",Tumi,,VTU018,Black,,52,20,145,751286353938,1628,,92.5,310,0,,,t,2025-12-07 20:08:54.685,2025-12-07 20:08:54.685,t,f,999,FRAME
cmiw5o5n700c2itntxfz1hgt5,"",Tumi,,VTU018,Grey Havana,,52,20,145,751286353921,1629,,92.5,310,0,,,t,2025-12-07 20:08:54.932,2025-12-07 20:08:54.932,t,f,999,FRAME
cmiw5o5wc00c3itntphpe94qe,"",Tumi,,VTU013,Grey,,50,19,145,751286353778,1630,,70,240,0,,,t,2025-12-07 20:08:55.26,2025-12-07 20:08:55.26,t,f,999,FRAME
cmiw5o65d00c4itnttpbuov8u,"",Tumi,,VTU020,Silver,,56,18,145,751286353983,1631,,82,280,0,,,t,2025-12-07 20:08:55.585,2025-12-07 20:08:55.585,t,f,999,FRAME
cmiw5o6bx00c5itntd8nyr3ri,"",Tumi,,VTU014,Black,,55,17,145,751286353815,1632,,82,280,0,,,t,2025-12-07 20:08:55.821,2025-12-07 20:08:55.821,t,f,999,FRAME
cmiw5o6jx00c6itntyv3sc2xw,"",Tumi,,STU009,SILVER,,55,17,145,,1633,,96,270,0,,,t,2025-12-07 20:08:56.109,2025-12-07 20:08:56.109,t,f,999,FRAME
cmiw5o6qx00c7itntofmw4t7v,"",Izod,,2067,Tortoise Fade,,52,16,140,886453506814,1634,,67.99,235,0,,,t,2025-12-07 20:08:56.361,2025-12-07 20:08:56.361,t,f,999,FRAME
cmiw5o6zr00c8itntgeugdnlk,"",Izod,,2077,BLACK,,48,17,145,886453543949,1635,,67.99,210,0,,,t,2025-12-07 20:08:56.679,2025-12-07 20:08:56.679,t,f,999,FRAME
cmiw5o76b00c9itntvr7x2vv0,"",Izod,,2077,TORTOISE TOKYO,,48,17,145,886453543901,1636,,67.99,210,0,,,t,2025-12-07 20:08:56.915,2025-12-07 20:08:56.915,t,f,999,FRAME
cmiw5o7ef00caitntwpe2onjn,"",Izod,,2078,TORTOISE,,52,17,145,886453544052,1637,,67.99,210,0,,,t,2025-12-07 20:08:57.208,2025-12-07 20:08:57.208,t,f,999,FRAME
cmiw5o7l900cbitntcrs1zs90,"",Izod,,2081,BLACK LAMINATE,,55,17,145,886453547039,1638,,74.99,150,1,,,t,2025-12-07 20:08:57.454,2025-12-07 20:08:57.454,t,f,999,FRAME
cmiw5o82300cditntpeotv52c,"",Izod,,2076,BLACK HORN,,53,16,145,886453538747,1639,,64.99,210,0,,,t,2025-12-07 20:08:58.06,2025-12-07 20:08:58.06,t,f,999,FRAME
cmiw5o8ae00ceitntkltybc6f,"",Izod,,2079,BLACK,,52,19,145,886453544564,1640,,64.99,225,0,,,t,2025-12-07 20:08:58.359,2025-12-07 20:08:58.359,t,f,999,FRAME
cmiw5o8h200cfitntakwaa7vn,"",Versace,,VE4307,BLK,,58,17,145,,1647,,114.91,345,0,,,t,2025-12-07 20:08:58.598,2025-12-07 20:08:58.598,t,f,999,FRAME
cmiw5o8q100cgitnt06jg5tsk,"",Versace,,VE3257A,BLACK,GB1,53,18,140,8053672860146,1650,,95.01,300,0,,,t,2025-12-07 20:08:58.922,2025-12-07 20:08:58.922,t,f,999,FRAME
cmiw5o8zb00chitnt41e7en04,"",Versace,,VE4368,BLK,,56,17,140,,1651,,90,300,0,,,t,2025-12-07 20:08:59.256,2025-12-07 20:08:59.256,t,f,999,FRAME
cmiw5o96600ciitntrk00ya3g,"",Ann Taylor,,ATP808,Navy Tortoise,C03,48,15,130,882851336985,1665,,68.95,240,0,,,t,2025-12-07 20:08:59.502,2025-12-07 20:08:59.502,t,f,999,FRAME
cmiw5o9f600cjitnt2qhjkod6,"",Ann Taylor,,ATP808,Tortoise,C02,48,15,130,882851336978,1666,,68.95,240,0,,,t,2025-12-07 20:08:59.827,2025-12-07 20:08:59.827,t,f,999,FRAME
cmiw5o9ls00ckitntsx4x6kjc,"",Ann Taylor,,ATP814,BK / AMETHYST,C01,50,16,130,730638351792,1667,,73.95,255,0,,,t,2025-12-07 20:09:00.064,2025-12-07 20:09:00.064,t,f,999,FRAME
cmiw5o9v200clitnty5j4qsac,"",Ann Taylor,,ATP701,BLACK/TORTOISE,C01,48,16,125,882851322759,1668,,68.95,240,0,,,t,2025-12-07 20:09:00.399,2025-12-07 20:09:00.399,t,f,999,FRAME
cmiw5oa1q00cmitntstqau2yo,"",Ann Taylor,,ATP011,TORTOISE,CO2,48,16,130,730638343506,1669,,88.95,300,0,,,t,2025-12-07 20:09:00.639,2025-12-07 20:09:00.639,t,f,999,FRAME
cmiw5oab300cnitntd8389s5i,"",Ann Taylor,,ATP011,BLACK,CO1,48,16,130,730638343490,1670,,88.95,300,0,,,t,2025-12-07 20:09:00.976,2025-12-07 20:09:00.976,t,f,999,FRAME
cmiw5oahx00coitntqf1gksye,"",Ellen Tracy,,LORCA,BLK,,51,16,130,,1671,,40,100,0,,,t,2025-12-07 20:09:01.222,2025-12-07 20:09:01.222,t,f,999,FRAME
cmiw5oar200cpitntd10o88wm,"",Jessica Mc Clintock,,JCM 4321,BERRY,,52,15,135,,1672,,70,240,0,,,t,2025-12-07 20:09:01.55,2025-12-07 20:09:01.55,t,f,999,FRAME
cmiw5ob0400cqitntuwio36q8,"",Jones New York,,J532,Brown,,57,18,145,751286324723,,,56.5,395,0,,,t,2025-12-07 20:09:01.876,2025-12-07 20:09:01.876,t,f,999,FRAME
cmiw5ob6o00critntraniogqd,"",Jones New York,,J536,Matte Olive,,54,19,140,751286336368,1673,,68,130,1,,,t,2025-12-07 20:09:02.113,2025-12-07 20:09:02.113,t,f,999,FRAME
cmiw5obld00ctitnth0b6bwsi,"",Jones New York,,J535,Grey Crystal,,58,17,150,751286336337,1674,,63,126,0,,,t,2025-12-07 20:09:02.641,2025-12-07 20:09:02.641,t,f,999,FRAME
cmiw5obum00cuitntjnc5kwxf,"",Jones New York,,J366,Gunmetal,,61,19,150,751286342987,1675,,63,220,0,,,t,2025-12-07 20:09:02.975,2025-12-07 20:09:02.975,t,f,999,FRAME
cmiw5oc1f00cvitntc61yi2l4,"",Jones New York,,VJOM372,Matte Black,,53,17,145,751286349481,1676,,65,130,0,,,t,2025-12-07 20:09:03.22,2025-12-07 20:09:03.22,t,f,999,FRAME
cmiw5ocau00cwitnt38mkzyvx,"",Jones New York,,J537,Grey Gradient,,52,16,145,751286342895,1677,,68,235,0,,,t,2025-12-07 20:09:03.558,2025-12-07 20:09:03.558,t,f,999,FRAME
cmiw5ocmc00cxitntdyuok0mn,"",Jones New York,,VJON497,Brown,,51,17,140,751286349795,1678,,65,225,0,,,t,2025-12-07 20:09:03.972,2025-12-07 20:09:03.972,t,f,999,FRAME
cmiw5octe00cyitntv6b4g48v,"",Jones New York,,J361,Semi-Matte Gold,,60,17,145,751286331141,1679,,68,235,0,,,t,2025-12-07 20:09:04.227,2025-12-07 20:09:04.227,t,f,999,FRAME
cmiw5od2900czitntq7evy1gk,"",Jones New York,,J367,Brown,,55,18,145,751286343083,1680,,33.2,100,1,,,t,2025-12-07 20:09:04.545,2025-12-07 20:09:04.545,t,f,999,FRAME
cmiw5odjn00d1itntx6q0ycf8,"",Jones New York,,J533,Grey,,61,18,155,751286331257,1681,,68,235,0,,,t,2025-12-07 20:09:05.171,2025-12-07 20:09:05.171,t,f,999,FRAME
cmiw5odqe00d2itntvz2my4fl,"",Jones New York,,J516,Black,BLA,48,21,150,751286232639,1682,,68,235,0,,,t,2025-12-07 20:09:05.414,2025-12-07 20:09:05.414,t,f,999,FRAME
cmiw5odzk00d3itntq4182ly0,"",Jones New York,,J539,Brown,BRO,55,16,145,751286343076,1683,,55,165,0,,,t,2025-12-07 20:09:05.744,2025-12-07 20:09:05.744,t,f,999,FRAME
cmiw5oe8l00d4itntj9geon0c,"",Jones New York,,J362,Black,,58,19,145,751286331189,1684,,60,210,0,,,t,2025-12-07 20:09:06.07,2025-12-07 20:09:06.07,t,f,999,FRAME
cmiw5oefk00d5itntl05qu05e,"",Jones New York,,J362,NavyGunmetal,,58,19,145,751286331202,1685,,60,210,0,,,t,2025-12-07 20:09:06.32,2025-12-07 20:09:06.32,t,f,999,FRAME
cmiw5oeoh00d6itntqa4ootit,"",Jones New York,,VJOM372,Navy,,53,17,145,751286349498,1686,,65,130,0,,,t,2025-12-07 20:09:06.642,2025-12-07 20:09:06.642,t,f,999,FRAME
cmiw5oev500d7itnttd9b6ssa,"",Jones New York,,VJOM372,Gunmetal,,53,17,145,751286349504,1687,,65,130,1,,,t,2025-12-07 20:09:06.881,2025-12-07 20:09:06.881,t,f,999,FRAME
cmiw5of9q00d9itntgil3ypjh,"",Jones New York,,VJOM371,Gunmetal,,58,19,150,751286349436,1688,,65,215,0,,,t,2025-12-07 20:09:07.406,2025-12-07 20:09:07.406,t,f,999,FRAME
cmiw5ofj400daitntk6b6kkfj,"",Jones New York,,J771,Purple,,53,19,140,751286324471,1689,,68,225,0,,,t,2025-12-07 20:09:07.744,2025-12-07 20:09:07.744,t,f,999,FRAME
cmiw5ofps00dbitnt0rmoeax3,"",Jones New York,,J348,gunmetal,GUN,56,19,150,751286270686,1690,,56.5,200,0,,,t,2025-12-07 20:09:07.984,2025-12-07 20:09:07.984,t,f,999,FRAME
cmiw5ofys00dcitnt9tzl5zi0,"",Jones New York,,J489,Purple,,56,17,140,751286321104,1691,,60,200,0,,,t,2025-12-07 20:09:08.309,2025-12-07 20:09:08.309,t,f,999,FRAME
cmiw5og5a00dditntz3s25juj,"",Jones New York,,J357,NAVY,,55,18,145,751286315936,1692,,54.5,190,0,,,t,2025-12-07 20:09:08.543,2025-12-07 20:09:08.543,t,f,999,FRAME
cmiw5ogdh00deitntmcwpz5l1,"",Jones New York,,VJOM543,Matte Black,,54,18,145,751286349689,1693,,65,215,0,,,t,2025-12-07 20:09:08.837,2025-12-07 20:09:08.837,t,f,999,FRAME
cmiw5ogo000dfitnt5818wuif,"",Jones New York,,J363,Gunmetal,,57,17,145,751286336276,1694,,68,204,1,,,t,2025-12-07 20:09:09.216,2025-12-07 20:09:09.216,t,f,999,FRAME
cmiw5oh3y00dhitntfekfgsmp,"",Jones New York,,VJOM369,Brown,,55,16,145,751286347524,1695,,60,210,0,,,t,2025-12-07 20:09:09.79,2025-12-07 20:09:09.79,t,f,999,FRAME
cmiw5ohak00diitntw8i32dnk,"",Jones New York,,J365,Dark Gunmetal,,56,17,145,751286342932,1696,,63,125,0,,,t,2025-12-07 20:09:10.029,2025-12-07 20:09:10.029,t,f,999,FRAME
cmiw5ohjm00djitntuix57hry,"",Jones New York,,J775,Blue Tortoise,,54,17,140,751286331042,1697,,55,195,0,,,t,2025-12-07 20:09:10.355,2025-12-07 20:09:10.355,t,f,999,FRAME
cmiw5ohq800dkitntulzq7ns2,"",Jones New York,,J492,Brown,,52,16,135,751286336375,1698,,65,195,0,,,t,2025-12-07 20:09:10.593,2025-12-07 20:09:10.593,t,f,999,FRAME
cmiw5ohyb00dlitntj1o5ms9b,"",Jones New York,,VJOM543,Black Horn,,54,18,145,751286349696,1699,,65,215,0,,,t,2025-12-07 20:09:10.883,2025-12-07 20:09:10.883,t,f,999,FRAME
cmiw5oi5100dmitntb9ci4ai7,"",Jones New York,,J528,Grey,,58,18,150,751286303964,1700,,63,189,1,,,t,2025-12-07 20:09:11.126,2025-12-07 20:09:11.126,t,f,999,FRAME
cmiw5oil000doitntqzb7y0aj,"",Jones New York,,VJOM542,Crystal,,50,21,145,751286349641,1701,,65,215,0,,,t,2025-12-07 20:09:11.7,2025-12-07 20:09:11.7,t,f,999,FRAME
cmiw5oiu000dpitnt7eszxrf7,"",Jones New York,,J357,Black,,55,18,145,751286315929,1702,,54.5,190,0,,,t,2025-12-07 20:09:12.024,2025-12-07 20:09:12.024,t,f,999,FRAME
cmiw5oj0k00dqitntcrwpionw,"",Jones New York,,J539,Black,BLA,55,16,145,751286343052,1703,,55,165,0,,,t,2025-12-07 20:09:12.261,2025-12-07 20:09:12.261,t,f,999,FRAME
cmiw5oj8n00dritntzq5yotvb,"",Jones New York,,J365,Gold,,56,17,145,751286342956,1704,,63,125,0,,,t,2025-12-07 20:09:12.551,2025-12-07 20:09:12.551,t,f,999,FRAME
cmiw5ojfd00dsitntgxjrier8,"",Jones New York,,J365,Brown,,56,17,145,751286342949,1705,,63,125,0,,,t,2025-12-07 20:09:12.793,2025-12-07 20:09:12.793,t,f,999,FRAME
cmiw5ojop00dtitnt7uhve2tc,"",Jones New York,,J366,Navy,,61,19,150,751286342970,1706,,63,220,0,,,t,2025-12-07 20:09:13.13,2025-12-07 20:09:13.13,t,f,999,FRAME
cmiw5ojxy00duitntpnqv423e,"",Jones New York,,J532,Black,,57,18,145,751286324709,1707,,56.5,195,0,,,t,2025-12-07 20:09:13.462,2025-12-07 20:09:13.462,t,f,999,FRAME
cmiw5ok5b00dvitntfmbcvxmu,"",Jones New York,,J487,Black,,53,16,135,751286315837,1709,,56.95,200,0,,,t,2025-12-07 20:09:13.728,2025-12-07 20:09:13.728,t,f,999,FRAME
cmiw5okdm00dwitnt8ofq1x9m,"",Jones New York,,J534,Black,,52,18,140,751286331288,1710,,50,150,0,,,t,2025-12-07 20:09:14.027,2025-12-07 20:09:14.027,t,f,999,FRAME
cmiw5okk700dxitntpakjywlm,"",Jones New York,,J523,Black,,53,16,140,751286283013,1711,,63,210,0,,,t,2025-12-07 20:09:14.264,2025-12-07 20:09:14.264,t,f,999,FRAME
cmiw5oks900dyitntxh9k3gcp,"",Jones New York,,J523,Grey,,53,16,140,751286283037,1712,,63,210,0,,,t,2025-12-07 20:09:14.553,2025-12-07 20:09:14.553,t,f,999,FRAME
cmiw5okyy00dzitntkcwddouy,"",Jones New York,,VJOM371,Gold,,58,19,150,751286349450,1714,,65,215,0,,,t,2025-12-07 20:09:14.794,2025-12-07 20:09:14.794,t,f,999,FRAME
cmiw5ol8b00e0itntqgiumed9,"",Jones New York,,VJOM540,Havana,,56,16,150,751286347364,1715,,61.95,215,0,,,t,2025-12-07 20:09:15.131,2025-12-07 20:09:15.131,t,f,999,FRAME
cmiw5olf300e1itntadorjyzn,"",Jones New York,,VJOM371,Brown,,58,19,150,751286349443,1716,,65,215,0,,,t,2025-12-07 20:09:15.375,2025-12-07 20:09:15.375,t,f,999,FRAME
cmiw5olo000e2itntbr1lzlji,"",Jones New York,,J495,Blue,,54,17,140,751286343007,1717,,68,225,0,,,t,2025-12-07 20:09:15.696,2025-12-07 20:09:15.696,t,f,999,FRAME
cmiw5olud00e3itntzyif4aic,"",Jones New York,,VJON785,BLK,,57,16,145,,1718,,61.5,215,0,,,t,2025-12-07 20:09:15.925,2025-12-07 20:09:15.925,t,f,999,FRAME
cmiw5om2m00e4itnt9sgs8hje,"",Jones New York,,VJOM373,Matte Black,,56,15,145,751286349559,1719,,61.5,215,0,,,t,2025-12-07 20:09:16.223,2025-12-07 20:09:16.223,t,f,999,FRAME
cmiw5ombw00e5itntc39i3mqc,"",Champion,,NOIZ4,TRANS,02,63,16,125,,1720,,48,150,0,,,t,2025-12-07 20:09:16.556,2025-12-07 20:09:16.556,t,f,999,FRAME
cmiw5omil00e6itntd40x7j6c,"",Guess?,,GM0376,havana/other,056,54,16,145,889214315649,1721,,100,300,0,,,t,2025-12-07 20:09:16.798,2025-12-07 20:09:16.798,t,f,999,FRAME
cmiw5omro00e7itnttlajknkm,"",Guess?,,GM0376,dark havana,052,54,16,145,889214315632,1722,,100,300,1,,,t,2025-12-07 20:09:17.124,2025-12-07 20:09:17.124,t,f,999,FRAME
cmiw5on6e00e9itntc0v15a15,"",Scott Harris,,Scott Harris 614,Black/Frost,3,53,17,143,738921532989,1723,,63.95,225,0,,,t,2025-12-07 20:09:17.655,2025-12-07 20:09:17.655,t,f,999,FRAME
cmiw5ond200eaitntwfk30lol,"",Scott Harris,,Scott Harris 464,Navy,2,51,17,138,738921518785,1724,,66.95,190,0,,,t,2025-12-07 20:09:17.895,2025-12-07 20:09:17.895,t,f,999,FRAME
cmiw5onm800ebitntc51570l1,"",Scott Harris,,Scott Harris 464,Black,1,51,17,138,738921518778,1725,,66.95,190,0,,,t,2025-12-07 20:09:18.225,2025-12-07 20:09:18.225,t,f,999,FRAME
cmiw5onss00ecitntd5fiq31g,"",Scott Harris,,Scott Harris 586,Matte Black,3,54,18,140,738921530336,1726,,69.95,240,0,,,t,2025-12-07 20:09:18.461,2025-12-07 20:09:18.461,t,f,999,FRAME
cmiw5oo0y00editntlgx0wv7h,"",Scott Harris,,Scott Harris 620,Gunmetal,1,55,18,143,738921533405,1727,,68.95,240,0,,,t,2025-12-07 20:09:18.754,2025-12-07 20:09:18.754,t,f,999,FRAME
cmiw5oo7n00eeitntrgpk2ygt,"",Scott Harris,,Scott Harris 646,Black/Iron,1,54,17,145,738921535003,1728,,69.95,240,0,,,t,2025-12-07 20:09:18.995,2025-12-07 20:09:18.995,t,f,999,FRAME
cmiw5oogr00efitnt64bis1hd,"",Scott Harris,,Scott Harris 688,Black/Gunmetal,1,54,18,145,738921541028,1729,,72.95,250,0,,,t,2025-12-07 20:09:19.323,2025-12-07 20:09:19.323,t,f,999,FRAME
cmiw5oonf00egitntn0b2yqtt,"",Scott Harris,,Scott Harris 688,Thyme/Gold,3,54,18,145,738921541042,1730,,72.95,250,0,,,t,2025-12-07 20:09:19.564,2025-12-07 20:09:19.564,t,f,999,FRAME
cmiw5ooxs00ehitntskhnnrc2,"",Scott Harris,,Scott Harris 682,Charcoal/Silver,2,54,16,140,738921540113,1731,,69.95,240,0,,,t,2025-12-07 20:09:19.89,2025-12-07 20:09:19.89,t,f,999,FRAME
cmiw5op5t00eiitntqsagl2n4,"",Scott Harris,,Scott Harris 694,Navy/Rust,3,54,16,145,738921541981,1732,,67.95,230,0,,,t,2025-12-07 20:09:20.225,2025-12-07 20:09:20.225,t,f,999,FRAME
cmiw5opcl00ejitntii4h3tkj,"",Scott Harris,,Scott Harris 694,Black/Gray,2,54,16,145,738921541974,1733,,67.95,230,0,,,t,2025-12-07 20:09:20.469,2025-12-07 20:09:20.469,t,f,999,FRAME
cmiw5oplo00ekitntko80zzml,"",Scott Harris,,Scott Harris 704,Midnight/Tokyo,1,51,20,145,738921543152,1734,,64.95,225,0,,,t,2025-12-07 20:09:20.797,2025-12-07 20:09:20.797,t,f,999,FRAME
cmiw5opsd00elitnten3q7lb3,"",Scott Harris,,Scott Harris 718,Black/Cobalt,1,52,19,143,738921546771,1735,,50,150,0,,,t,2025-12-07 20:09:21.038,2025-12-07 20:09:21.038,t,f,999,FRAME
cmiw5oq1n00emitnt9p934cj8,"",Scott Harris,,Scott Harris 726,Smoke/Graphite,1,52,18,140,738921551997,1736,,74.95,230,0,,,t,2025-12-07 20:09:21.372,2025-12-07 20:09:21.372,t,f,999,FRAME
cmiw5oq8a00enitnt7895bk71,"",Scott Harris,,Scott Harris 726,Dark Tortoise/Black,3,52,18,140,738921552017,1737,,74.95,230,0,,,t,2025-12-07 20:09:21.61,2025-12-07 20:09:21.61,t,f,999,FRAME
cmiw5oqg800eoitntctmw9o1b,"",Scott Harris,,Scott Harris 748,Smoke / Graphite,3,52,18,143,738921555957,1738,,67.95,240,0,,,t,2025-12-07 20:09:21.897,2025-12-07 20:09:21.897,t,f,999,FRAME
cmiw5oqn200epitntu1qhmqv7,"",Scott Harris,,Scott Harris 748,Matte Teal / Black,1,52,18,143,738921555933,1739,,67.95,240,0,,,t,2025-12-07 20:09:22.142,2025-12-07 20:09:22.142,t,f,999,FRAME
cmiw5oqw900eqitnt7e6pldtu,"",Scott Harris,,Scott Harris 794,Graphite / Mocha,3,57,17,145,738921555742,1740,,77.95,130,0,,,t,2025-12-07 20:09:22.474,2025-12-07 20:09:22.474,t,f,999,FRAME
cmiw5or2y00eritntwganetzo,"",Scott Harris,,Scott Harris 738,Amber Tortoise/Ivy/Graph,3,52,17,143,738921553229,1741,,67.95,240,0,,,t,2025-12-07 20:09:22.714,2025-12-07 20:09:22.714,t,f,999,FRAME
cmiw5orbz00esitntagu912qt,"",Scott Harris,,Scott Harris 738,Tortoise/Denim/Graphite,1,52,17,143,738921553205,1742,,67.95,240,0,,,t,2025-12-07 20:09:23.04,2025-12-07 20:09:23.04,t,f,999,FRAME
cmiw5orin00etitnt5waanzwm,"",Scott Harris UTX,,SHX-006,Blue Tortoise/Graphite,2,53,16,145,738921551300,1743,,72.95,250,0,,,t,2025-12-07 20:09:23.28,2025-12-07 20:09:23.28,t,f,999,FRAME
cmiw5orrv00euitnt8eimd9cl,"",Scott Harris UTX,,SHX-004,Burgundy/Graphite,1,50,18,145,738921551232,1744,,72.95,250,0,,,t,2025-12-07 20:09:23.612,2025-12-07 20:09:23.612,t,f,999,FRAME
cmiw5os1400evitntmk69ejha,"",Scott Harris Vintage,,Scott Harris VIN-47,Black/Gold,1,51,18,140,738921535034,1745,,50.44,180,0,,,t,2025-12-07 20:09:23.944,2025-12-07 20:09:23.944,t,f,999,FRAME
cmiw5os7n00ewitnt3mnac8fy,"",Scott Harris Vintage,,Scott Harris VIN-47,Matte Blue Stripe/Silver,3,51,18,140,738921535041,1746,,50.44,180,0,,,t,2025-12-07 20:09:24.179,2025-12-07 20:09:24.179,t,f,999,FRAME
cmiw5osfr00exitntz0p59qf4,"",Scott Harris Vintage,,Scott Harris VIN-47,Gray Demi/Dark Gunmetal,2,51,18,140,738921535171,1747,,50.44,180,0,,,t,2025-12-07 20:09:24.471,2025-12-07 20:09:24.471,t,f,999,FRAME
cmiw5osmj00eyitnt4dgzjr6g,"",Scott Harris Vintage,,Scott Harris VIN-45,Navy/Demi,2,48,19,146,738921531777,1748,,72.95,250,0,,,t,2025-12-07 20:09:24.715,2025-12-07 20:09:24.715,t,f,999,FRAME
cmiw5osvj00ezitntr7mih8ez,"",Scott Harris Vintage,,Scott Harris VIN-41,Fog/Pewter,3,50,20,145,738921526490,1749,,67.95,230,0,,,t,2025-12-07 20:09:25.04,2025-12-07 20:09:25.04,t,f,999,FRAME
cmiw5ot2900f0itntbgwygi8q,"",Scott Harris Vintage,,Scott Harris VIN-50,Tortoise,2,51,19,145,738921537946,1750,,67.95,230,0,,,t,2025-12-07 20:09:25.282,2025-12-07 20:09:25.282,t,f,999,FRAME
cmiw5otbi00f1itntqzsivmq8,"",Scott Harris Vintage,,Scott Harris VIN-52,Frost/Gunmetal,2,49,19,145,738921540472,1751,,72.95,250,0,,,t,2025-12-07 20:09:25.614,2025-12-07 20:09:25.614,t,f,999,FRAME
cmiw5oti800f2itntlp5dh3ss,"",Scott Harris Vintage,,Scott Harris VIN-37,Gray Tortoise/Gunmetal,1,49,19,140,738921520528,1752,,68.95,240,0,,,t,2025-12-07 20:09:25.856,2025-12-07 20:09:25.856,t,f,999,FRAME
cmiw5otrg00f3itntxd8jwano,"",Polo,,PH1157,Matte Black,9038,55,17,145,8053672422290,1753,,80.8,242,2,,,t,2025-12-07 20:09:26.189,2025-12-07 20:09:26.189,t,f,999,FRAME
cmiw5ou7900f6itnto766mb1a,"",Viva,,VV4032,Light Green/Other,095,54,18,145,664689979530,1754,,45,165,0,,,t,2025-12-07 20:09:26.757,2025-12-07 20:09:26.757,t,f,999,FRAME
cmiw5ougb00f7itnthy4m4nzu,"",Scott Harris,,Scott Harris 612,Currant,1,49,16,132,738921532934,1755,,72.95,240,0,,,t,2025-12-07 20:09:27.084,2025-12-07 20:09:27.084,t,f,999,FRAME
cmiw5oun600f8itntqaywfchr,"",Scott Harris,,Scott Harris 622,Tortoise Demi/Red,3,49,20,140,738921533450,1756,,66.95,130,0,,,t,2025-12-07 20:09:27.33,2025-12-07 20:09:27.33,t,f,999,FRAME
cmiw5ouwe00f9itntn010o7yd,"",Scott Harris,,Scott Harris 628,Lilac/Blue Demi,2,49,15,132,738921533801,1759,,64.95,220,0,,,t,2025-12-07 20:09:27.663,2025-12-07 20:09:27.663,t,f,999,FRAME
cmiw5ov3800faitnthak6kl81,"",Scott Harris,,Scott Harris 630,Aqua/Lapis,3,52,16,135,738921533849,1760,,50,150,0,,,t,2025-12-07 20:09:27.908,2025-12-07 20:09:27.908,t,f,999,FRAME
cmiw5ovcc00fbitntu6efadmo,"",Scott Harris,,Scott Harris 626,Aqua,1,53,16,138,738921533764,1761,,66.95,230,0,,,t,2025-12-07 20:09:28.237,2025-12-07 20:09:28.237,t,f,999,FRAME
cmiw5ovj400fcitntmw808s1h,"",Scott Harris,,Scott Harris 626,Lilac,2,53,16,138,738921533771,1762,,66.95,230,0,,,t,2025-12-07 20:09:28.481,2025-12-07 20:09:28.481,t,f,999,FRAME
cmiw5ovs400fditnta7t9vgjv,"",Scott Harris,,Scott Harris 642,Denim Cloud/Tortoise,1,49,16,132,738921534624,1763,,66.95,200,0,,,t,2025-12-07 20:09:28.805,2025-12-07 20:09:28.805,t,f,999,FRAME
cmiw5ow2r00feitnt31kvwlji,"",Scott Harris,,Scott Harris 680,Espresso/Cumin,2,52,18,140,738921539711,1764,,72.95,250,0,,,t,2025-12-07 20:09:29.187,2025-12-07 20:09:29.187,t,f,999,FRAME
cmiw5ow9v00ffitntkaieuu83,"",Scott Harris,,Scott Harris 680,Cobalt/Graphite,3,52,18,140,738921539728,1765,,72.95,250,0,,,t,2025-12-07 20:09:29.444,2025-12-07 20:09:29.444,t,f,999,FRAME
cmiw5owim00fgitntaqt6tujo,"",Scott Harris,,Scott Harris 670,Port/Gray,2,51,15,138,738921537854,1766,,64.95,230,0,,,t,2025-12-07 20:09:29.758,2025-12-07 20:09:29.758,t,f,999,FRAME
cmiw5owpf00fhitnt8qbxp6ze,"",Scott Harris,,Scott Harris 672,Moss/Lagoon,3,54,18,145,738921537892,1767,,66.95,230,0,,,t,2025-12-07 20:09:30.003,2025-12-07 20:09:30.003,t,f,999,FRAME
cmiw5owyk00fiitnt1y003yiu,"",Scott Harris,,Scott Harris 686,Plum Tortoise,1,48,15,135,738921540991,1768,,66.95,134,0,,,t,2025-12-07 20:09:30.332,2025-12-07 20:09:30.332,t,f,999,FRAME
cmiw5ox5h00fjitntd7s06xs1,"",Scott Harris,,Scott Harris 722,Navy/Rust/Aqua,2,51,18,145,738921547143,1769,,66.95,230,0,,,t,2025-12-07 20:09:30.582,2025-12-07 20:09:30.582,t,f,999,FRAME
cmiw5oxeh00fkitntm38wucrf,"",Scott Harris UTX,,SHX-001,Heather/Chrome,1,52,18,145,738921551140,1774,,72.95,240,0,,,t,2025-12-07 20:09:30.906,2025-12-07 20:09:30.906,t,f,999,FRAME
cmiw5oxno00flitntleznefwm,"",Scott Harris UTX,,SHX-003,Wine Demi/Graphite,1,53,16,145,738921551201,1775,,72.95,93,0,,,t,2025-12-07 20:09:31.237,2025-12-07 20:09:31.237,t,f,999,FRAME
cmiw5oxuj00fmitntmirx2804,"",Europa International,,Scott Harris 510,Grape Black,3,41,17,120,738921419433,1776,,43.95,185,0,,,t,2025-12-07 20:09:31.484,2025-12-07 20:09:31.484,t,f,999,FRAME
cmiw5oy3i00fnitnth81cj6ia,"",Scott Harris Vintage,,Scott Harris VIN-54,Tortoise/Pewter,1,53,18,145,738921546979,1777,,72.95,250,0,,,t,2025-12-07 20:09:31.806,2025-12-07 20:09:31.806,t,f,999,FRAME
cmiw5oyaf00foitntkginvh3l,"",Scott Harris UTX,,SHX-004,BWN,C1,50,18,145,,1778,,54,108,0,,,t,2025-12-07 20:09:32.056,2025-12-07 20:09:32.056,t,f,999,FRAME
cmiw5oyjm00fpitnt7uu4jv6p,"",CH Carolina Herrera,,VHE851K,Tortoise Pink 06HN,,53,15,140,190605289433,1779,,90,90,1,,,t,2025-12-07 20:09:32.387,2025-12-07 20:09:32.387,t,f,999,FRAME
cmiw5oyzj00fritnt300pi74g,"",CH Carolina Herrera,,VHE856K,Grey Tortoise 721Y,,53,17,135,190605289471,1780,,106,325,0,,,t,2025-12-07 20:09:32.96,2025-12-07 20:09:32.96,t,f,999,FRAME
cmiw5oz6b00fsitntaquaah6r,"",CH Carolina Herrera,,VHE874K,Black 0700,,51,16,135,190605303832,1781,,112.5,125,0,,,t,2025-12-07 20:09:33.204,2025-12-07 20:09:33.204,t,f,999,FRAME
cmiw5ozfc00ftitntgcrebpbz,"",CH Carolina Herrera,,VHE854K,Blue 09AG,09AG,53,16,135,190605289303,1782,,100,300,0,,,t,2025-12-07 20:09:33.528,2025-12-07 20:09:33.528,t,f,999,FRAME
cmiw5ozoj00fuitnto221zjed,"",CH Carolina Herrera,,VHE875K,Black 700Y,,50,18,140,190605303870,1783,,100,100,0,,,t,2025-12-07 20:09:33.859,2025-12-07 20:09:33.859,t,f,999,FRAME
cmiw5ozvg00fvitntvrqfintf,"",CH Carolina Herrera,,VHE875K,Navy 0991,,50,18,140,190605303863,1784,,100,100,1,,,t,2025-12-07 20:09:34.109,2025-12-07 20:09:34.109,t,f,999,FRAME
cmiw5p0b100fxitnt6g6txjfu,"",CH Carolina Herrera,,VHE760K,Pink 0913,,53,16,140,190605089538,1785,,93,280,0,,,t,2025-12-07 20:09:34.669,2025-12-07 20:09:34.669,t,f,999,FRAME
cmiw5p0lp00fyitntm6eqj2m6,"",CH Carolina Herrera,,VHE771K,Tortoise 0752,,53,16,135,190605127377,1786,,92.5,308,0,,,t,2025-12-07 20:09:35.002,2025-12-07 20:09:35.002,t,f,999,FRAME
cmiw5p0sf00fzitntszkmgslo,"",CH Carolina Herrera,,VHE783K,Navy 07AF,,53,15,135,190605127605,1788,,107,340,0,,,t,2025-12-07 20:09:35.296,2025-12-07 20:09:35.296,t,f,999,FRAME
cmiw5p11q00g0itnt5koopz5h,"",CH Carolina Herrera,,VHE834K,Tortoise 01AY,,54,16,135,190605257111,1789,,100,295,0,,,t,2025-12-07 20:09:35.63,2025-12-07 20:09:35.63,t,f,999,FRAME
cmiw5p1aq00g1itnt1azg0ld5,"",CH Carolina Herrera,,VHE817,Tort Teal oGEN,,53,16,135,190605204030,1790,,125,125,0,,,t,2025-12-07 20:09:35.954,2025-12-07 20:09:35.954,t,f,999,FRAME
cmiw5p1hi00g2itntd4ibc7c0,"",CH Carolina Herrera,,VHE802K,Blue Multi 06DQ,,49,19,140,190605172490,1791,,113.5,350,0,,,t,2025-12-07 20:09:36.199,2025-12-07 20:09:36.199,t,f,999,FRAME
cmiw5p1qt00g3itntvpv20z05,"",CH Carolina Herrera,,VHE806K,Black 0700,,54,15,135,190605172476,1792,,98.5,300,0,,,t,2025-12-07 20:09:36.533,2025-12-07 20:09:36.533,t,f,999,FRAME
cmiw5p1xq00g4itntdqzxkjjm,"",CH Carolina Herrera,,VHE835K,096N,,54,15,135,190605257142,1793,,100,320,0,,,t,2025-12-07 20:09:36.782,2025-12-07 20:09:36.782,t,f,999,FRAME
cmiw5p26l00g5itnt1kjuspsv,"",CH Carolina Herrera,,VHE635K,Black 0M61,,53,15,140,190605005026,1795,,93.5,210,0,,,t,2025-12-07 20:09:37.101,2025-12-07 20:09:37.101,t,f,999,FRAME
cmiw5p2d900g6itnt32zv7ffr,"",CH Carolina Herrera,,VHE836K,Tortoise Blue 0713,,51,16,135,190605257173,1796,,107,100,1,,,t,2025-12-07 20:09:37.341,2025-12-07 20:09:37.341,t,f,999,FRAME
cmiw5p2t800g8itntcnz4v12g,"",CH Carolina Herrera,,VHE836K,Tortoise Red 0722,,51,16,135,190605257180,1797,,107,100,0,,,t,2025-12-07 20:09:37.917,2025-12-07 20:09:37.917,t,f,999,FRAME
cmiw5p32800g9itntjng4hoak,"",Guess?,,GM0324,Pink/Other,074,53,17,135,664689989492,1798,,99,297,0,,,t,2025-12-07 20:09:38.24,2025-12-07 20:09:38.24,t,f,999,FRAME
cmiw5p3bl00gaitntim6z3mrt,"",Guess?,,GM0324,Black/Other,005,53,17,135,664689989461,1799,,99,297,0,,,t,2025-12-07 20:09:38.577,2025-12-07 20:09:38.577,t,f,999,FRAME
cmiw5p3ib00gbitnttm01wsc7,"",Guess?,,GM0355,dark havana,052,52,18,140,889214128140,1800,,104,315,0,,,t,2025-12-07 20:09:38.819,2025-12-07 20:09:38.819,t,f,999,FRAME
cmiw5p3rl00gcitnthl6htffg,"",Guess?,,GM0243,CRYSTAL BROWN,BRNBL,54,16,135,715583358195,1801,,118,354,0,,,t,2025-12-07 20:09:39.153,2025-12-07 20:09:39.153,t,f,999,FRAME
cmiw5p3yg00gditntu6vsou7b,"",Guess?,,GM0340,Coloured Havana,055,53,16,140,889214056238,1802,,75,220,0,,,t,2025-12-07 20:09:39.4,2025-12-07 20:09:39.4,t,f,999,FRAME
cmiw5p47d00geitntk9m6j38x,"",Guess?,,GM0362-S,pink /other,074,49,18,140,889214185211,1803,,98,120,0,,,t,2025-12-07 20:09:39.721,2025-12-07 20:09:39.721,t,f,999,FRAME
cmiw5p4dw00gfitntflfgi4wa,"",Guess?,,GM0361-S,blue/other,092,52,21,140,889214184887,1804,,102,325,0,,,t,2025-12-07 20:09:39.957,2025-12-07 20:09:39.957,t,f,999,FRAME
cmiw5p4lx00ggitntu53sm3kk,"",Guess?,,GM0339,Havana/Other,056,50,17,140,889214046765,1805,,81,270,0,,,t,2025-12-07 20:09:40.245,2025-12-07 20:09:40.245,t,f,999,FRAME
cmiw5p4sm00ghitnt1taekssa,"",Guess?,,GM0238 (GM 238),BROWN/TEAL,BRN,53,16,135,715583962071,1806,,53.25,130,0,,,t,2025-12-07 20:09:40.486,2025-12-07 20:09:40.486,t,f,999,FRAME
cmiw5p51t00giitnt9v3l45sp,"",Guess?,,GM0361-S,shiny black,001,52,21,140,889214184856,1807,,102,325,0,,,t,2025-12-07 20:09:40.818,2025-12-07 20:09:40.818,t,f,999,FRAME
cmiw5p58k00gjitnt8d6ti5xj,"",Guess?,,GU50042,shiny light nickeltin,010,54,17,145,889214270443,1808,,65,195,0,,,t,2025-12-07 20:09:41.061,2025-12-07 20:09:41.061,t,f,999,FRAME
cmiw5p5hy00gkitntvrz3r8wx,"",Guess?,,GU1974-F,havana/other,056,53,17,145,889214079053,1809,,59,210,0,,,t,2025-12-07 20:09:41.398,2025-12-07 20:09:41.398,t,f,999,FRAME
cmiw5p5qx00glitnt08sifb9b,"",Guess?,,GU50019,matte blue,091,56,19,145,889214216434,1810,,70,240,0,,,t,2025-12-07 20:09:41.721,2025-12-07 20:09:41.721,t,f,999,FRAME
cmiw5p5xg00gmitnttvwbd84a,"",CH Carolina Herrera,,VHE165K,Gold 0H60,,53,16,135,190605289334,1811,,106,300,0,,,t,2025-12-07 20:09:41.956,2025-12-07 20:09:41.956,t,f,999,FRAME
cmiw5p65g00gnitntxjjtzrax,"",CH Carolina Herrera,,VHE164K,Black 0301,0301,51,16,135,190605258255,1812,,60,250,0,,,t,2025-12-07 20:09:42.245,2025-12-07 20:09:42.245,t,f,999,FRAME
cmiw5p6c600goitntph4pg4no,"",CH Carolina Herrera,,VHE155K,Black 0301,,,,,190605257050,1813,,100,305,0,,,t,2025-12-07 20:09:42.487,2025-12-07 20:09:42.487,t,f,999,FRAME
cmiw5p6lj00gpitntkka761pm,"",CH Carolina Herrera,,VHE167K,Gold 033M,033M,50,20,140,190605258293,1814,,80,315,0,,,t,2025-12-07 20:09:42.823,2025-12-07 20:09:42.823,t,f,999,FRAME
cmiw5p6sa00gqitntyfprvjui,"",Harley-Davidson,,HD0766,Shiny Black,001,57,17,145,664689924370,1815,,67,201,0,,,t,2025-12-07 20:09:43.067,2025-12-07 20:09:43.067,t,f,999,FRAME
cmiw5p71f00gritntqyvyjgvr,"",Michael Ryen,,MR-340,Khaki,1,55,18,145,738921551805,1816,,63.25,190,0,,,t,2025-12-07 20:09:43.396,2025-12-07 20:09:43.396,t,f,999,FRAME
cmiw5p78900gsitntgkxz6m42,"",Michael Ryen,,MR-320,Bronze,2,56,17,145,738921545972,1818,,78.95,270,0,,,t,2025-12-07 20:09:43.641,2025-12-07 20:09:43.641,t,f,999,FRAME
cmiw5p7m200gtitntckquu6ke,"",Michael Ryen,,MR-312,Tortoise/Chocolate,1,58,20,150,738921542001,1819,,67.95,380,0,,,t,2025-12-07 20:09:44.138,2025-12-07 20:09:44.138,t,f,999,FRAME
cmiw5p7uk00guitnt32kx3u0d,"",Harley-Davidson,,HD0859,dark havana,052,58,16,150,889214210456,1820,,68,204,0,,,t,2025-12-07 20:09:44.444,2025-12-07 20:09:44.444,t,f,999,FRAME
cmiw5p81a00gvitntnvaor9b4,"",Harley-Davidson,,HD0786,Gold,032,57,18,145,889214069429,1821,,68,225,0,,,t,2025-12-07 20:09:44.686,2025-12-07 20:09:44.686,t,f,999,FRAME
cmiw5p8ad00gwitnts0axza5w,"",Harley-Davidson,,HD0795,matte blue,091,54,16,145,889214081148,1822,,73,225,0,,,t,2025-12-07 20:09:45.014,2025-12-07 20:09:45.014,t,f,999,FRAME
cmiw5p8hc00gxitntudebey8c,"",Jones New York,,J238,Black,,49,18,135,751286321135,1823,,60,205,0,,,t,2025-12-07 20:09:45.264,2025-12-07 20:09:45.264,t,f,999,FRAME
cmiw5p8q400gyitnto1i09x85,"",Jones New York,,J240,Purple/Tortoise,,49,18,135,751286331356,1824,,60,200,0,,,t,2025-12-07 20:09:45.581,2025-12-07 20:09:45.581,t,f,999,FRAME
cmiw5p92100gzitntvr36ffca,"",Jones New York,,J238,Brown,,49,18,135,751286321142,1825,,60,205,0,,,t,2025-12-07 20:09:46.009,2025-12-07 20:09:46.009,t,f,999,FRAME
cmiw5p9f600h0itntyhrjhcmm,"",Jones New York,,J774,Pink,,57,18,145,751286331004,1826,,50,180,0,,,t,2025-12-07 20:09:46.483,2025-12-07 20:09:46.483,t,f,999,FRAME
cmiw5p9lx00h1itnt24chfso2,"",Jones New York,,J141,Black,,49,16,135,751286280883,1827,,81.95,275,0,,,t,2025-12-07 20:09:46.726,2025-12-07 20:09:46.726,t,f,999,FRAME
cmiw5p9u500h2itnt5faak0j1,"",Jones New York,,J147,BROWN,,48,15,135,751286315547,1828,,54.5,185,0,,,t,2025-12-07 20:09:47.021,2025-12-07 20:09:47.021,t,f,999,FRAME
cmiw5pa0y00h3itntx8yhe510,"",Guess?,,GU2818,crystal,026,56,16,140,889214216823,1829,,73,225,0,,,t,2025-12-07 20:09:47.267,2025-12-07 20:09:47.267,t,f,999,FRAME
cmiw5paa000h4itntvbzjx0co,"",Jessica Mc Clintock,,4319,MAUVE HORN,,50,16,135,886453550657,1830,,64.99,195,0,,,t,2025-12-07 20:09:47.592,2025-12-07 20:09:47.592,t,f,999,FRAME
cmiw5pags00h5itntpr381gci,"",Guess?,,GU9139,Matte Violet,082,49,17,130,664689699636,1831,,45,135,0,,,t,2025-12-07 20:09:47.836,2025-12-07 20:09:47.836,t,f,999,FRAME
cmiw5papq00h6itnta4lko529,"",Converse,,K407,Purple,,49,18,135,751286325744,1832,,40,135,0,,,t,2025-12-07 20:09:48.158,2025-12-07 20:09:48.158,t,f,999,FRAME
cmiw5pawc00h7itntggap39lz,"",Scott Harris,,Scott Harris 636,Purple Multi,3,52,15,140,738921534556,1833,,67.95,220,0,,,t,2025-12-07 20:09:48.397,2025-12-07 20:09:48.397,t,f,999,FRAME
cmiw5pb5k00h8itntv3gbj609,"",Harley-Davidson,,HD0540,Matte Violet,082,54,16,135,664689890651,1834,,70,210,0,,,t,2025-12-07 20:09:48.728,2025-12-07 20:09:48.728,t,f,999,FRAME
cmiw5pbc700h9itnt6yxok7h5,"",Guess?,,GM0371,violet/other,083,53,16,140,889214284747,1835,,87,293,0,,,t,2025-12-07 20:09:48.968,2025-12-07 20:09:48.968,t,f,999,FRAME
cmiw5pblg00haitntro9g2awm,"",Candies,,CA0168,Shiny Lilac,078,50,18,135,889214032720,1836,,50,175,0,,,t,2025-12-07 20:09:49.3,2025-12-07 20:09:49.3,t,f,999,FRAME
cmiw5pbuo00hbitnt4ln4ucr3,"",Swarovski,,SK5396,coloured havana,55B,52,15,145,889214206220,1837,,103,340,0,,,t,2025-12-07 20:09:49.633,2025-12-07 20:09:49.633,t,f,999,FRAME
cmiw5pc1800hcitnt3qoev2mc,"",David Benjamin 4 Kids,,Pop Star,Warm Orchid,1,49,14,130,738921532385,1838,,49.95,180,0,,,t,2025-12-07 20:09:49.869,2025-12-07 20:09:49.869,t,f,999,FRAME
cmiw5pcaq00hditnt3o0itx6d,"",Swarovski,,SK5169,Shiny Dark Brown,048,54,16,135,664689766505,1839,,91,300,0,,,t,2025-12-07 20:09:50.163,2025-12-07 20:09:50.163,t,f,999,FRAME
cmiw5pchf00heitntmk10nzki,"",Swarovski,,SK5258,Shiny Violet,081,53,17,140,664689949786,1840,,90,180,0,,,t,2025-12-07 20:09:50.452,2025-12-07 20:09:50.452,t,f,999,FRAME
cmiw5pcql00hfitnto2m5taqz,"",Jones New York,,J491,Rose Gold,,58,17,140,751286331103,1841,,56.95,205,0,,,t,2025-12-07 20:09:50.782,2025-12-07 20:09:50.782,t,f,999,FRAME
cmiw5pcxb00hgitntvxcq2uek,"",Jones New York,,J769,Purple,,57,16,140,751286321241,1842,,54.5,130,0,,,t,2025-12-07 20:09:51.023,2025-12-07 20:09:51.023,t,f,999,FRAME
cmiw5pd6j00hhitntp7xr2p7s,"",Jones New York,,J770,Purple,,56,16,140,751286321043,1843,,56.5,195,0,,,t,2025-12-07 20:09:51.356,2025-12-07 20:09:51.356,t,f,999,FRAME
cmiw5pdfn00hiitntem0af1f4,"",Jones New York,,J486,Burgundy,,53,17,135,751286309898,1844,,68,200,0,,,t,2025-12-07 20:09:51.684,2025-12-07 20:09:51.684,t,f,999,FRAME
cmiw5pdmh00hjitntw6ayimw9,"",Jones New York,,VJON785,BLUE,,57,16,145,,,,61.5,215,0,,,t,2025-12-07 20:09:51.929,2025-12-07 20:09:51.929,t,f,999,FRAME
cmiw5pdvk00hkitntqa4k6ysc,"",COACH,,HC6110,DARK TORTOISE,5485,50,16,140,725125982917,1846,,69.18,240,0,,,t,2025-12-07 20:09:52.257,2025-12-07 20:09:52.257,t,f,999,FRAME
cmiw5pe2o00hlitntqbax1n4p,"",COACH,,HC6132,BLACK,5002,50,20,140,725125013222,1847,,53,190,0,,,t,2025-12-07 20:09:52.513,2025-12-07 20:09:52.513,t,f,999,FRAME
cmiw5pebh00hmitntee2gdeil,"",COACH,,HC6132,BURGUNDY GLITTER SIG C F,5545,50,20,140,725125013246,1848,,53,190,0,,,t,2025-12-07 20:09:52.829,2025-12-07 20:09:52.829,t,f,999,FRAME
cmiw5pei800hnitntbo0bwofg,"",Michael Kors,,MK4074 QUINTANA,DARK CHAMBRAY TRANSPAREN,3221,51,16,140,725125179713,1849,,61.56,185,0,,,t,2025-12-07 20:09:53.073,2025-12-07 20:09:53.073,t,f,999,FRAME
cmiw5perk00hoitnt6jkbdjwx,"",CH Carolina Herrera,,VHE179K,Blue 0S40,,55,15,140,190605327814,1850,,95,150,0,,,t,2025-12-07 20:09:53.408,2025-12-07 20:09:53.408,t,f,999,FRAME
cmiw5peza00hpitntjh3pkha1,"",Jones New York,,VJOM541,Blue,,61,18,150,751286347470,1851,,60,200,0,,,t,2025-12-07 20:09:53.686,2025-12-07 20:09:53.686,t,f,999,FRAME
cmiw5pf8m00hqitntlnqd61v9,"",Guess?,,GU50006,dark havana,052,50,20,145,889214157683,1852,,60,210,0,,,t,2025-12-07 20:09:54.023,2025-12-07 20:09:54.023,t,f,999,FRAME
cmiw5pfi000hritntsnd487fr,"",Guess?,,GU50040,shiny black,001,52,22,145,889214266248,1853,,78,255,0,,,t,2025-12-07 20:09:54.361,2025-12-07 20:09:54.361,t,f,999,FRAME
cmiw5pfoy00hsitntasri3lby,"",Guess?,,GU50041,shiny black,001,52,21,145,889214266293,1855,,78,234,0,,,t,2025-12-07 20:09:54.611,2025-12-07 20:09:54.611,t,f,999,FRAME
cmiw5pfxn00htitnt4m8jnonv,"",Guess?,,GU9122 (GU 9122),CRYSTAL PINK,PNK,47,14,130,715583003668,1856,,45,135,0,,,t,2025-12-07 20:09:54.923,2025-12-07 20:09:54.923,t,f,999,FRAME
cmiw5pg4n00huitnt3sofzkm3,"",Candies,,CA0183,BLK,,52,16,140,,1857,,65,163,0,,,t,2025-12-07 20:09:55.175,2025-12-07 20:09:55.175,t,f,999,FRAME
cmiw5v7wh018zitnty6nrrq6o,"",Ray-Ban Rx,,RX6493,MATTE BLACK ON BLACK,2944,53,18,140,8056597743839,,,83,249,1,,,t,2025-12-07 20:14:24.449,2025-12-07 20:14:24.449,t,f,999,FRAME
cmiw5v8b70191itntmuiryuew,"",Ray-Ban Rx,,RX7025,TRASPARENT GREY/BLUE,5719,55,17,145,8053672782585,,,83,249,0,,,t,2025-12-07 20:14:24.98,2025-12-07 20:14:24.98,t,f,999,FRAME
cmiw5v8hn0192itntih9jvh02,"",Ray-Ban Rx,,RX7047,MATTE BLACK,5196,54,17,140,8053672357936,,,69.57,209,3,,,t,2025-12-07 20:14:25.211,2025-12-07 20:14:25.211,t,f,999,FRAME
cmiw5v8w10195itntltv14av1,"",Tom Ford,,FT5673-B,black/other,005,54,15,140,889214138224,,,158,474,1,,,t,2025-12-07 20:14:25.729,2025-12-07 20:14:25.729,t,f,999,FRAME
cmiw5pgk700hwitnt3fomraz3,"",Candies,,CA0185/V,BLUE,,55,16,140,,1859,,65,220,0,,,t,2025-12-07 20:09:55.736,2025-12-07 20:09:55.736,t,f,999,FRAME
cmiw5pgtg00hxitnt2a6d2mqf,"",Candies,,CA0186,shiny light blue,084,52,15,140,889214172884,1860,,65,195,0,,,t,2025-12-07 20:09:56.068,2025-12-07 20:09:56.068,t,f,999,FRAME
cmiw5ph2q00hyitntv3wdlhuu,"",INVU,,107,GREY,,58,16,143,,1861,,25,75,0,,,t,2025-12-07 20:09:56.403,2025-12-07 20:09:56.403,t,f,999,FRAME
cmiw5ph9d00hzitntrhgxlv7k,"",CH Carolina Herrera,,SHE872V,BURG,,55,17,140,,1863,,40,100,0,,,t,2025-12-07 20:09:56.641,2025-12-07 20:09:56.641,t,f,999,FRAME
cmiw5phii00i0itntsrewn0x7,"",Guess?,,GU1904,Matte Gunmetal,009,52,17,140,664689771790,1864,,67,230,0,,,t,2025-12-07 20:09:56.971,2025-12-07 20:09:56.971,t,f,999,FRAME
cmiw5php600i1itntg776omvm,"",Guess?,,GU9194,blue/other,092,48,15,130,889214156723,1865,,54,162,0,,,t,2025-12-07 20:09:57.21,2025-12-07 20:09:57.21,t,f,999,FRAME
cmiw5phx500i2itnt7bblb2cw,"",CH Carolina Herrera,,VHE164K,Gold Purple 0E59,0E59,51,16,135,190605258279,1866,,60,250,0,,,t,2025-12-07 20:09:57.498,2025-12-07 20:09:57.498,t,f,999,FRAME
cmiw5pi3t00i3itntt8eyeivo,"",Swarovski,,SK5239,Coloured Havana,055,51,15,140,664689889891,1867,,88,295,0,,,t,2025-12-07 20:09:57.738,2025-12-07 20:09:57.738,t,f,999,FRAME
cmiw5pibq00i4itnt8vr2ry4u,"",Guess?,,GU1976,Matte Blue,091,53,18,145,889214043405,1868,,40,150,0,,,t,2025-12-07 20:09:58.023,2025-12-07 20:09:58.023,t,f,999,FRAME
cmiw5piih00i5itntt13icpn9,"",Guess?,,GU9155,Black/Other,005,48,15,130,664689783120,1869,,40,135,0,,,t,2025-12-07 20:09:58.265,2025-12-07 20:09:58.265,t,f,999,FRAME
cmiw5pirq00i6itnt8fmf6az4,"",Guess?,,GU2524,Matte Dark Brown,049,49,18,135,664689743773,1870,,35,105,0,,,t,2025-12-07 20:09:58.599,2025-12-07 20:09:58.599,t,f,999,FRAME
cmiw5piyp00i7itntqxxg1gkd,"",Guess?,,GU9184,Black/Other,005,48,16,130,889214067944,1871,,40,135,0,,,t,2025-12-07 20:09:58.849,2025-12-07 20:09:58.849,t,f,999,FRAME
cmiw5pj7t00i8itnt8sllmuc9,"",Ray-Ban Rx,,RX1971V,GOLD,2500,54,19,145,8056597075626,1872,,60,180,0,,,t,2025-12-07 20:09:59.177,2025-12-07 20:09:59.177,t,f,999,FRAME
cmiw5pjeq00i9itntv3mzwzdk,"",Ray-Ban Rx,,RX6489 AVIATOR,SHINY ROSE GOLD,3094,55,14,140,8056597261869,1873,,74.29,223,1,,,t,2025-12-07 20:09:59.426,2025-12-07 20:09:59.426,t,f,999,FRAME
cmiw5pjwn00ibitnt43spcnd6,"",Ray-Ban Rx,,RX6450,HAVANA ON ARISTA,2945,56,18,145,8056597453646,1874,,66.75,200,0,,,t,2025-12-07 20:10:00.072,2025-12-07 20:10:00.072,t,f,999,FRAME
cmiw5pk3h00icitntdu68by2y,"",Ray-Ban Rx,,RX4246V CLUBROUND,TOP WRINKLED GREY ON BRO,8050,49,19,140,8056597261685,1875,,74.6,224,0,,,t,2025-12-07 20:10:00.317,2025-12-07 20:10:00.317,t,f,999,FRAME
cmiw5pkcr00iditntr7f009ww,"",Ray-Ban Rx,,RX3447V ROUND METAL,WHITE ON LEGEND GOLD,3104,50,21,145,8056597370103,1876,,83,249,0,,,t,2025-12-07 20:10:00.651,2025-12-07 20:10:00.651,t,f,999,FRAME
cmiw5pkji00ieitntmfuwxnm7,"",Ray-Ban Rx,,RX6396,RED CHERRY,8099,53,19,145,8056597448307,1877,,74.6,224,0,,,t,2025-12-07 20:10:00.894,2025-12-07 20:10:00.894,t,f,999,FRAME
cmiw5pksh00ifitntfax4wkre,"",Ray-Ban Rx,,RX7188,TRANSPARENT,8086,54,18,140,8056597360197,1878,,56.14,168,0,,,t,2025-12-07 20:10:01.217,2025-12-07 20:10:01.217,t,f,999,FRAME
cmiw5pkzc00igitntrovdqw3a,"",Ray-Ban Rx,,RX7188,TRANSPARENT LIGHT BROWN,5940,52,18,140,8056597360142,1879,,56.14,168,0,,,t,2025-12-07 20:10:01.464,2025-12-07 20:10:01.464,t,f,999,FRAME
cmiw5pl8i00ihitntzriyjla5,"",Ray-Ban Rx,,RX7047,RED CHERRY,8099,54,17,140,7895653218789,1880,,69.57,209,1,,,t,2025-12-07 20:10:01.794,2025-12-07 20:10:01.794,t,f,999,FRAME
cmiw5ploa00ijitnt8ycdxva1,"",Jessica Mc Clintock,,4316,BROWN,,53,17,140,886453555188,,,64.99,200,0,,,t,2025-12-07 20:10:02.363,2025-12-07 20:10:02.363,t,f,999,FRAME
cmiw5pluq00ikitntyt4gwi3b,"",Jessica Mc Clintock,,4326,BROWN HORN,,52,16,130,886453583297,1881,,64.99,225,0,,,t,2025-12-07 20:10:02.595,2025-12-07 20:10:02.595,t,f,999,FRAME
cmiw5pm3h00ilitntjyzwv7z9,"",Jessica Mc Clintock,,4318,AUBERGINE,,54,17,135,886453550480,1882,,64.99,225,0,,,t,2025-12-07 20:10:02.909,2025-12-07 20:10:02.909,t,f,999,FRAME
cmiw5pmc100imitnt96sumqpy,"",Jessica Mc Clintock,,4315,SILVER,,52,16,135,886453549576,1883,,64.9,225,0,,,t,2025-12-07 20:10:03.218,2025-12-07 20:10:03.218,t,f,999,FRAME
cmiw5pmis00initntxookqvv7,"",Jessica Mc Clintock,,4308,LILAC,,53,17,135,886453539294,1884,,55,195,0,,,t,2025-12-07 20:10:03.46,2025-12-07 20:10:03.46,t,f,999,FRAME
cmiw5pmte00ioitntimqvzgjf,"",Jessica Mc Clintock,,4328,MAUVE,,54,16,135,886453588445,1885,,69.99,240,0,,,t,2025-12-07 20:10:03.842,2025-12-07 20:10:03.842,t,f,999,FRAME
cmiw5pn0100ipitnt46yrpgux,"",Ellen Tracy,,Carmel,BROWN,,49,16,130,886453556314,1886,,65.99,200,0,,,t,2025-12-07 20:10:04.082,2025-12-07 20:10:04.082,t,f,999,FRAME
cmiw5pn9900iqitnteld67ct2,"",Guess?,,GU2526,Shiny Blue,090,52,16,135,664689744305,1888,,40,130,0,,,t,2025-12-07 20:10:04.414,2025-12-07 20:10:04.414,t,f,999,FRAME
cmiw5png500iritnt6z0om7sc,"",Guess?,,GU2755,matte light blue,085,55,15,140,889214112415,,,68,225,0,,,t,2025-12-07 20:10:04.661,2025-12-07 20:10:04.661,t,f,999,FRAME
cmiw5pnp300isitnts5a8cv3y,"",Guess?,,GU2675,Beige/Other,059,49,19,140,664689956845,1889,,43.25,130,0,,,t,2025-12-07 20:10:04.983,2025-12-07 20:10:04.983,t,f,999,FRAME
cmiw5pnya00ititntw5jwg95f,"",Guess?,,GU2819,dark brown/other,050,55,19,140,889214216885,1890,,73,240,0,,,t,2025-12-07 20:10:05.22,2025-12-07 20:10:05.22,t,f,999,FRAME
cmiw5po4z00iuitnt8l1t98se,"",Jessica Mc Clintock,,4322,NAVY,,52,17,130,886453571881,1891,,66.5,200,0,,,t,2025-12-07 20:10:05.556,2025-12-07 20:10:05.556,t,f,999,FRAME
cmiw5poe700ivitntftzxhjuq,"",Harley-Davidson,,HD0881,matte black,002,50,21,145,889214259233,1892,,65,225,0,,,t,2025-12-07 20:10:05.887,2025-12-07 20:10:05.887,t,f,999,FRAME
cmiw5poks00iwitntoakjtfcp,"",Harley-Davidson,,HD0778,Matte Dark Brown,049,55,17,145,664689964840,1893,,61,210,0,,,t,2025-12-07 20:10:06.125,2025-12-07 20:10:06.125,t,f,999,FRAME
cmiw5poty00ixitnt8kmbzdmy,"",Harley-Davidson,,HD0882,matte blue,091,56,18,140,889214258434,1894,,65,195,0,,,t,2025-12-07 20:10:06.454,2025-12-07 20:10:06.454,t,f,999,FRAME
cmiw5pp0q00iyitntxmvnb05v,"",Harley-Davidson,,HD0770,Matte Black,002,58,18,150,664689964918,1895,,73,240,0,,,t,2025-12-07 20:10:06.698,2025-12-07 20:10:06.698,t,f,999,FRAME
cmiw5pp9u00izitnt1zgchaqn,"",Harley-Davidson,,HD0826,pale gold,032,61,18,145,889214158116,1896,,73,146,0,,,t,2025-12-07 20:10:07.026,2025-12-07 20:10:07.026,t,f,999,FRAME
cmiw5pphu00j0itntqt9st7gs,"",Harley-Davidson,,HD0764,Matte Gunmetal,009,54,17,140,664689918904,1897,,59,210,0,,,t,2025-12-07 20:10:07.315,2025-12-07 20:10:07.315,t,f,999,FRAME
cmiw5pppx00j1itntw65ojdzn,"",Harley-Davidson,,HD0555,shiny black,001,54,16,140,889214196422,1898,,68,204,1,,,t,2025-12-07 20:10:07.606,2025-12-07 20:10:07.606,t,f,999,FRAME
cmiw5pq6000j3itntwz2rnwze,"",Harley-Davidson,,HD0555,matte bordeaux,070,54,16,140,889214196446,1899,,68,204,0,,,t,2025-12-07 20:10:08.184,2025-12-07 20:10:08.184,t,f,999,FRAME
cmiw5pqf100j4itntaukqaxgw,"",Harley-Davidson,,HD0762,Brown Horn,062,57,17,145,664689892303,1900,,61,183,0,,,t,2025-12-07 20:10:08.509,2025-12-07 20:10:08.509,t,f,999,FRAME
cmiw5pqlr00j5itntmnlxxlzv,"",Harley-Davidson,,HD0550,shiny light nickeltin,010,53,18,140,889214086426,1901,,68,225,0,,,t,2025-12-07 20:10:08.752,2025-12-07 20:10:08.752,t,f,999,FRAME
cmiw5pqv600j6itntqs49aea0,"",Harley-Davidson,,HD0554,shiny dark brown,048,51,16,140,889214179487,1902,,68,225,0,,,t,2025-12-07 20:10:09.09,2025-12-07 20:10:09.09,t,f,999,FRAME
cmiw5pr1v00j7itntwiebiymt,"",Harley-Davidson,,HD0879,matte blue,091,56,14,140,889214258397,1903,,61,183,0,,,t,2025-12-07 20:10:09.331,2025-12-07 20:10:09.331,t,f,999,FRAME
cmiw5prar00j8itnt14z54sa4,"",Candies,,CA0186,shiny turquoise,087,52,15,140,889214172891,1904,,65,195,0,,,t,2025-12-07 20:10:09.652,2025-12-07 20:10:09.652,t,f,999,FRAME
cmiw5prhk00j9itntwwynmpq4,"",Candies,,CA0188,shiny violet,081,53,17,140,889214172709,1906,,65,225,0,,,t,2025-12-07 20:10:09.897,2025-12-07 20:10:09.897,t,f,999,FRAME
cmiw5prqo00jaitnt0batsxsu,"",Candies,,CA0197,matte bordeaux,070,55,17,140,889214288530,1909,,63,189,0,,,t,2025-12-07 20:10:10.225,2025-12-07 20:10:10.225,t,f,999,FRAME
cmiw5prxa00jbitntysrax3ex,"",Lancer/Timex,,2:14 PM,Slate,SL,57,17,145,715317196895,1910,,65,230,0,,,t,2025-12-07 20:10:10.463,2025-12-07 20:10:10.463,t,f,999,FRAME
cmiw5ps5700jcitntlg0qum95,"",Lancer/Timex,,4:41 PM,Tortoise,TO,58,16,150,715317151085,1911,,66,230,0,,,t,2025-12-07 20:10:10.747,2025-12-07 20:10:10.747,t,f,999,FRAME
cmiw5pseh00jditntu2x0lgjc,"",Lancer/Timex,,4:31 PM,Brown,BR,57,17,145,715317155496,1912,,60,180,0,,,t,2025-12-07 20:10:11.082,2025-12-07 20:10:11.082,t,f,999,FRAME
cmiw5psl600jeitnt5sa96s4x,"",Lancer/Timex,,5:21 Pm,Gold,YG,54,18,140,715317124256,1913,,60,180,0,,,t,2025-12-07 20:10:11.322,2025-12-07 20:10:11.322,t,f,999,FRAME
cmiw5pst000jfitnt25tbk1w3,"",Lancer/Timex,,5:38 AM,Gold,YG,50,16,135,715317110235,1914,,60,180,0,,,t,2025-12-07 20:10:11.604,2025-12-07 20:10:11.604,t,f,999,FRAME
cmiw5pszm00jgitntgac32304,"",Lancer/Timex,,5:24 PM,Gold,YG,58,16,150,715317010726,1915,,70,240,0,,,t,2025-12-07 20:10:11.843,2025-12-07 20:10:11.843,t,f,999,FRAME
cmiw5pt7m00jhitntow8dmcll,"",Lancer/Timex,,6:26 AM,Gold Crystal,YG,52,15,135,715317150071,1916,,60,180,0,,,t,2025-12-07 20:10:12.13,2025-12-07 20:10:12.13,t,f,999,FRAME
cmiw5pteb00jiitntzu75tz2z,"",Lancer/Timex,,6:17 AM,Gold,YG,52,15,135,715317121248,1917,,60,180,0,,,t,2025-12-07 20:10:12.371,2025-12-07 20:10:12.371,t,f,999,FRAME
cmiw5ptm600jjitnt9w50dpzm,"",Lancer/Timex,,7:32 Pm,Navy,NV,55,17,145,715317208727,1918,,65,225,0,,,t,2025-12-07 20:10:12.655,2025-12-07 20:10:12.655,t,f,999,FRAME
cmiw5ptsx00jkitnt2m4uxo8m,"",Lancer/Timex,,L060,Gunmetal,GM,61,19,160,715317054379,1919,,60,150,0,,,t,2025-12-07 20:10:12.897,2025-12-07 20:10:12.897,t,f,999,FRAME
cmiw5pu0r00jlitntnst4bhap,"",Lancer/Timex,,L069,Black,BK,56,17,145,715317090186,1920,,57,171,0,,,t,2025-12-07 20:10:13.179,2025-12-07 20:10:13.179,t,f,999,FRAME
cmiw5pu7e00jmitntghp34z7h,"",Lancer/Timex,,8:27 PM,Navy,NV,57,17,147,715317126281,1921,,60,150,0,,,t,2025-12-07 20:10:13.418,2025-12-07 20:10:13.418,t,f,999,FRAME
cmiw5pugr00jnitnt0zqveoua,"",Lancer/Timex,,T501,Black,BK,53,15,140,715317071925,1922,,68,120,0,,,t,2025-12-07 20:10:13.756,2025-12-07 20:10:13.756,t,f,999,FRAME
cmiw5punn00joitnt01u9qr6b,"",Champion,,1003,MATTE BROWN,C02,54,18,140,882851313016,1923,,59.95,200,0,,,t,2025-12-07 20:10:14.004,2025-12-07 20:10:14.004,t,f,999,FRAME
cmiw5puwn00jpitntrnkngz5w,"",Champion,,CU1022,c02,,56,17,140,,1924,,70,210,0,,,t,2025-12-07 20:10:14.327,2025-12-07 20:10:14.327,t,f,999,FRAME
cmiw5pv3q00jqitnt51rxg2ua,"",Champion,,4016,Gunmetal,C02,58,18,150,882851366142,1925,,60,180,0,,,t,2025-12-07 20:10:14.582,2025-12-07 20:10:14.582,t,f,999,FRAME
cmiw5pvcj00jritntp4uota2v,"",Champion,,4010,Gun/Navy,C01,58,18,150,882851351018,1926,,64.95,225,0,,,t,2025-12-07 20:10:14.899,2025-12-07 20:10:14.899,t,f,999,FRAME
cmiw5pvj500jsitnt0x1ny844,"",Champion,,2026,CRYSTAL/GUN,C02,54,17,145,730638352348,1927,,69.95,210,0,,,t,2025-12-07 20:10:15.137,2025-12-07 20:10:15.137,t,f,999,FRAME
cmiw5pvse00jtitnt6er9qgwy,"",Champion,,2027,CRYSTAL/SILVER,C02,47,22,145,730638352362,1928,,69.95,210,0,,,t,2025-12-07 20:10:15.47,2025-12-07 20:10:15.47,t,f,999,FRAME
cmiw5pvyw00juitntc3p3wlps,"",Champion,,DEVON,GUNMETAL,C02,59,17,155,730638378706,1929,,50,100,1,,,t,2025-12-07 20:10:15.704,2025-12-07 20:10:15.704,t,f,999,FRAME
cmiw5pwg400jwitntr9w1bkze,"",Champion,,DEVON,NAVY,C03,59,17,155,730638378713,1930,,50,100,0,,,t,2025-12-07 20:10:16.325,2025-12-07 20:10:16.325,t,f,999,FRAME
cmiw5pwmv00jxitntqyuutezd,"",Champion,,CUFLOGRAM,MATTE DK BROWN,C03,56,15,140,730638388941,1931,,84.95,255,0,,,t,2025-12-07 20:10:16.567,2025-12-07 20:10:16.567,t,f,999,FRAME
cmiw5pww500jyitnt2e5yspgs,"",Guess?,,GU1942,Matte Dark Green,097,51,19,145,664689919895,1932,,70,210,0,,,t,2025-12-07 20:10:16.902,2025-12-07 20:10:16.902,t,f,999,FRAME
cmiw5px2u00jzitntf6ah0udq,"",Guess?,,GU1948,Dark Havana,052,56,17,145,664689920105,1933,,65,130,1,,,t,2025-12-07 20:10:17.142,2025-12-07 20:10:17.142,t,f,999,FRAME
cmiw5pxid00k1itntcz5gb5n9,"",Guess?,,GU1906,Blonde Havana,053,53,18,145,889214010186,1934,,79,237,0,,,t,2025-12-07 20:10:17.701,2025-12-07 20:10:17.701,t,f,999,FRAME
cmiw5pxqj00k2itntyp2unyth,"",Guess?,,GU1906,Dark Havana,052,53,18,145,664689996346,1936,,79,237,0,,,t,2025-12-07 20:10:17.995,2025-12-07 20:10:17.995,t,f,999,FRAME
cmiw5pxx200k3itntnamn4jyp,"",BMW,,BW5006-H,shiny black / smoke,01A,53,16,145,889214213426,1944,,102,50,0,,,t,2025-12-07 20:10:18.23,2025-12-07 20:10:18.23,t,f,999,FRAME
cmiw5py5300k4itnt9qmlv5e3,"",BMW,,BW0008,BWN,,55,,,,1946,,50,125,0,,,t,2025-12-07 20:10:18.519,2025-12-07 20:10:18.519,t,f,999,FRAME
cmiw5pybw00k5itntymr1tjp7,"",BMW,,BW0006,ROSE GOLD,,60,,,,1947,,50,125,0,,,t,2025-12-07 20:10:18.765,2025-12-07 20:10:18.765,t,f,999,FRAME
cmiw5pyl000k6itntmh82nzuy,"",BCBG Max Azria,,YEARN,TOR,,55,,,,1948,,50,125,0,,,t,2025-12-07 20:10:19.092,2025-12-07 20:10:19.092,t,f,999,FRAME
cmiw5pyrs00k7itntbrs2gbrw,"",BCBG Max Azria,,CAREFREE,BLK,,57,,,,1949,,50,125,0,,,t,2025-12-07 20:10:19.336,2025-12-07 20:10:19.336,t,f,999,FRAME
cmiw5pz0p00k8itnt5m0ciidn,"",BCBG Max Azria,,CAREFREE,GOLD,,57,,,,1950,,50,125,0,,,t,2025-12-07 20:10:19.658,2025-12-07 20:10:19.658,t,f,999,FRAME
cmiw5pz7a00k9itntj0zh1zns,"",INVU,,INVU111,RED,,50,,,,1951,,39,98,0,,,t,2025-12-07 20:10:19.895,2025-12-07 20:10:19.895,t,f,999,FRAME
cmiw5pzfi00kaitntz1kplcxo,"",INVU,,INVU122,GREEN,,54,,,,1952,,39,98,0,,,t,2025-12-07 20:10:20.191,2025-12-07 20:10:20.191,t,f,999,FRAME
cmiw5pzpy00kbitntkmw8yesu,"",INVU,,INVU149,WINE,,55,,,,1953,,39,98,0,,,t,2025-12-07 20:10:20.519,2025-12-07 20:10:20.519,t,f,999,FRAME
cmiw5pzx500kcitnt96mw0x6z,"",INVU,,INVU171,SILVER,,60,,,,1954,,39,98,0,,,t,2025-12-07 20:10:20.825,2025-12-07 20:10:20.825,t,f,999,FRAME
cmiw5q05v00kditntkehodevb,"",Guess,,GM0810,WINE,,57,,,,1955,,50,125,0,,,t,2025-12-07 20:10:21.14,2025-12-07 20:10:21.14,t,f,999,FRAME
cmiw5q0co00keitntnrgyhgyt,"",Guess,,GM0816,BLUE,,56,,,,1956,,50,125,0,,,t,2025-12-07 20:10:21.384,2025-12-07 20:10:21.384,t,f,999,FRAME
cmiw5q0lw00kfitnttbc6r1ib,"",Guess,,GU7787,PINK,,57,,,,1957,,50,80,0,,,t,2025-12-07 20:10:21.716,2025-12-07 20:10:21.716,t,f,999,FRAME
cmiw5q0sq00kgitntjeq1u9hw,"",Guess,,GU7719,WHITE,,143,,,,1958,,50,125,0,,,t,2025-12-07 20:10:21.963,2025-12-07 20:10:21.963,t,f,999,FRAME
cmiw5q11k00khitnt1ern2k35,"",MaxMara,,MM0010,BWN,,55,,,,1959,,50,125,0,,,t,2025-12-07 20:10:22.281,2025-12-07 20:10:22.281,t,f,999,FRAME
cmiw5q1aw00kiitnt4lqhi9wc,"",MaxMara,,MM0014,TOR,,56,,,,1960,,50,125,0,,,t,2025-12-07 20:10:22.616,2025-12-07 20:10:22.616,t,f,999,FRAME
cmiw5q1hr00kjitntf7mbrty1,"",Converse,,SCO 054,RED,,54,,,,1962,,40,100,0,,,t,2025-12-07 20:10:22.864,2025-12-07 20:10:22.864,t,f,999,FRAME
cmiw5q1qt00kkitnt8zlqyev3,"",Converse,,SCO046,BLK/PINK,,53,,,,1963,,40,100,0,,,t,2025-12-07 20:10:23.19,2025-12-07 20:10:23.19,t,f,999,FRAME
cmiw5q1xo00klitntz6zsvr8g,"",CH Carolina Herrera,,SHE173,PINK,,53,,,,1964,,120,385,0,,,t,2025-12-07 20:10:23.436,2025-12-07 20:10:23.436,t,f,999,FRAME
cmiw5q28800kmitnto40zpzns,"",CH Carolina Herrera,,SHE788,BLK,,55,,,,1965,,125,189,0,,,t,2025-12-07 20:10:23.816,2025-12-07 20:10:23.816,t,f,999,FRAME
cmiw5q2f400knitntfuajxrrd,"",CH Carolina Herrera,,SHE148,MULTI COLOR,,57,,,,1966,,120,355,0,,,t,2025-12-07 20:10:24.064,2025-12-07 20:10:24.064,t,f,999,FRAME
cmiw5q2nx00koitntzsf6sawm,"",Victoria's Secret,,VS0023,BLK,,57,,,,1967,,40,150,0,,,t,2025-12-07 20:10:24.381,2025-12-07 20:10:24.381,t,f,999,FRAME
cmiw5q2uh00kpitnt9lvkgc44,"",Victoria's Secret PINK,,PK0037,TRANS,,58,,,,1968,,40,100,0,,,t,2025-12-07 20:10:24.617,2025-12-07 20:10:24.617,t,f,999,FRAME
cmiw5q32u00kqitnt6x0v1z4d,"",Candies,,CA1010,GREEN,,50,,,,1969,,30,199,0,,,t,2025-12-07 20:10:24.918,2025-12-07 20:10:24.918,t,f,999,FRAME
cmiw5q3bp00kritnthukc8ksc,"",Candies,,CA1036,BLK,,53,,,,1970,,30,200,0,,,t,2025-12-07 20:10:25.237,2025-12-07 20:10:25.237,t,f,999,FRAME
cmiw5q3ig00ksitnt3ct60m08,"",Michael Kors,,MK2116,BLK,,56,,,,1971,,75,200,0,,,t,2025-12-07 20:10:25.48,2025-12-07 20:10:25.48,t,f,999,FRAME
cmiw5q3rp00ktitnthgbvezx6,"",Harley Davidson,,HD0954,SILVER,,62,,,,1972,,60,170,0,,,t,2025-12-07 20:10:25.814,2025-12-07 20:10:25.814,t,f,999,FRAME
cmiw5q3yf00kuitntamt0rawr,"",Zac Posen,,Viola,Black,BK,52,17,135,715317156646,1973,,81,245,0,,,t,2025-12-07 20:10:26.056,2025-12-07 20:10:26.056,t,f,999,FRAME
cmiw5q47i00kvitntwkt717rx,"",Zac Posen,,Viola,Tortoise,TO,52,17,135,715317156653,1974,,81,245,0,,,t,2025-12-07 20:10:26.383,2025-12-07 20:10:26.383,t,f,999,FRAME
cmiw5q4eb00kwitntuzomfgb9,"",Zac Posen,,Gio,Rose Tortoise,RO,49,19,140,715317129701,1975,,81,260,0,,,t,2025-12-07 20:10:26.627,2025-12-07 20:10:26.627,t,f,999,FRAME
cmiw5q4ni00kxitnth4m7bvzh,"",BMW,,BS5001,matte black,002,55,21,145,889214212443,1976,,59,150,0,,,t,2025-12-07 20:10:26.959,2025-12-07 20:10:26.959,t,f,999,FRAME
cmiw5q4u300kyitntts0yvdcc,"",BMW,,BS5003,crystal,026,57,15,145,889214212931,1977,,59,200,0,,,t,2025-12-07 20:10:27.195,2025-12-07 20:10:27.195,t,f,999,FRAME
cmiw5q53900kzitntxs86nc75,"",BMW,,BW5008,dark havana,052,51,18,145,889214213501,1978,,62,210,0,,,t,2025-12-07 20:10:27.526,2025-12-07 20:10:27.526,t,f,999,FRAME
cmiw5q5cl00l0itntoc0di8av,"",BMW,,BW5013,black/other,005,53,21,145,889214232311,1979,,83,275,0,,,t,2025-12-07 20:10:27.861,2025-12-07 20:10:27.861,t,f,999,FRAME
cmiw5q5jd00l1itnt9halzpxz,"",House Collections,,Finn,Black Yellow,YE,52,12,135,715317016452,1980,,25,75,0,,,t,2025-12-07 20:10:28.105,2025-12-07 20:10:28.105,t,f,999,FRAME
cmiw5q5sh00l2itntnf0ku3ke,"",House Collections,,Vicki,Cherry,CH,51,18,135,715317067324,1983,,25,75,0,,,t,2025-12-07 20:10:28.433,2025-12-07 20:10:28.433,t,f,999,FRAME
cmiw5q5zb00l3itntlk764dg6,"",House Collections,,Blinda,Emerald,EM,49,18,135,715317915502,1984,,25,100,0,,,t,2025-12-07 20:10:28.679,2025-12-07 20:10:28.679,t,f,999,FRAME
cmiw5q68e00l4itntybzob7xe,"",House Collections,,Kassiani,Black,BK,53,18,140,715317088299,1986,,25,75,0,,,t,2025-12-07 20:10:29.006,2025-12-07 20:10:29.006,t,f,999,FRAME
cmiw5q6f600l5itntn2gb3m58,"",House Collections,,Kassiani,Plum,PL,53,18,140,715317088275,1987,,25,75,0,,,t,2025-12-07 20:10:29.251,2025-12-07 20:10:29.251,t,f,999,FRAME
cmiw5q6o700l6itnt3p0im3s5,"",House Collections,,Evan,Black,BK,48,16,130,715317904605,1988,,25,75,0,,,t,2025-12-07 20:10:29.576,2025-12-07 20:10:29.576,t,f,999,FRAME
cmiw5q6uv00l7itnteevhgfmp,"",House Collections,,Juan,Black,BK,46,16,125,715317105033,1989,,25,75,0,,,t,2025-12-07 20:10:29.816,2025-12-07 20:10:29.816,t,f,999,FRAME
cmiw5q73z00l8itnt9h0t9i77,"",House Collections,,Juan,Navy,NV,48,16,130,715317105088,1990,,25,75,0,,,t,2025-12-07 20:10:30.143,2025-12-07 20:10:30.143,t,f,999,FRAME
cmiw5q7dd00l9itnt0l7gydil,"",House Collections,,G505,Shiny Gold-Demi Amber,DA,51,18,140,715317201780,1991,,25,75,0,,,t,2025-12-07 20:10:30.482,2025-12-07 20:10:30.482,t,f,999,FRAME
cmiw5q7k500laitntzu0gwqp8,"",House Collections,,G505,Gunmetal,GM,49,18,135,715317201759,1992,,25,75,0,,,t,2025-12-07 20:10:30.726,2025-12-07 20:10:30.726,t,f,999,FRAME
cmiw5q7tb00lbitntod32t6cv,"",House Collections,,Steven,Black,BK,55,16,140,715317123839,1993,,25,75,0,,,t,2025-12-07 20:10:31.056,2025-12-07 20:10:31.056,t,f,999,FRAME
cmiw5q80200lcitntrts0ssd8,"",House Collections,,Phaedra,Brown,BR,49,15,125,715317105187,1994,,25,75,0,,,t,2025-12-07 20:10:31.298,2025-12-07 20:10:31.298,t,f,999,FRAME
cmiw5q89800lditntz45140yv,"",House Collections,,Phaedra,Navy,NV,47,15,120,715317105194,1995,,25,75,0,,,t,2025-12-07 20:10:31.629,2025-12-07 20:10:31.629,t,f,999,FRAME
cmiw5q8fx00leitntk4hbseop,"",House Collections,,Nick,Grey,GR,56,18,145,715317034784,1996,,25,75,0,,,t,2025-12-07 20:10:31.869,2025-12-07 20:10:31.869,t,f,999,FRAME
cmiw5q8p100lfitntyp0hyp1h,"",House Collections,,Finn,Crystal Tortoise,CR,48,12,130,715317016513,1997,,25,75,0,,,t,2025-12-07 20:10:32.198,2025-12-07 20:10:32.198,t,f,999,FRAME
cmiw5q8vo00lgitntqzkda5ms,"",House Collections,,Jessie,Tortoise,TO,54,15,140,715317129183,1998,,25,75,0,,,t,2025-12-07 20:10:32.436,2025-12-07 20:10:32.436,t,f,999,FRAME
cmiw5q93n00lhitntz2ctltd8,"",House Collections,,Aimee,Rose,RO,56,16,135,715317509701,1999,,26.95,111,0,,,t,2025-12-07 20:10:32.723,2025-12-07 20:10:32.723,t,f,999,FRAME
cmiw5q9ak00liitnthup52k0f,"",House Collections,,Bree,Purple,PU,53,16,135,715317067454,2000,,25,75,0,,,t,2025-12-07 20:10:32.973,2025-12-07 20:10:32.973,t,f,999,FRAME
cmiw5q9ji00ljitnt9ekk17rl,"",House Collections,,Mack,Tortoise,TO,53,18,143,715317767729,,,28.95,0,0,,,t,2025-12-07 20:10:33.295,2025-12-07 20:10:33.295,t,f,999,FRAME
cmiw5q9sp00lkitntlslzfxcp,"",House Collections,,Hunter,Black,BK,52,19,140,715317088008,2001,,25,75,0,,,t,2025-12-07 20:10:33.626,2025-12-07 20:10:33.626,t,f,999,FRAME
cmiw5q9zc00llitnth6s5qbfm,"",Cover Girl,,CG0552,shiny turquoise,087,53,16,140,889214121677,2003,,62,55,0,,,t,2025-12-07 20:10:33.864,2025-12-07 20:10:33.864,t,f,999,FRAME
cmiw5qa7a00lmitntk3g1ofla,"",Cover Girl,,CG4007,matte blue,091,55,17,140,889214172419,2004,,62,200,0,,,t,2025-12-07 20:10:34.15,2025-12-07 20:10:34.15,t,f,999,FRAME
cmiw5qae300lnitntzddpc76b,"",Cover Girl,,CG0559,shiny light brown,045,52,18,140,889214172297,2005,,25,150,0,,,t,2025-12-07 20:10:34.395,2025-12-07 20:10:34.395,t,f,999,FRAME
cmiw5qan500loitnt9b9epih9,"",Cover Girl,,CG0559,shiny light blue,084,52,18,140,889214172310,2006,,25,150,0,,,t,2025-12-07 20:10:34.722,2025-12-07 20:10:34.722,t,f,999,FRAME
cmiw5qatu00lpitntxndxobo5,"",Cover Girl,,CG0453,Shiny Bordeaux,069,55,17,140,664689820085,2007,,25,75,0,,,t,2025-12-07 20:10:34.963,2025-12-07 20:10:34.963,t,f,999,FRAME
cmiw5qb3300lqitntlpv180lz,"",Cover Girl,,CG0540,Burgundy,MATTE BORDEAUX,53,17,140,664689932573,2008,,25,150,0,,,t,2025-12-07 20:10:35.296,2025-12-07 20:10:35.296,t,f,999,FRAME
cmiw5qb9z00lritnthtiy6143,"",Cover Girl,,CG0481,Coloured Havana,055,52,16,140,889214059246,2009,,25,75,0,,,t,2025-12-07 20:10:35.544,2025-12-07 20:10:35.544,t,f,999,FRAME
cmiw5qbkb00lsitnty662tega,"",Cover Girl,,CG0553,shiny blue,090,50,15,140,889214121707,2010,,25,75,0,,,t,2025-12-07 20:10:35.868,2025-12-07 20:10:35.868,t,f,999,FRAME
cmiw5qbqy00ltitnt8lf08hb0,"",Cover Girl,,CG0536,Havana/Other,056,54,16,140,664689865147,2011,,25,220,0,,,t,2025-12-07 20:10:36.155,2025-12-07 20:10:36.155,t,f,999,FRAME
cmiw5qc0100luitntoypsaj51,"",Cover Girl,,CG4004,shiny fuxia,075,54,16,140,889214105271,2012,,64.95,195,0,,,t,2025-12-07 20:10:36.481,2025-12-07 20:10:36.481,t,f,999,FRAME
cmiw5qc8300lvitnt5obknimm,"",House Collections,,Preston,Brown,BR,51,18,130,715317526562,2013,,25,75,0,,,t,2025-12-07 20:10:36.772,2025-12-07 20:10:36.772,t,f,999,FRAME
cmiw5qcev00lwitnt5rg7aqbk,"",Danny Gokey,,DG 85,MBRN,,54,17,140,891160065806,2014,,66,230,0,,,t,2025-12-07 20:10:37.015,2025-12-07 20:10:37.015,t,f,999,FRAME
cmiw5qcnz00lxitnts5fkyb9e,"",Danny Gokey,,DG 89,Tort/Blue,,54,17,140,891160065943,2015,,66,230,0,,,t,2025-12-07 20:10:37.344,2025-12-07 20:10:37.344,t,f,999,FRAME
cmiw5qcuk00lyitntp9yijzcz,"",Danny Gokey,,DG 69,MBRN/GOLD,,51,19,140,891160037612,2016,,64,225,0,,,t,2025-12-07 20:10:37.58,2025-12-07 20:10:37.58,t,f,999,FRAME
cmiw5qd3t00lzitntskt5rzwc,"",Danny Gokey,,DG 86,MBLK,,55,18,140,891160065851,2017,,66,225,0,,,t,2025-12-07 20:10:37.914,2025-12-07 20:10:37.914,t,f,999,FRAME
cmiw5qdae00m0itntcp4s6ljl,"",Danny Gokey,,DG 70,Mdbrn/Mgun,,55,17,140,891160037988,2018,,64,225,0,,,t,2025-12-07 20:10:38.15,2025-12-07 20:10:38.15,t,f,999,FRAME
cmiw5qdif00m1itntz1r2975p,"",Danny Gokey,,DG 73,Mnavy/Lgun,,53,17,140,891160038671,2019,,62,220,0,,,t,2025-12-07 20:10:38.439,2025-12-07 20:10:38.439,t,f,999,FRAME
cmiw5qdp400m2itntp3qw7nnv,"",Danny Gokey,,DG 71,Mblk/Mlgun,,51,18,135,891160037995,2020,,64,225,0,,,t,2025-12-07 20:10:38.681,2025-12-07 20:10:38.681,t,f,999,FRAME
cmiw5qdyj00m3itntptxauimh,"",Danny Gokey,,DG 84,Tort/Grn,,54,17,140,891160063918,2021,,64,225,0,,,t,2025-12-07 20:10:39.019,2025-12-07 20:10:39.019,t,f,999,FRAME
cmiw5qe5900m4itnt95xwapcm,"",Danny Gokey,,DG 90,Black/Grey,,55,17,140,891160066247,2022,,66,230,0,,,t,2025-12-07 20:10:39.262,2025-12-07 20:10:39.262,t,f,999,FRAME
cmiw5qeeg00m5itnt62nkq6t3,"",Danny Gokey,,DG80,Tortoise,,50,18,140,891160060450,2023,,64,225,0,,,t,2025-12-07 20:10:39.592,2025-12-07 20:10:39.592,t,f,999,FRAME
cmiw5qenh00m6itnth8wz8d0o,"",Danny Gokey,,DG75,Tortoise,,55,18,140,891160056866,2024,,64,50,0,,,t,2025-12-07 20:10:39.917,2025-12-07 20:10:39.917,t,f,999,FRAME
cmiw5qeu700m7itntelyy4pd4,"",Danny Gokey,,DG 83,Mtort,,54,16,140,891160062997,2027,,64,225,0,,,t,2025-12-07 20:10:40.159,2025-12-07 20:10:40.159,t,f,999,FRAME
cmiw5qf3f00m8itntyfvci97n,"",ClearVision,,M 3030,CHROME,,55,19,145,886453554396,2028,,40,120,0,,,t,2025-12-07 20:10:40.491,2025-12-07 20:10:40.491,t,f,999,FRAME
cmiw5qfa300m9itnt075vsm8l,"",ClearVision,,T 5612,GUNMETAL,,54,17,145,886453565996,2029,,59.99,210,0,,,t,2025-12-07 20:10:40.732,2025-12-07 20:10:40.732,t,f,999,FRAME
cmiw5qfjd00maitntye73q0du,"",ClearVision,,Morgan,Brown,,54,16,135,886453363929,2030,,50,150,0,,,t,2025-12-07 20:10:41.065,2025-12-07 20:10:41.065,t,f,999,FRAME
cmiw5qfpx00mbitntpt5zh928,"",ClearVision,,M 3031,CHARCOAL,,54,20,145,886453581620,2031,,59.99,210,0,,,t,2025-12-07 20:10:41.302,2025-12-07 20:10:41.302,t,f,999,FRAME
cmiw5qfz500mcitntttenxois,"",ClearVision,,Heckscher Park,TEAL,,51,16,135,886453494401,2032,,40,130,0,,,t,2025-12-07 20:10:41.633,2025-12-07 20:10:41.633,t,f,999,FRAME
cmiw5qg5y00mditntrsryovqx,"",ClearVision,,Nerissa,GOLD,,52,17,130,886453589398,2033,,54.99,195,0,,,t,2025-12-07 20:10:41.879,2025-12-07 20:10:41.879,t,f,999,FRAME
cmiw5qgf000meitnt2vmoip8l,"",ClearVision,,Arabella,Blue Multi,,52,16,130,886453484068,2034,,49.99,100,0,,,t,2025-12-07 20:10:42.204,2025-12-07 20:10:42.204,t,f,999,FRAME
cmiw5qgln00mfitntiu7yji2r,"",ClearVision,,M 3021,Gunmetal,,53,19,140,886453449234,2035,,59.99,210,0,,,t,2025-12-07 20:10:42.443,2025-12-07 20:10:42.443,t,f,999,FRAME
cmiw5qgv100mgitntxvrn2dh6,"",ClearVision,,M 3027,GOLD ANTIQUE,,54,19,145,886453507064,2036,,40,120,0,,,t,2025-12-07 20:10:42.781,2025-12-07 20:10:42.781,t,f,999,FRAME
cmiw5qh4700mhitntcbo1ylhm,"",Converse,,K107,Black/gun,,48,16,130,751286326376,2037,,10,50,0,,,t,2025-12-07 20:10:43.112,2025-12-07 20:10:43.112,t,f,999,FRAME
cmiw5qhau00miitnt29mqn7re,"",Modern Art,,A618,blush/gold,,55,16,140,675254271348,2038,,74.99,225,0,,,t,2025-12-07 20:10:43.35,2025-12-07 20:10:43.35,t,f,999,FRAME
cmiw5qhjz00mjitntx5k48pjg,"",Modern Art,,A606,plum,,52,18,140,675254250466,2039,,74.99,225,0,,,t,2025-12-07 20:10:43.68,2025-12-07 20:10:43.68,t,f,999,FRAME
cmiw5qhqm00mkitnt8fl0g0ki,"",Modern Art,,A606,tortoise,,52,18,140,675254250459,2040,,74.99,225,0,,,t,2025-12-07 20:10:43.919,2025-12-07 20:10:43.919,t,f,999,FRAME
cmiw5qhym00mlitnt47nndz1x,"",Modern Art,,A604,burgundy/gold,,54,15,140,675254243208,2041,,74.99,225,0,,,t,2025-12-07 20:10:44.206,2025-12-07 20:10:44.206,t,f,999,FRAME
cmiw5qi5g00mmitnthneho6v2,"",Modern Art,,A605,burgundy gold,,53,16,140,675254243222,2042,,50,50,0,,,t,2025-12-07 20:10:44.452,2025-12-07 20:10:44.452,t,f,999,FRAME
cmiw5qiel00mnitntogn7uo3d,"",Modern Art,,A603,matte navy/gunmetal,,54,16,135,675254243161,2043,,65,195,0,,,t,2025-12-07 20:10:44.781,2025-12-07 20:10:44.781,t,f,999,FRAME
cmiw5qil600moitnt3litvn2r,"",Modern Art,,A607,matte burgundy,,52,19,140,675254246056,2044,,34,100,0,,,t,2025-12-07 20:10:45.018,2025-12-07 20:10:45.018,t,f,999,FRAME
cmiw5qiu900mpitnt1l73f2r7,"",Modern Art,,A607,matte black,,52,19,140,675254246049,2045,,34,100,0,,,t,2025-12-07 20:10:45.345,2025-12-07 20:10:45.345,t,f,999,FRAME
cmiw5qj0r00mqitntzgzapbqr,"",Modern Art,,A396,matte black/gold,,53,17,140,675254241440,2046,,74.99,182,0,,,t,2025-12-07 20:10:45.579,2025-12-07 20:10:45.579,t,f,999,FRAME
cmiw5qj9400mritntq79970a6,"",Modern Art,,A370,black demi,,53,17,140,675254202687,2047,,74.99,225,0,,,t,2025-12-07 20:10:45.88,2025-12-07 20:10:45.88,t,f,999,FRAME
cmiw5qji900msitnth6eqleuf,"",Modern Art,,A370,rose demi,,53,17,140,675254202663,2048,,74.99,225,0,,,t,2025-12-07 20:10:46.209,2025-12-07 20:10:46.209,t,f,999,FRAME
cmiw5qjp600mtitntwytkb8d3,"",Steve Madden,,Roxannne,EMERALD,,51,15,135,886453516110,2049,,50,150,0,,,t,2025-12-07 20:10:46.458,2025-12-07 20:10:46.458,t,f,999,FRAME
cmiw5qjy600muitntce9h0pob,"",Steve Madden,,Karisma,RED TORTOISE,,54,17,135,886453582559,2050,,50,220,0,,,t,2025-12-07 20:10:46.783,2025-12-07 20:10:46.783,t,f,999,FRAME
cmiw5qk5300mvitntmkauaxvl,"",Steve Madden,,Kriista,Red Laminate,,51,16,135,886453417172,2051,,50,100,0,,,t,2025-12-07 20:10:47.031,2025-12-07 20:10:47.031,t,f,999,FRAME
cmiw5qke100mwitntr6br4e80,"",Steve Madden,,Wittie,Plum Matte,,52,15,135,886453442471,2052,,50,150,0,,,t,2025-12-07 20:10:47.354,2025-12-07 20:10:47.354,t,f,999,FRAME
cmiw5qkkr00mxitntysbn8o41,"",Steve Madden,,Rando,TORTOISE,,54,18,145,886453515878,2053,,50,150,0,,,t,2025-12-07 20:10:47.595,2025-12-07 20:10:47.595,t,f,999,FRAME
cmiw5qkzh00myitntvxzp31pe,"",Steve Madden,,Hank,SMOKE HORN FADE,,52,17,140,886453561905,2054,,50,100,0,,,t,2025-12-07 20:10:48.126,2025-12-07 20:10:48.126,t,f,999,FRAME
cmiw5ql8o00mzitnt1ml0dfjj,"",Steve Madden,,Tanner,CRYSTAL,,50,18,145,886453561745,2055,,50,150,0,,,t,2025-12-07 20:10:48.457,2025-12-07 20:10:48.457,t,f,999,FRAME
cmiw5qlfg00n0itnta0462g2w,"",Steve Madden,,Khaoss,BLACK,,53,16,140,886453492926,2056,,50,150,0,,,t,2025-12-07 20:10:48.701,2025-12-07 20:10:48.701,t,f,999,FRAME
cmiw5qlog00n1itnt7dcv0rui,"",B.M.E.C.,,BIG Success,tortoise matte,,59,16,150,675254246322,2057,,64.99,120,0,,,t,2025-12-07 20:10:49.025,2025-12-07 20:10:49.025,t,f,999,FRAME
cmiw5qlxn00n2itntq8nvlzg2,"",B.M.E.C.,,BIG Demand,brown,,56,19,145,675254197808,2058,,64.99,195,0,,,t,2025-12-07 20:10:49.355,2025-12-07 20:10:49.355,t,f,999,FRAME
cmiw5qm4h00n3itntgnzlhd92,"",Europa International,,AT-388,Midnight,3,53,19,140,738921526773,2059,,59.95,120,0,,,t,2025-12-07 20:10:49.601,2025-12-07 20:10:49.601,t,f,999,FRAME
cmiw5qmdi00n4itnt53vwgv0p,"",Europa International,,AT-396,Burnt Oak/Sand,3,51,16,140,738921528388,2060,,59.95,190,0,,,t,2025-12-07 20:10:49.926,2025-12-07 20:10:49.926,t,f,999,FRAME
cmiw5qmka00n5itntbw4l9me5,"",Europa International,,AT-406,Purple Crystal,1,52,17,138,738921529897,2061,,59.95,190,0,,,t,2025-12-07 20:10:50.171,2025-12-07 20:10:50.171,t,f,999,FRAME
cmiw5qmti00n6itntiom7lp02,"",Skechers,,SE3244,matte black,002,50,21,145,889214107749,2062,,64,150,0,,,t,2025-12-07 20:10:50.502,2025-12-07 20:10:50.502,t,f,999,FRAME
cmiw5qn0200n7itntycyybbqi,"",Skechers,,SE1631,shiny pink,072,47,16,130,889214194671,2063,,45,50,0,,,t,2025-12-07 20:10:50.738,2025-12-07 20:10:50.738,t,f,999,FRAME
cmiw5qnbf00n8itnt2nxqj7y2,"",Skechers,,SE1627,Shiny Pink,072,49,16,130,664689865628,2064,,45,160,0,,,t,2025-12-07 20:10:51.094,2025-12-07 20:10:51.094,t,f,999,FRAME
cmiw5qnlb00n9itntf3242t39,"",Genevieve Paris Design,,Teresa,Burgundy,,55,18,140,675254128789,2065,,40,130,0,,,t,2025-12-07 20:10:51.504,2025-12-07 20:10:51.504,t,f,999,FRAME
cmiw5qnt100naitntityw8lus,"",Genevieve Boutique,,Georgia,black,,57,17,140,675254173338,2066,,40,130,0,,,t,2025-12-07 20:10:51.781,2025-12-07 20:10:51.781,t,f,999,FRAME
cmiw5qo1500nbitntg4jai8x5,"",Genevieve Paris Design,,Charming,Grey,,52,17,135,675254082289,2067,,40,130,0,,,t,2025-12-07 20:10:52.074,2025-12-07 20:10:52.074,t,f,999,FRAME
cmiw5qo7w00ncitntah01h4ul,"",Genevieve Boutique,,Jet Set,burgundy fade,,52,18,140,675254249644,2068,,33.5,100,0,,,t,2025-12-07 20:10:52.316,2025-12-07 20:10:52.316,t,f,999,FRAME
cmiw5qoh400nditntimf4ii7g,"",Genevieve Boutique,,Cassidy,matte burgundy/gold,,53,20,145,675254249835,2069,,40,130,0,,,t,2025-12-07 20:10:52.649,2025-12-07 20:10:52.649,t,f,999,FRAME
cmiw5qoo100neitntpujgti2h,"",Eight to Eighty,,Isla,Burgundy,,54,16,140,,2070,,25,50,0,,,t,2025-12-07 20:10:52.897,2025-12-07 20:10:52.897,t,f,999,FRAME
cmiw5qox100nfitntubt661pc,"",Steve Madden,,Roxannne,BLACK,,53,15,140,886453516196,2071,,50,150,0,,,t,2025-12-07 20:10:53.221,2025-12-07 20:10:53.221,t,f,999,FRAME
cmiw5qp6700ngitntzs8x6f75,"",Steve Madden,,Shantti,ROSE CRYSTAL,,51,17,135,886453567525,2072,,40,130,0,,,t,2025-12-07 20:10:53.552,2025-12-07 20:10:53.552,t,f,999,FRAME
cmiw5qpdx00nhitnt9vqoqf9y,"",Steve Madden,,Carmmen,BLACK TORTOISE,,54,16,145,886453561547,2073,,50,150,0,,,t,2025-12-07 20:10:53.83,2025-12-07 20:10:53.83,t,f,999,FRAME
cmiw5qpm200niitnthy9am67z,"",Steve Madden,,Laurrenn,BLUE STEEL,,52,17,135,886453582863,2074,,50,150,0,,,t,2025-12-07 20:10:54.122,2025-12-07 20:10:54.122,t,f,999,FRAME
cmiw5qpsl00njitntk6ed3ynk,"",Op-Ocean Pacific,,Venus Beach,Teal Fade,,53,16,140,886453438030,2075,,50,150,0,,,t,2025-12-07 20:10:54.358,2025-12-07 20:10:54.358,t,f,999,FRAME
cmiw5qq0o00nkitntcuirdlfl,"",Op-Ocean Pacific,,Alki Beach,BLUSH CRYSTAL,,51,16,130,886453555829,2076,,50,150,0,,,t,2025-12-07 20:10:54.648,2025-12-07 20:10:54.648,t,f,999,FRAME
cmiw5qq7f00nlitntqjt1qp98,"",Steve Madden,,Mahhi,BROWN MATTE,,53,19,145,886453557649,2077,,50,150,0,,,t,2025-12-07 20:10:54.891,2025-12-07 20:10:54.891,t,f,999,FRAME
cmiw5qqgj00nmitnt6b0s5s4g,"",Modz Titanium,,Ranger,Matte Black,,56,18,145,675254230024,2078,,25,75,0,,,t,2025-12-07 20:10:55.219,2025-12-07 20:10:55.219,t,f,999,FRAME
cmiw5qqn800nnitnt8m2jvsfq,"",Modern Times,,Maximus,matte gunmetal,,60,20,155,675254242140,2079,,50,150,0,,,t,2025-12-07 20:10:55.461,2025-12-07 20:10:55.461,t,f,999,FRAME
cmiw5qqz900noitnt8n26b7dd,"",Modern Plastics II,,Plaza,purple/ice blue,,56,18,140,675254243697,2080,,49.99,80,0,,,t,2025-12-07 20:10:55.894,2025-12-07 20:10:55.894,t,f,999,FRAME
cmiw5qr8a00npitnt2fddljf3,"",Modern Plastics II,,Monica,Grey,,52,17,135,675254037340,2081,,49.99,150,0,,,t,2025-12-07 20:10:56.218,2025-12-07 20:10:56.218,t,f,999,FRAME
cmiw5qrf200nqitntb4dowevc,"",Elements,,EL-328,Teal Demi/Teal Tortoise,2,53,15,140,738921532859,2082,,25,75,0,,,t,2025-12-07 20:10:56.462,2025-12-07 20:10:56.462,t,f,999,FRAME
cmiw5qro700nritnt4nbm4sus,"",Elements,,EL-330,Deep Red Demi/Pink,2,52,15,140,738921532880,2083,,25,75,0,,,t,2025-12-07 20:10:56.791,2025-12-07 20:10:56.791,t,f,999,FRAME
cmiw5qrv100nsitntfuluxd7r,"",Elements,,EL-366,Gunmetal,3,57,17,145,738921536246,2084,,25,75,0,,,t,2025-12-07 20:10:57.038,2025-12-07 20:10:57.038,t,f,999,FRAME
cmiw5qs4300ntitntz5npb3ys,"",Elements,,EL-190,Black/Purple,2,45,18,125,738921511496,2085,,25,75,0,,,t,2025-12-07 20:10:57.364,2025-12-07 20:10:57.364,t,f,999,FRAME
cmiw5qsas00nuitntr3nocriv,"",Elements,,EL-400,Black,1,55,17,142,738921543008,2086,,25,75,0,,,t,2025-12-07 20:10:57.604,2025-12-07 20:10:57.604,t,f,999,FRAME
cmiw5qsjt00nvitntoootw8pi,"",Elements,,EL-390,Rose/Slate,2,54,18,135,738921540915,2087,,25,75,0,,,t,2025-12-07 20:10:57.93,2025-12-07 20:10:57.93,t,f,999,FRAME
cmiw5qsqe00nwitntqo0rlxz3,"",Elements,,EL-390,Fuchsia/Olive,3,54,18,135,738921540922,2088,,25,75,0,,,t,2025-12-07 20:10:58.167,2025-12-07 20:10:58.167,t,f,999,FRAME
cmiw5qsyk00nxitntct60bl47,"",Elements,,EL-410,Crystal,3,53,16,135,738921550655,2089,,25,75,0,,,t,2025-12-07 20:10:58.461,2025-12-07 20:10:58.461,t,f,999,FRAME
cmiw5qt7t00nyitnt2rxo12ue,"",Elements,,EL-346,Eggplant/Purple/Blue,2,49,20,140,738921534686,2090,,25,75,0,,,t,2025-12-07 20:10:58.794,2025-12-07 20:10:58.794,t,f,999,FRAME
cmiw5qteh00nzitntoaqzb0ec,"",Elements,,EL-386,Navy,1,47,15,125,738921539346,2091,,25,75,0,,,t,2025-12-07 20:10:59.033,2025-12-07 20:10:59.033,t,f,999,FRAME
cmiw5qtnn00o0itnt7rlxets2,"",Converse,,VCJ002,Pink,,50,15,130,751286339239,2092,,25,75,0,,,t,2025-12-07 20:10:59.363,2025-12-07 20:10:59.363,t,f,999,FRAME
cmiw5qtub00o1itnt9r35az6m,"",Converse,,VCJ002,Teal,,50,15,130,751286339253,2093,,25,75,0,,,t,2025-12-07 20:10:59.603,2025-12-07 20:10:59.603,t,f,999,FRAME
cmiw5qu3j00o2itntqlqdqyjh,"",Converse,,VCJ004,Blue,,49,17,135,751286339499,2094,,25,50,0,,,t,2025-12-07 20:10:59.936,2025-12-07 20:10:59.936,t,f,999,FRAME
cmiw5qua900o3itnten1nx6gh,"",Converse,,Why,Black,BLA,49,15,130,751286139051,2095,,25,50,0,,,t,2025-12-07 20:11:00.178,2025-12-07 20:11:00.178,t,f,999,FRAME
cmiw5qujc00o4itnt1ll17lo8,"",Converse,,VCJ007,Teal,,48,14,130,751286339284,2096,,25,50,0,,,t,2025-12-07 20:11:00.504,2025-12-07 20:11:00.504,t,f,999,FRAME
cmiw5quq600o5itnt5qefuwr0,"",Converse,,Q319,Tortoise,,53,17,140,751286325294,2097,,25,50,0,,,t,2025-12-07 20:11:00.751,2025-12-07 20:11:00.751,t,f,999,FRAME
cmiw5quzg00o6itntmx74ksgx,"",Converse,,Q321,Tortoise,,54,18,140,751286325409,2098,,25,130,0,,,t,2025-12-07 20:11:01.085,2025-12-07 20:11:01.085,t,f,999,FRAME
cmiw5qvbj00o7itntrp8tj76d,"",Converse,,Q303,Tortoise,,55,17,145,751286299250,2099,,25,100,1,,,t,2025-12-07 20:11:01.52,2025-12-07 20:11:01.52,t,f,999,FRAME
cmiw5qvr100o9itnt23jl1itq,"",Converse,,Q315,Black,,50,19,140,751286320879,2100,,25,50,0,,,t,2025-12-07 20:11:02.078,2025-12-07 20:11:02.078,t,f,999,FRAME
cmiw5qvxw00oaitntj9pswg1o,"",Converse,,Q311,Brown Horn,,54,15,140,751286310245,2101,,25,50,0,,,t,2025-12-07 20:11:02.324,2025-12-07 20:11:02.324,t,f,999,FRAME
cmiw5qw7400obitntkl482zu5,"",Converse,,Q114,Light Blue,,51,19,145,751286322569,2102,,25,50,0,,,t,2025-12-07 20:11:02.657,2025-12-07 20:11:02.657,t,f,999,FRAME
cmiw5qwga00ocitntb1ok8wkd,"",Converse,,Q405,Pink,,54,16,135,751286310337,2103,,41.66,155,0,,,t,2025-12-07 20:11:02.986,2025-12-07 20:11:02.986,t,f,999,FRAME
cmiw5qwn100oditnt016t23zg,"",Converse,,Q405,Grey,,54,16,135,751286310320,2104,,41.66,155,0,,,t,2025-12-07 20:11:03.229,2025-12-07 20:11:03.229,t,f,999,FRAME
cmiw5qww900oeitntpfll45dj,"",Converse,,Q020 UF,purple,,51,15,135,751286264968,2105,,25,50,0,,,t,2025-12-07 20:11:03.562,2025-12-07 20:11:03.562,t,f,999,FRAME
cmiw5qx4300ofitntnjr96lx5,"",Converse,,K405,Blue,,49,16,130,751286311365,2106,,25,50,0,,,t,2025-12-07 20:11:03.843,2025-12-07 20:11:03.843,t,f,999,FRAME
cmiw5qxdf00ogitntsj00nq9v,"",Converse,,K406,Pink,,48,18,130,751286325706,2107,,25,50,0,,,t,2025-12-07 20:11:04.18,2025-12-07 20:11:04.18,t,f,999,FRAME
cmiw5qxk600ohitntx9c1a12u,"",Converse,,K403,Blue,,47,14,130,751286302738,2108,,25,50,0,,,t,2025-12-07 20:11:04.422,2025-12-07 20:11:04.422,t,f,999,FRAME
cmiw5qxte00oiitnt565i54fx,"",Converse,,K102,BLACK,,49,16,135,751286294637,2109,,25,50,0,,,t,2025-12-07 20:11:04.755,2025-12-07 20:11:04.755,t,f,999,FRAME
cmiw5qy6100ojitntiwpuzs4j,"",Converse,,K108,Gunmetal,,48,16,130,751286325645,2111,,25,50,0,,,t,2025-12-07 20:11:05.209,2025-12-07 20:11:05.209,t,f,999,FRAME
cmiw5qycw00okitnt3pfscp7b,"",Converse,,K108,Black,,48,16,130,751286325638,2112,,25,50,0,,,t,2025-12-07 20:11:05.457,2025-12-07 20:11:05.457,t,f,999,FRAME
cmiw5qyl500olitntqg010jzm,"",Converse,,K018,Black,,47,16,125,751286278880,2113,,25,120,0,,,t,2025-12-07 20:11:05.753,2025-12-07 20:11:05.753,t,f,999,FRAME
cmiw5qyrr00omitnt6zjwa3q5,"",Converse,,K306,Matte Black,,48,17,130,751286310962,2114,,25,75,0,,,t,2025-12-07 20:11:05.992,2025-12-07 20:11:05.992,t,f,999,FRAME
cmiw5qz2500onitntdhgh0hso,"",Converse,,K017,Black/Crystal,,48,15,130,751286278811,2115,,25,50,0,,,t,2025-12-07 20:11:06.32,2025-12-07 20:11:06.32,t,f,999,FRAME
cmiw5qzbk00ooitnt4r2qqow0,"",TMX,,Blitz,Black,BK,49,16,130,715317109475,2116,,60,90,0,,,t,2025-12-07 20:11:06.705,2025-12-07 20:11:06.705,t,f,999,FRAME
cmiw5qzi800opitntjzrybhsi,"",TMX,,Two Strikes,Blue,BL,51,17,135,715317065276,2117,,60,130,0,,,t,2025-12-07 20:11:06.945,2025-12-07 20:11:06.945,t,f,999,FRAME
cmiw5qzrf00oqitntnqa4ossu,"",TMX,,Merge,Navy,NV,51,16,130,715317109468,2118,,60,200,0,,,t,2025-12-07 20:11:07.276,2025-12-07 20:11:07.276,t,f,999,FRAME
cmiw5qzy100oritntto29l9hc,"",TMX,,Relay,Navy,NV,50,17,135,715317065467,2119,,61,183,0,,,t,2025-12-07 20:11:07.513,2025-12-07 20:11:07.513,t,f,999,FRAME
cmiw5r06100ositnt1rqcbwlt,"",TMX,,Blitz,Navy,NV,49,16,130,715317109512,2120,,60,90,0,,,t,2025-12-07 20:11:07.801,2025-12-07 20:11:07.801,t,f,999,FRAME
cmiw5r0cw00otitntwgv40ww2,"",TMX,,Ballpark,Gunmetal,GM,47,15,125,715317017053,2121,,60,100,0,,,t,2025-12-07 20:11:08.049,2025-12-07 20:11:08.049,t,f,999,FRAME
cmiw5r0lz00ouitntaxafcq5f,"",Converse,,K011,black,,50,16,135,751286265583,2122,,25,50,0,,,t,2025-12-07 20:11:08.375,2025-12-07 20:11:08.375,t,f,999,FRAME
cmiw5r0so00ovitntd8dmbvca,"",Converse,,K501,Slate,,49,17,135,751286301656,2123,,25,50,0,,,t,2025-12-07 20:11:08.617,2025-12-07 20:11:08.617,t,f,999,FRAME
cmiw5r11t00owitnt4gvrh5bs,"",Converse,,K022,Purple,,49,15,130,751286279252,2124,,25,50,0,,,t,2025-12-07 20:11:08.945,2025-12-07 20:11:08.945,t,f,999,FRAME
cmiw5r1b000oxitnto5tf31de,"",Converse,,K403,Brown,,47,14,130,751286302752,2125,,25,50,0,,,t,2025-12-07 20:11:09.276,2025-12-07 20:11:09.276,t,f,999,FRAME
cmiw5r1hn00oyitntg6mxsu9z,"",David Benjamin 4 Kids,,Sweetpea,Crystal,3,50,16,135,738921556596,2126,,49.95,150,0,,,t,2025-12-07 20:11:09.516,2025-12-07 20:11:09.516,t,f,999,FRAME
cmiw5r1pm00ozitntsyh73dco,"",David Benjamin 4 Kids,,Athleisure,Gray / Highlighter,3,50,15,135,738921556473,2127,,50,150,0,,,t,2025-12-07 20:11:09.803,2025-12-07 20:11:09.803,t,f,999,FRAME
cmiw5r1w900p0itntnm7k5il8,"",David Benjamin 4 Kids,,Graffiti,Pink / Watermelon,3,46,15,125,738921556718,2128,,49.95,150,0,,,t,2025-12-07 20:11:10.042,2025-12-07 20:11:10.042,t,f,999,FRAME
cmiw5r26u00p1itnthzfsu18q,"",David Benjamin 4 Kids,,Fast Track,Black Gradient,3,49,14,130,738921532187,2129,,51.95,160,0,,,t,2025-12-07 20:11:10.423,2025-12-07 20:11:10.423,t,f,999,FRAME
cmiw5r2dp00p2itnt8psfleg3,"",David Benjamin 4 Kids,,Fast Track,Slate/Navy/Red,2,47,14,125,738921532156,2130,,51.95,160,0,,,t,2025-12-07 20:11:10.67,2025-12-07 20:11:10.67,t,f,999,FRAME
cmiw5r2mp00p3itntcpfmpzi9,"",David Benjamin 4 Kids,,Ka-Pow!,Black/Iron,3,50,15,135,738921538394,2131,,49.95,150,0,,,t,2025-12-07 20:11:10.993,2025-12-07 20:11:10.993,t,f,999,FRAME
cmiw5r2ta00p4itnta6zfivc7,"",David Benjamin 4 Kids,,Hat Trick,Navy / Blue / Red,2,48,17,130,738921556398,2132,,49.95,150,0,,,t,2025-12-07 20:11:11.23,2025-12-07 20:11:11.23,t,f,999,FRAME
cmiw5r32g00p5itntwnnpsrlv,"",David Benjamin 4 Kids,,Hana,Emerald/Pink,3,48,16,130,738921539698,2133,,49.95,150,0,,,t,2025-12-07 20:11:11.56,2025-12-07 20:11:11.56,t,f,999,FRAME
cmiw5r38t00p6itntdnhoa09t,"",David Benjamin 4 Kids,,Champ,Red/Black,2,47,16,125,738921548454,2134,,49.95,100,0,,,t,2025-12-07 20:11:11.79,2025-12-07 20:11:11.79,t,f,999,FRAME
cmiw5r3h700p7itntujkb1k8b,"",David Benjamin 4 Kids,,Evie,Mint,2,48,16,130,738921548157,2135,,49.95,150,0,,,t,2025-12-07 20:11:12.092,2025-12-07 20:11:12.092,t,f,999,FRAME
cmiw5r3qf00p8itntecev52fj,"",David Benjamin 4 Kids,,Juicebox,Grape,2,49,16,130,738921548409,2137,,49.95,150,0,,,t,2025-12-07 20:11:12.423,2025-12-07 20:11:12.423,t,f,999,FRAME
cmiw5r3xa00p9itnte4lxo53s,"",Adrienne Vittadini,,AV 6017,Navy,,59,19,150,891160059355,2139,,50,150,0,,,t,2025-12-07 20:11:12.671,2025-12-07 20:11:12.671,t,f,999,FRAME
cmiw5r46d00paitnt0i1ktkn0,"",Adrienne Vittadini,,AV 6017,Gunmetal,,59,19,150,891160059348,2140,,50,150,0,,,t,2025-12-07 20:11:12.997,2025-12-07 20:11:12.997,t,f,999,FRAME
cmiw5r4d400pbitnt4nzecucu,"",MaxMara,,MM5001-H,shiny dark bronze,036,57,14,140,889214277008,2145,,30,100,0,,,t,2025-12-07 20:11:13.241,2025-12-07 20:11:13.241,t,f,999,FRAME
cmiw5r4mc00pcitnt4ddou9zr,"",MaxMara,,MM5013,blue/other,092,54,13,140,889214276414,2146,,30,100,0,,,t,2025-12-07 20:11:13.572,2025-12-07 20:11:13.572,t,f,999,FRAME
cmiw5r4ud00pditnth8kj4mqg,"",MaxMara,,MM5015,shiny light brown,045,54,14,140,889214276483,2147,,30,100,0,,,t,2025-12-07 20:11:13.861,2025-12-07 20:11:13.861,t,f,999,FRAME
cmiw5r53j00peitntiq3a9zwk,"",MaxMara,,MM5012,shiny red,066,54,14,140,889214276360,2148,,30,100,0,,,t,2025-12-07 20:11:14.192,2025-12-07 20:11:14.192,t,f,999,FRAME
cmiw5r5cq00pfitnt0ad3br69,"",Costa,,TR-90,BROWN,,55,,,,2149,,75,200,0,,,t,2025-12-07 20:11:14.522,2025-12-07 20:11:14.522,t,f,999,FRAME
cmiw5r5jk00pgitntcaellblp,"",Champion,,2014,BLACK,C01,55,18,145,882851374406,2150,,60,190,0,,,t,2025-12-07 20:11:14.769,2025-12-07 20:11:14.769,t,f,999,FRAME
cmiw5r5st00phitntha89ov41,"",Champion,,2022,BROWN/GUN,C02,54,16,135,882851378244,2151,,69.95,0,0,,,t,2025-12-07 20:11:15.101,2025-12-07 20:11:15.101,t,f,999,FRAME
cmiw5r5zl00piitntlbuh4eo6,"",House Collections,,Bree,Black,BK,53,16,135,715317067393,2152,,25,75,0,,,t,2025-12-07 20:11:15.345,2025-12-07 20:11:15.345,t,f,999,FRAME
cmiw5r68w00pjitnt47odsgsg,"",ClearVision,,Santa Monica,Coffee Brown,,51,16,130,886453457093,2153,,45,165,0,,,t,2025-12-07 20:11:15.68,2025-12-07 20:11:15.68,t,f,999,FRAME
cmiw5r6fl00pkitntoj7iqfxk,"",Juicy Couture,,JUICY 902,Raspberry/Pink,0RW5,46,15,125,716737245606,2154,,35,135,0,,,t,2025-12-07 20:11:15.921,2025-12-07 20:11:15.921,t,f,999,FRAME
cmiw5r6of00plitntl5s2z5b0,"",Jones New York,,J367,Gunmetal,,55,18,145,751286343106,2155,,33.2,100,0,,,t,2025-12-07 20:11:16.24,2025-12-07 20:11:16.24,t,f,999,FRAME
cmiw5r6ux00pmitntsh9lrcet,"",Jones New York,,J528,Tortoise,,58,15,150,751286303940,2156,,63,189,0,,,t,2025-12-07 20:11:16.474,2025-12-07 20:11:16.474,t,f,999,FRAME
cmiw5r73300pnitntvv6werw5,"",Jones New York,,J535,Black,,58,17,150,751286336313,2157,,63,126,1,,,t,2025-12-07 20:11:16.767,2025-12-07 20:11:16.767,t,f,999,FRAME
cmiw5r7ip00ppitntlmj4mkqb,"",Jones New York,,J363,Black,,57,17,145,751286336252,2159,,68,204,0,,,t,2025-12-07 20:11:17.33,2025-12-07 20:11:17.33,t,f,999,FRAME
cmiw5r7pf00pqitntsr14z1rr,"",Jones New York,,J533,Tortoise,,61,18,155,751286331240,2161,,68,235,0,,,t,2025-12-07 20:11:17.572,2025-12-07 20:11:17.572,t,f,999,FRAME
cmiw5r7yn00pritnt9mri8s4t,"",Jones New York,,J534,Mate Smoke,,52,18,140,751286331301,2162,,50,150,0,,,t,2025-12-07 20:11:17.904,2025-12-07 20:11:17.904,t,f,999,FRAME
cmiw5r86m00psitntxrwv1hbd,"",Jones New York,,J516,Blonde Tortoise,BLO,48,21,150,751286232707,2163,,68,235,0,,,t,2025-12-07 20:11:18.19,2025-12-07 20:11:18.19,t,f,999,FRAME
cmiw5r8dc00ptitntnjdync58,"",Jones New York,,J357,Brown,,55,18,145,751286315943,2164,,54.5,190,0,,,t,2025-12-07 20:11:18.432,2025-12-07 20:11:18.432,t,f,999,FRAME
cmiw5r8mj00puitntx5zftbyg,"",Jones New York,,J539,Blue,BLU,55,16,145,751286343069,2165,,55,165,0,,,t,2025-12-07 20:11:18.763,2025-12-07 20:11:18.763,t,f,999,FRAME
cmiw5r8ta00pvitnth0fxgbia,"",Jones New York,,J779,Blue Leopard,,54,16,140,751286342789,2166,,59.95,210,0,,,t,2025-12-07 20:11:19.007,2025-12-07 20:11:19.007,t,f,999,FRAME
cmiw5r92l00pwitnttanqeg79,"",Jones New York,,J767,Brown,,55,16,140,751286315899,2167,,51.95,185,0,,,t,2025-12-07 20:11:19.341,2025-12-07 20:11:19.341,t,f,999,FRAME
cmiw5r99600pxitntyh5r4nn2,"",Jones New York,,J360,Tortoise Black,,49,21,145,751286324624,2169,,63,189,0,,,t,2025-12-07 20:11:19.579,2025-12-07 20:11:19.579,t,f,999,FRAME
cmiw5r9i900pyitntf7ys99s5,"",Jones New York,,J358,NAVY,,51,20,145,751286315998,2170,,56.5,170,0,,,t,2025-12-07 20:11:19.906,2025-12-07 20:11:19.906,t,f,999,FRAME
cmiw5r9p300pzitnty66gpbpy,"",Jones New York,,J359,Matte Black,,53,19,145,751286324563,2171,,60,200,0,,,t,2025-12-07 20:11:20.151,2025-12-07 20:11:20.151,t,f,999,FRAME
cmiw5r9y600q0itntuoohtxaj,"",Guess?,,GM0370,dark havana,052,53,17,140,889214284709,2172,,81,275,0,,,t,2025-12-07 20:11:20.479,2025-12-07 20:11:20.479,t,f,999,FRAME
cmiw5ra4r00q1itntc4xcbflh,"",Guess?,,GM0255,VIOLET/OTHER,083,53,16,135,664689700615,2174,,81,243,0,,,t,2025-12-07 20:11:20.715,2025-12-07 20:11:20.715,t,f,999,FRAME
cmiw5racr00q2itntteu6paum,"",Guess?,,GU2492,Shiny Blue,090,52,16,135,664689697465,2175,,70,150,0,,,t,2025-12-07 20:11:21.003,2025-12-07 20:11:21.003,t,f,999,FRAME
cmiw5rajd00q3itnt9e5ttt4i,"",Guess?,,GM0286,Blue/Other,092,52,18,135,664689779741,2176,,75,225,0,,,t,2025-12-07 20:11:21.241,2025-12-07 20:11:21.241,t,f,999,FRAME
cmiw5rasl00q4itnti1lkvclz,"",Guess?,,GM0280,Dark Brown/Other,050,51,16,135,664689779970,2177,,70,210,0,,,t,2025-12-07 20:11:21.528,2025-12-07 20:11:21.528,t,f,999,FRAME
cmiw5rb1r00q5itntc86uju13,"",Guess?,,GM0357,pink /other,074,52,18,140,889214140821,2178,,70,140,0,,,t,2025-12-07 20:11:21.904,2025-12-07 20:11:21.904,t,f,999,FRAME
cmiw5rb8j00q6itnt2a38dpaj,"",Guess?,,GU2811,violet/other,083,54,17,140,889214214126,2179,,65,195,1,,,t,2025-12-07 20:11:22.148,2025-12-07 20:11:22.148,t,f,999,FRAME
cmiw5rboa00q8itntn9cv1nyc,"",Guess?,,GU2614,Matte Black,002,52,17,135,664689877065,2180,,60,195,0,,,t,2025-12-07 20:11:22.714,2025-12-07 20:11:22.714,t,f,999,FRAME
cmiw5rbwd00q9itntp52hm21l,"",Gant,,GA3115,Dark Havana,052,49,21,140,664689788620,2181,,50,150,1,,,t,2025-12-07 20:11:23.006,2025-12-07 20:11:23.006,t,f,999,FRAME
cmiw5rcc700qbitnt46ll2l9j,"",Gant,,GA3189,Dark Havana,052,51,18,145,889214047083,2182,,60,150,0,,,t,2025-12-07 20:11:23.575,2025-12-07 20:11:23.575,t,f,999,FRAME
cmiw5rcis00qcitntsrvpwuhr,"",Guess?,,GU50017,matte black,002,56,18,145,889214216762,2183,,70,210,0,,,t,2025-12-07 20:11:23.813,2025-12-07 20:11:23.813,t,f,999,FRAME
cmiw5rcqr00qditntn4rjqepy,"",Guess?,,GU1959,Dark Havana,052,49,20,145,664689952960,2184,,43.25,130,1,,,t,2025-12-07 20:11:24.1,2025-12-07 20:11:24.1,t,f,999,FRAME
cmiw5rd6m00qfitnt9zmtt5f6,"",Guess?,,GU50003,matte blue,091,55,17,145,889214157515,2185,,43.25,215,0,,,t,2025-12-07 20:11:24.67,2025-12-07 20:11:24.67,t,f,999,FRAME
cmiw5rdd600qgitntnybgquq2,"",Guess?,,GU1963,Dark Havana,052,52,17,145,889214012524,2186,,43.25,130,0,,,t,2025-12-07 20:11:24.907,2025-12-07 20:11:24.907,t,f,999,FRAME
cmiw5rdlg00qhitntx4r08g9z,"",Guess?,,GU1966,Black/Other,005,55,15,145,889214012395,2187,,43.25,130,0,,,t,2025-12-07 20:11:25.204,2025-12-07 20:11:25.204,t,f,999,FRAME
cmiw5rdrz00qiitntf4n02tik,"",Guess?,,GU50005,shiny gunmetal,008,54,18,145,889214157607,2188,,43.25,180,0,,,t,2025-12-07 20:11:25.439,2025-12-07 20:11:25.439,t,f,999,FRAME
cmiw5re1100qjitnt9egtj0z9,"",Ellen Tracy,,Bruges,BLACK LAMINATE,,53,16,140,886453534770,2189,,65.99,130,0,,,t,2025-12-07 20:11:25.766,2025-12-07 20:11:25.766,t,f,999,FRAME
cmiw5reae00qkitnt8sa9anx9,"",Ellen Tracy,,Slovenia,BROWN,,53,16,140,886453559537,2190,,65.99,161,0,,,t,2025-12-07 20:11:26.102,2025-12-07 20:11:26.102,t,f,999,FRAME
cmiw5regx00qlitnthojoezuf,"",Ellen Tracy,,Chania,EMERALD,,51,17,130,886453497044,2191,,66,230,0,,,t,2025-12-07 20:11:26.338,2025-12-07 20:11:26.338,t,f,999,FRAME
cmiw5rep000qmitntogo6d25i,"",Ellen Tracy,,Serbia,PLUM LAMINATE,,51,16,140,886453557861,2192,,72.99,250,0,,,t,2025-12-07 20:11:26.628,2025-12-07 20:11:26.628,t,f,999,FRAME
cmiw5revy00qnitnt0l9au0s6,"",Ellen Tracy,,Edina,BLACK/GOLD,,51,17,130,886453570495,2193,,65.99,225,0,,,t,2025-12-07 20:11:26.879,2025-12-07 20:11:26.879,t,f,999,FRAME
cmiw5rf4v00qoitntzzgk5jy9,"",Danny Gokey,,DG65,Mblk,,52,18,140,891160033966,2194,,60,210,0,,,t,2025-12-07 20:11:27.199,2025-12-07 20:11:27.199,t,f,999,FRAME
cmiw5rfbo00qpitntzeonzun0,"",Danny Gokey,,DG-70,GUN,,55,,,,2195,,55,195,0,,,t,2025-12-07 20:11:27.445,2025-12-07 20:11:27.445,t,f,999,FRAME
cmiw5rfkv00qqitnt86lpxsc3,"",Scott Harris Vintage,,Scott Harris VIN-49,Purple Demi,3,50,20,140,738921537922,2196,,73.95,255,0,,,t,2025-12-07 20:11:27.776,2025-12-07 20:11:27.776,t,f,999,FRAME
cmiw5rfrc00qritntovl5i1g7,"",Izod,,2077,CRYSTAL,,48,17,145,886453543840,2197,,67.99,210,0,,,t,2025-12-07 20:11:28.009,2025-12-07 20:11:28.009,t,f,999,FRAME
cmiw5rg0w00qsitntxuklo6lf,"",Izod,,2087,GREY,,52,19,145,886453578798,2198,,67.99,205,0,,,t,2025-12-07 20:11:28.352,2025-12-07 20:11:28.352,t,f,999,FRAME
cmiw5rg9w00qtitntm18evu1y,"",Izod,,2051,Grey Horn,,53,17,140,886453478371,2199,,67.99,235,0,,,t,2025-12-07 20:11:28.676,2025-12-07 20:11:28.676,t,f,999,FRAME
cmiw5rggl00quitnt2c9817cv,"",Izod,,2009,CRYSTAL,,,,,886453579771,2200,,67.99,205,0,,,t,2025-12-07 20:11:28.917,2025-12-07 20:11:28.917,t,f,999,FRAME
cmiw5rgpu00qvitnt5c7qdfos,"",Izod,,2072,BLACK,,55,18,145,886453512143,2201,,64.99,195,0,,,t,2025-12-07 20:11:29.25,2025-12-07 20:11:29.25,t,f,999,FRAME
cmiw5rgwo00qwitntx5dwoeck,"",BCBG Max Azria,,Farrah,BLACK FADE,,54,15,135,886453578132,2202,,67.99,235,0,,,t,2025-12-07 20:11:29.497,2025-12-07 20:11:29.497,t,f,999,FRAME
cmiw5rh5p00qxitntt5h5xve9,"",BCBG Max Azria,,Anita,BLUE SLATE,,54,16,135,886453545875,2203,,59.99,180,0,,,t,2025-12-07 20:11:29.821,2025-12-07 20:11:29.821,t,f,999,FRAME
cmiw5rhcf00qyitnt7mvmhkov,"",BCBG Max Azria,,Doreena,BLACK,,54,15,140,886453521824,2204,,67.99,235,0,,,t,2025-12-07 20:11:30.063,2025-12-07 20:11:30.063,t,f,999,FRAME
cmiw5rhlq00qzitntpew7lzul,"",BCBG Max Azria,,Freya,ESPRESSO ROSE GOLD,,54,15,135,886453597867,2205,,78.99,270,0,,,t,2025-12-07 20:11:30.399,2025-12-07 20:11:30.399,t,f,999,FRAME
cmiw5rhst00r0itnt6taulmou,"",BCBG Max Azria,,Peyton,BURGUNDY,,51,16,135,886453504377,2206,,84.99,255,0,,,t,2025-12-07 20:11:30.653,2025-12-07 20:11:30.653,t,f,999,FRAME
cmiw5ri1r00r1itntczmyuue0,"",BCBG Max Azria,,Cleo,Jade Tortoise Laminate,,49,16,125,886453491189,2207,,84.99,285,0,,,t,2025-12-07 20:11:30.975,2025-12-07 20:11:30.975,t,f,999,FRAME
cmiw5riap00r2itnt5d3jttdl,"",Adrienne Vittadini,,AV6015,TORT,,62,,,,2210,,50,150,0,,,t,2025-12-07 20:11:31.298,2025-12-07 20:11:31.298,t,f,999,FRAME
cmiw5rihn00r3itntfafiqkok,"",Adrienne Vittadini,,AV6010,OLIVE,,57,,,,2211,,50,150,0,,,t,2025-12-07 20:11:31.548,2025-12-07 20:11:31.548,t,f,999,FRAME
cmiw5riqo00r4itntyap90mv5,"",Adrienne Vittadini,,AV6001,BLUE,,60,,,,2212,,50,210,0,,,t,2025-12-07 20:11:31.872,2025-12-07 20:11:31.872,t,f,999,FRAME
cmiw5rixd00r5itntdsc0idby,"",Guess,,GU1962,Crystal,026,50,19,145,,8921403398,,63,189,1,,,t,2025-12-07 20:11:32.114,2025-12-07 20:11:32.114,t,f,999,FRAME
cmiw5rjcz00r7itntg2g3l32i,"",Rayban,,0RX8412,matte blk,2503,54,17,145,,8053672060874,,103.05,309,1,,,t,2025-12-07 20:11:32.676,2025-12-07 20:11:32.676,t,f,999,FRAME
cmiw5rjt000r9itntku5083k0,"",Costa Optical,,6S9059,Matte Black,,61,15,121,,097963468534,,130,420,0,,,t,2025-12-07 20:11:33.252,2025-12-07 20:11:33.252,t,f,999,FRAME
cmiw5rk3g00raitnt7lg6w2y7,"",Ray-Ban Rx,,RX5414,BLACK,2000,54,19,145,8056597743778,,,78.12,234,1,,,t,2025-12-07 20:11:33.628,2025-12-07 20:11:33.628,t,f,999,FRAME
cmiw5rki000rcitntewx1drm6,"",Guess?,,GU2885,shiny blue,090,52,20,140,889214309723,,,83,209,1,,,t,2025-12-07 20:11:34.153,2025-12-07 20:11:34.153,t,f,999,FRAME
cmiw5rkwr00reitntr63plagk,"",Guess?,,GU2815,shiny beige,057,55,16,140,889214215154,,,61,183,1,,,t,2025-12-07 20:11:34.683,2025-12-07 20:11:34.683,t,f,999,FRAME
cmiw5rlbb00rgitnt0o746dbu,"",Gucci,,GG0758OA,GREY-GREY-TRANSPARENT,33K3K245,56,17,150,889652296920,,,139,348,1,,,t,2025-12-07 20:11:35.207,2025-12-07 20:11:35.207,t,f,999,FRAME
cmiw5rlr700riitnt5dpk06w0,"",Gucci,,GG0572O,HAVANA-HAVANA-TRANSPARENT,11X1X245,50,19,150,889652260068,,,150,450,0,,,t,2025-12-07 20:11:35.78,2025-12-07 20:11:35.78,t,f,999,FRAME
cmiw5rlz300rjitntazi2vxu9,"",Gucci,,GG0826O,HAVANA-HAVANA-TRANSPARENT,005,55,16,145,889652312743,,,150,250,0,,,t,2025-12-07 20:11:36.063,2025-12-07 20:11:36.063,t,f,999,FRAME
cmiw5rm5p00rkitnt73xiumo6,"",Gucci,,GG0792O,GREY-GREY-TRANSPARENT,001,53,14,145,889652307848,,,145,363,1,,,t,2025-12-07 20:11:36.302,2025-12-07 20:11:36.302,t,f,999,FRAME
cmiw5rmls00rmitntuh8girba,"",Gucci,,GG0004ON,GREY-HAVANA-TRANSPARENT,004,53,19,145,889652385051,,,125,313,1,,,t,2025-12-07 20:11:36.88,2025-12-07 20:11:36.88,t,f,999,FRAME
cmiw5rn1h00roitnt0fq3c8m7,"",Gucci,,GG0634O,BURGUNDY-BURGUNDY-TRANSPARENT,010,,,,889652384443,,,106,318,0,,,t,2025-12-07 20:11:37.445,2025-12-07 20:11:37.445,t,f,999,FRAME
cmiw5rn9j00rpitntbg9mr2fu,"",Gucci,,GG0634O,BURG TRANS,010,55,14,145,,,,106,318,0,,,t,2025-12-07 20:11:37.736,2025-12-07 20:11:37.736,t,f,999,FRAME
cmiw5rng100rqitntgvsk12gp,"",Gucci,,GG1159O,BLACK-BLACK-TRANSPARENT,001,56,17,145,889652378879,,,150,375,1,,,t,2025-12-07 20:11:37.97,2025-12-07 20:11:37.97,t,f,999,FRAME
cmiw5rnug00rsitnti7gbrh0s,"",Gucci,,GG0112OA,Black-Gold-Transparent,00ZH1245,53,16,145,889652078519,,,178,564,0,,,t,2025-12-07 20:11:38.488,2025-12-07 20:11:38.488,t,f,999,FRAME
cmiw5ro2k00rtitntssjiaeoj,"",Gucci,,GG0923O,BURGUNDY-BROWN-TRANSPARENT,004,51,17,140,889652324555,,,130,325,0,,,t,2025-12-07 20:11:38.781,2025-12-07 20:11:38.781,t,f,999,FRAME
cmiw5ro9600ruitntnutbqcsd,"",Gucci,,GG0165ON,BLACK-BLACK-TRANSPARENT,003,51,17,140,889652385952,,,139,350,0,,,t,2025-12-07 20:11:39.019,2025-12-07 20:11:39.019,t,f,999,FRAME
cmiw5roim00rvitntgq8wt7u2,"",Gucci,,GG1046O,GREEN-BROWN-TRANSPARENT,006,55,18,150,889652353258,,,162,405,1,,,t,2025-12-07 20:11:39.359,2025-12-07 20:11:39.359,t,f,999,FRAME
cmiw5royd00rxitntgn8orzxh,"",Gucci,,GG0426OA,BLK TRANS,005,58,15,145,,,,150,450,0,,,t,2025-12-07 20:11:39.925,2025-12-07 20:11:39.925,t,f,999,FRAME
cmiw5rp6a00ryitntt2alip67,"",Gucci,,GG1118O,BLACK-GREY-TRANSPARENT,003,52,20,145,889652379555,,,130,325,1,,,t,2025-12-07 20:11:40.21,2025-12-07 20:11:40.21,t,f,999,FRAME
cmiw5rpmb00s0itnt439ozhis,"",Gucci,,GG0730O,HAVANA-HAVANA-TRANSPARENT,006,50,16,140,889652295527,,,184,250,1,,,t,2025-12-07 20:11:40.787,2025-12-07 20:11:40.787,t,f,999,FRAME
cmiw5rq2200s2itntp1j8lmof,"",Gucci,,GG1075O,BLACK-BLACK-TRANSPARENT,004,54,19,145,889652375472,,,150,375,0,,,t,2025-12-07 20:11:41.355,2025-12-07 20:11:41.355,t,f,999,FRAME
cmiw5rq8o00s3itntqf1jfv6v,"",Gucci,,GG0928O,BLACK-GREEN-TRANSPARENT,005,52,19,145,889652326290,,,125,313,0,,,t,2025-12-07 20:11:41.592,2025-12-07 20:11:41.592,t,f,999,FRAME
cmiw5rqgp00s4itntn9gw4kjz,"",Gucci,,GG0601O,HAVANA-HAVANA-TRANSPARENT,11D1H245,50,19,145,889652255736,,,175,525,1,,,t,2025-12-07 20:11:41.882,2025-12-07 20:11:41.882,t,f,999,FRAME
cmiw5rqwr00s6itnt0wvunc4p,"",Versace,,VE3304,BLACK,GB1,53,18,140,8056597535908,,,94.83,284,1,,,t,2025-12-07 20:11:42.459,2025-12-07 20:11:42.459,t,f,999,FRAME
cmiw5rrd200s8itnt2rhdr7g8,"",Gucci,,GG1075O,BURGUNDY-BURGUNDY-TRANSPARENT,003,48,19,140,889652375465,,,150,375,0,,,t,2025-12-07 20:11:43.046,2025-12-07 20:11:43.046,t,f,999,FRAME
cmiw5rrln00s9itntav8i4y02,"",Gucci,,GG0600O,BLACK-BLACK-TRANSPARENT,00Z0H245,54,18,140,889652255583,,,215,375,0,,,t,2025-12-07 20:11:43.355,2025-12-07 20:11:43.355,t,f,999,FRAME
cmiw5rrso00saitnt9zekmnkj,"",Tom Ford,,FT5801-B,shiny blue,090,54,19,145,889214327147,,,200,608,2,,,t,2025-12-07 20:11:43.608,2025-12-07 20:11:43.608,t,f,999,FRAME
cmiw5rs9v00scitnt1lmvouxf,"",Tom Ford,,FT5408,Dark Havana,052,56,16,145,664689786237,,,172,516,1,,,t,2025-12-07 20:11:44.227,2025-12-07 20:11:44.227,t,f,999,FRAME
cmiw5rspn00seitntw1kd55cz,"",Tom Ford,,FT5550-B,Black/Other,005,54,17,140,664689994939,,,162,486,1,,,t,2025-12-07 20:11:44.795,2025-12-07 20:11:44.795,t,f,999,FRAME
cmiw5rt7y00sgitnt5strwfl6,"",Tom Ford,,FT5709-B,dark havana,052,54,17,140,889214182586,,,172,516,1,,,t,2025-12-07 20:11:45.454,2025-12-07 20:11:45.454,t,f,999,FRAME
cmiw5rto000siitnttayrb85h,"",Tom Ford,,FT5745-B,shiny pink,072,54,16,140,889214257680,,,158,395,2,,,t,2025-12-07 20:11:46.032,2025-12-07 20:11:46.032,t,f,999,FRAME
cmiw5ru3t00skitntzgwzdjzj,"",Tom Ford,,FT5712-B,black/other,005,52,15,140,889214144409,,,172,516,2,,,t,2025-12-07 20:11:46.601,2025-12-07 20:11:46.601,t,f,999,FRAME
cmiw5rujl00smitntqmiwjyqf,"",Tom Ford,,FT5812-B,shiny black,001,53,15,140,889214327628,,,168,504,0,,,t,2025-12-07 20:11:47.169,2025-12-07 20:11:47.169,t,f,999,FRAME
cmiw5ruqh00snitntgqn1purm,"",Tom Ford,,FT5752-B,black/other,005,55,16,145,889214268099,,,146,365,1,,,t,2025-12-07 20:11:47.417,2025-12-07 20:11:47.417,t,f,999,FRAME
cmiw5rvp400spitnt93z5tguq,"",Tom Ford,,FT5639-B,crystal,026,54,16,140,889214072849,,,150,375,0,,,t,2025-12-07 20:11:48.075,2025-12-07 20:11:48.075,t,f,999,FRAME
cmiw5rvvt00sqitntw5cu4z6v,"",Tom Ford,,FT5667-B,black/other,005,55,15,135,889214138088,,,179,448,1,,,t,2025-12-07 20:11:48.905,2025-12-07 20:11:48.905,t,f,999,FRAME
cmiw5rwb900ssitnty8lfpkjc,"",Tom Ford,,FT5807-B,shiny dark green,096,50,21,145,889214327468,,,162,405,1,,,t,2025-12-07 20:11:49.461,2025-12-07 20:11:49.461,t,f,999,FRAME
cmiw5rwqx00suitntdng49vlp,"",Tom Ford,,FT5807-B,grey/other,020,50,21,145,889214327451,,,162,405,1,,,t,2025-12-07 20:11:50.025,2025-12-07 20:11:50.025,t,f,999,FRAME
cmiw5rx5h00switntec7nsvhq,"",Tom Ford,,FT5758-B,matte black,002,56,16,145,889214268464,,,169,423,1,,,t,2025-12-07 20:11:50.55,2025-12-07 20:11:50.55,t,f,999,FRAME
cmiw5rxjy00syitntji9npaw1,"",Tom Ford,,FT5815-B,shiny black,001,54,18,140,889214327741,,,192,576,1,,,t,2025-12-07 20:11:51.07,2025-12-07 20:11:51.07,t,f,999,FRAME
cmiw5rxyl00t0itntkpotwpwo,"",Tom Ford,,FT5673-B,shiny violet,081,54,15,140,889214138262,,,158,474,1,,,t,2025-12-07 20:11:51.598,2025-12-07 20:11:51.598,t,f,999,FRAME
cmiw5ryde00t2itntzidfs9ka,"",Tom Ford,,FT5768-B,dark havana,052,54,15,140,889214268907,,,162,405,1,,,t,2025-12-07 20:11:52.13,2025-12-07 20:11:52.13,t,f,999,FRAME
cmiw5ryt100t4itntztaeydpt,"",Tom Ford,,FT5313,Colored Havana,055,55,17,145,664689757305,,,192,480,1,,,t,2025-12-07 20:11:52.693,2025-12-07 20:11:52.693,t,f,999,FRAME
cmiw5rz7h00t6itntox8qx58k,"",Tom Ford,,FT5770-B,coloured havana,055,54,17,140,889214269003,,,192,480,1,,,t,2025-12-07 20:11:53.213,2025-12-07 20:11:53.213,t,f,999,FRAME
cmiw5rzoz00t8itntx89b11aw,"",Tom Ford,,FT5757-B,dark havana,052,52,22,145,889214268396,,,162,405,1,,,t,2025-12-07 20:11:53.844,2025-12-07 20:11:53.844,t,f,999,FRAME
cmiw5s04t00taitntleubc864,"",Gucci,,GG0753O,GOLD-GREEN-TRANSPARENT,HH04D245,58,17,150,889652296272,,,162,405,1,,,t,2025-12-07 20:11:54.413,2025-12-07 20:11:54.413,t,f,999,FRAME
cmiw5s0je00tcitntplxa4ih5,"",Ray-Ban Rx,,RX5154 CLUBMASTER,GREEN ON ARISTA,8232,51,21,145,7895653249899,,,75.45,226,1,,,t,2025-12-07 20:11:54.938,2025-12-07 20:11:54.938,t,f,999,FRAME
cmiw5s0xz00teitntwwvp579w,"",Gucci,,GG1050O,HAVANA-SILVER-TRANSPARENT,006,55,17,150,889652353708,,,156,285,0,,,t,2025-12-07 20:11:55.464,2025-12-07 20:11:55.464,t,f,999,FRAME
cmiw5s14g00tfitntji28zlcr,"",Ray-Ban Rx,,RX7140,TRASPARENT,2001,49,20,150,8053672822632,,,83.88,252,1,,,t,2025-12-07 20:11:55.696,2025-12-07 20:11:55.696,t,f,999,FRAME
cmiw5s1j400thitntck8acw80,"",Ray-Ban Rx,,RX6493,BLACK ON GOLD,2890,53,18,140,8056597743822,,,83,249,0,,,t,2025-12-07 20:11:56.224,2025-12-07 20:11:56.224,t,f,999,FRAME
cmiw5s1r200tiitntsr1gxx9m,"",Ray-Ban Rx,,RX6489 AVIATOR,LEGEND GOLD,3086,55,14,140,8056597261845,,,74.29,223,1,,,t,2025-12-07 20:11:56.511,2025-12-07 20:11:56.511,t,f,999,FRAME
cmiw5s25n00tkitntk3ih7f8u,"",Ray-Ban Rx,,RX3636V NEW CARAVAN,LEGEND GOLD,3086,58,15,140,8056597641364,,,79.08,237,1,,,t,2025-12-07 20:11:57.035,2025-12-07 20:11:57.035,t,f,999,FRAME
cmiw5s2k500tmitntqr1kfwq3,"",Ray-Ban Rx,,RX3447V ROUND METAL,GOLD ON TOP BLACK,2991,50,21,145,8053672882629,,,83,249,1,,,t,2025-12-07 20:11:57.558,2025-12-07 20:11:57.558,t,f,999,FRAME
cmiw5s2yq00toitntfp4epn3q,"",Ray-Ban Rx,,RX7186,SAND BLACK,5204,51,19,140,8056597360418,,,85.22,256,2,,,t,2025-12-07 20:11:58.082,2025-12-07 20:11:58.082,t,f,999,FRAME
cmiw5s3ej00tqitntb25hqxqn,"",Ray-Ban Rx,,RX6421,SILVER ON TOP MATTE BLAC,2997,54,18,145,8053672914887,,,70.57,212,1,,,t,2025-12-07 20:11:58.651,2025-12-07 20:11:58.651,t,f,999,FRAME
cmiw5s3td00tsitntmmsc8ne2,"",Ray-Ban Rx,,RX6238,SHINY BLACK,2509,55,17,150,,,,75.45,226,1,,,t,2025-12-07 20:11:59.186,2025-12-07 20:11:59.186,t,f,999,FRAME
cmiw5s49200tuitntac3rbt0w,"",Ray-Ban Rx,,RX3857V FRANK,LEGEND GOLD,3086,51,20,145,8056597213110,,,70.57,212,1,,,t,2025-12-07 20:11:59.75,2025-12-07 20:11:59.75,t,f,999,FRAME
cmiw5s4p200twitntg8nvyinw,"",Ray-Ban Rx,,RX6489 AVIATOR,Silver,2501,58,14,140,8053672741872,,,74.29,223,0,,,t,2025-12-07 20:12:00.327,2025-12-07 20:12:00.327,t,f,999,FRAME
cmiw5s4vp00txitnt97rrys6l,"",Ray-Ban Rx,,RX7216 NEW CLUBMASTER,BLUE ON GUNMETAL,8210,51,20,145,8056597725514,,,75.45,226,0,,,t,2025-12-07 20:12:00.565,2025-12-07 20:12:00.565,t,f,999,FRAME
cmiw5s54t00tyitntlebq5co9,"",Ray-Ban Rx,,RX5428,YELLOW & BLUE HAVANA,8174,53,17,145,8056597728645,,,75.45,226,0,,,t,2025-12-07 20:12:00.893,2025-12-07 20:12:00.893,t,f,999,FRAME
cmiw5s5e700tzitnt5ka94a0m,"",Ray-Ban Rx,,RX6465 JACK,COPPER,2943,49,20,140,8056597357630,,,83,249,1,,,t,2025-12-07 20:12:01.231,2025-12-07 20:12:01.231,t,f,999,FRAME
cmiw5s5u100u1itntzmlsw33k,"",Ray-Ban Rx,,RX5285,TOP BORDEAUX ON TRASPARE,5738,53,19,145,8053672833706,,,87.75,263,0,,,t,2025-12-07 20:12:01.802,2025-12-07 20:12:01.802,t,f,999,FRAME
cmiw5s60r00u2itntxk9a2k2l,"",Ray-Ban Rx,,RX5412,BLACK,2000,52,18,145,8056597763820,,,74.29,223,0,,,t,2025-12-07 20:12:02.044,2025-12-07 20:12:02.044,t,f,999,FRAME
cmiw5s68n00u3itntjyu134ek,"",Ray-Ban Rx,,RX5406,GREY ON TRANSPARENT,8111,54,18,145,8056597643320,,,74.7,224,0,,,t,2025-12-07 20:12:02.327,2025-12-07 20:12:02.327,t,f,999,FRAME
cmiw5s6f000u4itntiziucqdb,"",Ray-Ban Rx,,RX5383 MR BURBANK,STRIPED BLUE,8053,54,19,150,8056597549622,,,75.45,226,1,,,t,2025-12-07 20:12:02.556,2025-12-07 20:12:02.556,t,f,999,FRAME
cmiw5s6tq00u6itntpjmn73dx,"",Ray-Ban Rx,,RX5268,BLUE ON TRANSPARENT,5739,52,17,135,8053672783483,,,65.66,197,1,,,t,2025-12-07 20:12:03.087,2025-12-07 20:12:03.087,t,f,999,FRAME
cmiw5s78b00u8itntr3s983gc,"",Ray-Ban Rx,,RX5206,Top Havana On Tr Azure,5023,52,18,140,8053672629286,,,70.57,212,1,,,t,2025-12-07 20:12:03.612,2025-12-07 20:12:03.612,t,f,999,FRAME
cmiw5s7o100uaitntl4il6h3x,"",Ray-Ban Rx,,RX5362,TRANSPARENT PINK,8177,54,17,140,8056597660488,,,93.68,281,1,,,t,2025-12-07 20:12:04.178,2025-12-07 20:12:04.178,t,f,999,FRAME
cmiw5s82r00ucitnt2uh2b9xe,"",Ray-Ban Rx,,RX5387,TRANSPARENT GREY,8140,52,18,145,8056597547017,,,60.82,182,1,,,t,2025-12-07 20:12:04.707,2025-12-07 20:12:04.707,t,f,999,FRAME
cmiw5s8if00ueitntl4v3won6,"",Ray-Ban Rx,,RX6363,GOLD TOP ON BLACK,2890,54,18,145,8053672602623,,,83,249,0,,,t,2025-12-07 20:12:05.272,2025-12-07 20:12:05.272,t,f,999,FRAME
cmiw5s8qg00ufitnt8u7nmjgn,"",Ray-Ban Rx,,RX5414,TRASPARENT,5943,54,19,145,8056597743792,,,78.12,234,0,,,t,2025-12-07 20:12:05.561,2025-12-07 20:12:05.561,t,f,999,FRAME
cmiw5y8vl01nkitnthkp7vw98,"",Eight to Eighty,,Paige,Plum,,50,18,135,,,,79.95,120,0,,,t,2025-12-07 20:16:45.681,2025-12-07 20:16:45.681,t,f,999,FRAME
cmiw5s8ww00ugitntrg46ljfj,"",Ray-Ban Rx,,RX7056,MATTE BLACK,5644,55,17,145,8053672604900,,,83,249,1,,,t,2025-12-07 20:12:05.792,2025-12-07 20:12:05.792,t,f,999,FRAME
cmiw5s9bw00uiitnt9271lwrq,"",Ray-Ban Rx,,RX5283,GRADIENT BROWN HAVANA,8107,51,21,145,8056597551724,,,75.45,226,0,,,t,2025-12-07 20:12:06.333,2025-12-07 20:12:06.333,t,f,999,FRAME
cmiw5s9kp00ujitnthtto1dub,"",Ray-Ban Rx,,RX6375,MATT BLACK ON RUBBER GOL,3051,51,18,145,8056597080729,,,74.7,224,2,,,t,2025-12-07 20:12:06.649,2025-12-07 20:12:06.649,t,f,999,FRAME
cmiw5s9zl00umitntby0ega63,"",Ray-Ban Rx,,RX5397 ELLIOT,BROWN & GREY HAVANA,8173,50,19,145,8056597624152,,,74.29,223,1,,,t,2025-12-07 20:12:07.186,2025-12-07 20:12:07.186,t,f,999,FRAME
cmiw5safu00uoitnthobcc5cb,"",Ray-Ban Rx,,RX6493,BEIGE ON COPPER,2973,53,18,140,8056597743846,,,83,249,1,,,t,2025-12-07 20:12:07.77,2025-12-07 20:12:07.77,t,f,999,FRAME
cmiw5sav400uqitnth09vaayf,"",Ray-Ban Rx,,RX4378V,TRANSPARENT,5943,54,16,145,8056597624695,,,62.31,187,0,,,t,2025-12-07 20:12:08.32,2025-12-07 20:12:08.32,t,f,999,FRAME
cmiw5sb3d00uritntrei3au7w,"",Ray-Ban Rx,,RX2199V,GREY HAVANA,8117,50,22,145,8056597624046,,,79.08,237,2,,,t,2025-12-07 20:12:08.617,2025-12-07 20:12:08.617,t,f,999,FRAME
cmiw5sbhu00utitnt027tc1gs,"",Ray-Ban Rx,,RX5154 CLUBMASTER,Shiny Black,2000,51,21,145,8053672195736,,,75.45,226,0,,,t,2025-12-07 20:12:09.139,2025-12-07 20:12:09.139,t,f,999,FRAME
cmiw5sboi00uuitntpghzi193,"",Ray-Ban Rx,,RX6486,GREY ON SILVER,3125,54,17,145,8056597730532,,,85.22,256,1,,,t,2025-12-07 20:12:09.378,2025-12-07 20:12:09.378,t,f,999,FRAME
cmiw5sc2s00uwitntv7d5uaa8,"",Ray-Ban Rx,,RX3447V ROUND METAL,BLACK,2509,50,21,145,7895653251380,,,83,249,0,,,t,2025-12-07 20:12:09.893,2025-12-07 20:12:09.893,t,f,999,FRAME
cmiw5scax00uxitntg14cmxju,"",Ray-Ban Rx,,RX6448,TOP BLACK ON GOLD,2991,51,21,145,8056597124423,,,74.29,223,1,,,t,2025-12-07 20:12:10.186,2025-12-07 20:12:10.186,t,f,999,FRAME
cmiw5scpk00uzitntj55dalwn,"",Ray-Ban Rx,,RX5228,BLACK,2000,53,17,140,,,,87.75,263,2,,,t,2025-12-07 20:12:10.712,2025-12-07 20:12:10.712,t,f,999,FRAME
cmiw5sd5l00v1itntueoa16zt,"",Ray-Ban Rx,,RX3694V JIM,GUNMETAL,2502,51,20,140,8056597721769,,,83,249,1,,,t,2025-12-07 20:12:11.289,2025-12-07 20:12:11.289,t,f,999,FRAME
cmiw5sdk600v3itntlrcw2pi9,"",Ray-Ban Rx,,RX6499,ARISTA,2500,55,15,140,8056597798709,,,70.57,212,2,,,t,2025-12-07 20:12:11.814,2025-12-07 20:12:11.814,t,f,999,FRAME
cmiw5sdzs00v5itnt94zfu39a,"",Ray-Ban Rx,,RX5375,TOP HAVANA ON TRANSPAREN,5082,51,18,145,8056597061889,,,79.08,237,0,,,t,2025-12-07 20:12:12.377,2025-12-07 20:12:12.377,t,f,999,FRAME
cmiw5se6700v6itnttfq6xpd2,"",Ray-Ban Rx,,RX5406,BROWN ON TRANSPARENT,8171,52,18,145,8056597643351,,,74.7,224,1,,,t,2025-12-07 20:12:12.607,2025-12-07 20:12:12.607,t,f,999,FRAME
cmiw5sens00v8itnt2rjhtik5,"",Ray-Ban Rx,,RX5277,SANDBLASTED BLACK,2077,54,17,140,,,,73.51,221,3,,,t,2025-12-07 20:12:13.24,2025-12-07 20:12:13.24,t,f,999,FRAME
cmiw5sf3t00vbitntbzrdljwk,"",Ray-Ban Rx,,RX5279,GREY HORN GRAD TRASP GRE,5540,53,18,145,8053672430158,,,73.51,221,1,,,t,2025-12-07 20:12:13.818,2025-12-07 20:12:13.818,t,f,999,FRAME
cmiw5sfi800vditntkkxldfxf,"",Ray-Ban Rx,,RX5285,TOP BLACK ON TRANSPARENT,2034,53,19,145,713132574669,,,87.75,263,2,,,t,2025-12-07 20:12:14.336,2025-12-07 20:12:14.336,t,f,999,FRAME
cmiw5sfwu00vgitntqi5xaurv,"",Ray-Ban Rx,,RX5412,HAVANA,2012,52,18,145,8056597763837,,,74.29,223,0,,,t,2025-12-07 20:12:14.862,2025-12-07 20:12:14.862,t,f,999,FRAME
cmiw5sg3l00vhitntg7ec0loy,"",Ray-Ban Rx,,RX4640V,SHINY TRANSPARENT,5943,50,20,150,8056597245500,,,65.69,197,2,,,t,2025-12-07 20:12:15.105,2025-12-07 20:12:15.105,t,f,999,FRAME
cmiw5sgix00vjitnth2mw40ej,"",Ray-Ban Rx,,RX8421,GREY ON SILVER,3125,52,19,145,8056597624367,,,109.09,327,0,,,t,2025-12-07 20:12:15.657,2025-12-07 20:12:15.657,t,f,999,FRAME
cmiw5sgr600vkitntotsnc8zr,"",Ray-Ban Rx,,RX7025,DARK BLUE,5419,55,17,145,8053672244052,,,83,249,1,,,t,2025-12-07 20:12:15.954,2025-12-07 20:12:15.954,t,f,999,FRAME
cmiw5sh5s00vmitntb0slkbqj,"",Ray-Ban Rx,,RX8901,DEMI GLOSS BLACK,5263,55,17,145,8053672192711,,,109.09,327,1,,,t,2025-12-07 20:12:16.48,2025-12-07 20:12:16.48,t,f,999,FRAME
cmiw5shkd00voitntn81d9snj,"",Ray-Ban Rx,,RX7017,MATTE BLACK,5196,54,17,145,805367261819,,,82.92,249,2,,,t,2025-12-07 20:12:17.005,2025-12-07 20:12:17.005,t,f,999,FRAME
cmiw5si0a00vritnt71ef0prf,"",Ray-Ban Rx,,RX5413,GRADIENT BLUE ON STRIPED,5765,54,17,145,8056597743754,,,83,249,2,,,t,2025-12-07 20:12:17.578,2025-12-07 20:12:17.578,t,f,999,FRAME
cmiw5sig200vuitntx1vu88vz,"",Michael Kors,,MK4083U,BLACK,3005,51,17,140,725125374842,,,61.56,185,0,,,t,2025-12-07 20:12:18.146,2025-12-07 20:12:18.146,t,f,999,FRAME
cmiw5simo00vvitntn6cegd1k,"",Ray-Ban Rx,,RX8903,Matte Blue,5262,53,18,145,8053672667714,,,109.09,327,1,,,t,2025-12-07 20:12:18.385,2025-12-07 20:12:18.385,t,f,999,FRAME
cmiw5sj1200vxitntwk34o7st,"",Ray-Ban Rx,,RX5169,TRASP GREY ON TOP BLUE,5815,54,16,140,8053672927849,,,66.01,199,1,,,t,2025-12-07 20:12:18.902,2025-12-07 20:12:18.902,t,f,999,FRAME
cmiw5sjij00vzitntvtz7k8oa,"",Michael Kors,,MK4093 PALAU,CLEAR,3015,52,17,140,725125383318,,,53.35,160,1,,,t,2025-12-07 20:12:19.531,2025-12-07 20:12:19.531,t,f,999,FRAME
cmiw5sjx400w1itnttr8h2kec,"",Michael Kors,,MK4090 MARTINIQUE,GREY TRANSPARENT,3106,54,16,140,725125380072,,,61.56,185,0,,,t,2025-12-07 20:12:20.056,2025-12-07 20:12:20.056,t,f,999,FRAME
cmiw5sk3p00w2itntvpgultoc,"",Michael Kors,,MK4094U KARLIE I,BLACK,3005,53,16,140,725125383486,,,58.27,175,0,,,t,2025-12-07 20:12:20.293,2025-12-07 20:12:20.293,t,f,999,FRAME
cmiw5skcv00w3itnt6lhleby4,"",Michael Kors,,MK4092 PAMPLONA,CLEAR,3015,54,17,140,725125383868,,,56.22,169,1,,,t,2025-12-07 20:12:20.623,2025-12-07 20:12:20.623,t,f,999,FRAME
cmiw5skrj00w5itnttddim29g,"",Michael Kors,,MK3061 MURCIA,CLEAR,1108,54,18,140,725125383394,,,61.56,185,0,,,t,2025-12-07 20:12:21.152,2025-12-07 20:12:21.152,t,f,999,FRAME
cmiw5skxz00w6itnt5g5ph1tb,"",Michael Kors,,MK3058B TRINIDAD,ROSE GOLD,1108,54,17,140,725125379854,,,71.81,215,0,,,t,2025-12-07 20:12:21.384,2025-12-07 20:12:21.384,t,f,999,FRAME
cmiw5sl6300w7itntfiun28dn,"",Michael Kors,,MK3055 GENOA,ROSE GOLD,1108,54,20,140,725125380195,,,55.4,166,1,,,t,2025-12-07 20:12:21.676,2025-12-07 20:12:21.676,t,f,999,FRAME
cmiw5slks00w9itnt58gxu7e5,"",Michael Kors,,MK8001 RAVENNA,Black/Blue,3001,53,18,140,725125944236,,,82.08,246,2,,,t,2025-12-07 20:12:22.204,2025-12-07 20:12:22.204,t,f,999,FRAME
cmiw5slz800wcitntk964lut7,"",Michael Kors,,MK4067U SANTA CLARA,TRANSPARENT CLEAR,3015,53,16,140,725125032285,,,56.22,169,0,,,t,2025-12-07 20:12:22.724,2025-12-07 20:12:22.724,t,f,999,FRAME
cmiw5sm5t00wditnteg56xquz,"",Michael Kors,,MK4095U DOLONNE,CLEAR TRANSPARENT,3015,53,17,140,725125387774,,,56.22,169,0,,,t,2025-12-07 20:12:22.962,2025-12-07 20:12:22.962,t,f,999,FRAME
cmiw5smdy00weitntcs9b8b2o,"",Michael Kors,,MK3063 RADDA,LIGHT GOLD,1014,55,15,140,725125388474,,,71.81,212,1,,,t,2025-12-07 20:12:23.254,2025-12-07 20:12:23.254,t,f,999,FRAME
cmiw5smu800wgitnt6oji7hmi,"",Michael Kors,,MK4101U SHENANDOAH,DARK TORTOISE,3006,53,16,140,725125388009,,,55.4,175,0,,,t,2025-12-07 20:12:23.84,2025-12-07 20:12:23.84,t,f,999,FRAME
cmiw5sn0r00whitntd298m4ru,"",Michael Kors,,MK4099 INNSBRUCK,PINK TORTOISE,3251,52,19,140,725125387873,,,71.81,215,1,,,t,2025-12-07 20:12:24.075,2025-12-07 20:12:24.075,t,f,999,FRAME
cmiw5sng800wjitntzx5jws5t,"",Michael Kors,,MK4074 QUINTANA,DARK GREY TRANSPARENT,3332,51,16,140,725125179720,,,61.56,185,1,,,t,2025-12-07 20:12:24.632,2025-12-07 20:12:24.632,t,f,999,FRAME
cmiw5snuq00wlitnti1vcqls3,"",Michael Kors,,MK3017,BLK,1187,51,18,140,,,,61.56,215,0,,,t,2025-12-07 20:12:25.155,2025-12-07 20:12:25.155,t,f,999,FRAME
cmiw5so2r00wmitntk47gpkbr,"",Michael Kors,,MK4084U,CLEAR,3015,54,16,140,725125375306,,,55,165,2,,,t,2025-12-07 20:12:25.444,2025-12-07 20:12:25.444,t,f,999,FRAME
cmiw5sohg00woitntjka82p1l,"",Michael Kors,,MK4016 ANTIBES,Dk Tortoise,3006,53,17,140,725125940528,,,86.19,259,1,,,t,2025-12-07 20:12:25.972,2025-12-07 20:12:25.972,t,f,999,FRAME
cmiw5soww00wqitntqdl2t09z,"",Oakley Frame,,OX8164 PORT BOW,SATIN LIGHT STEEL,816404,55,17,141,888392490360,,,69.61,209,1,,,t,2025-12-07 20:12:26.528,2025-12-07 20:12:26.528,t,f,999,FRAME
cmiw5spbt00wsitntmh0q3e1w,"",Michael Kors,,MK4090 MARTINIQUE,PINK TORTOISE/DUSTY ROSE,3251,54,16,140,725125380119,,,61.56,185,0,,,t,2025-12-07 20:12:27.065,2025-12-07 20:12:27.065,t,f,999,FRAME
cmiw5spi800wtitntenkslsz9,"",Oakley Frame,,OX8055 EXCHANGE,POLISHED CLEAR,805503,56,17,136,888392575128,,,95.65,287,2,,,t,2025-12-07 20:12:27.296,2025-12-07 20:12:27.296,t,f,999,FRAME
cmiw5spwt00wwitntds2ppmp8,"",Oakley Frame,,OX8080 CROSSLINK ZERO (A),SATIN BLACK,808007,58,16,138,888392239679,,,64.88,195,1,,,t,2025-12-07 20:12:27.822,2025-12-07 20:12:27.822,t,f,999,FRAME
cmiw5sqba00wyitnt2ij9aq7y,"",Oakley Frame,,OX8149 PITCHMAN R CARBON,SATIN GREY SMOKE,814902,50,19,138,888392358592,,,105.42,316,0,,,t,2025-12-07 20:12:28.343,2025-12-07 20:12:28.343,t,f,999,FRAME
cmiw5sqjf00wzitnttaa1zi63,"",Michael Kors,,MK4096U LADUE,CLEAR TRANSPARENT,3015SB,56,14,140,725125388085,,,71.81,215,0,,,t,2025-12-07 20:12:28.635,2025-12-07 20:12:28.635,t,f,999,FRAME
cmiw5sqq500x0itntkgdrfgdq,"",Oakley Frame,,OX3174 BARRELHOUSE 0.5,Pewter,317402,53,18,139,700285855592,,,100.79,302,1,,,t,2025-12-07 20:12:28.877,2025-12-07 20:12:28.877,t,f,999,FRAME
cmiw5sr8o00x2itnte0bcln7k,"",Oakley Youth,,OY8025D KICK OVER,SATIN GREY SMOKE,802502,52,15,131,888392590077,,,48.71,146,1,,,t,2025-12-07 20:12:29.544,2025-12-07 20:12:29.544,t,f,999,FRAME
cmiw5srn800x4itntwgebo1q8,"",Oakley Youth,,OY8007 FIELD DAY,GREY SHADOW,800710,48,14,128,888392592477,,,57.6,173,1,,,t,2025-12-07 20:12:30.068,2025-12-07 20:12:30.068,t,f,999,FRAME
cmiw5ss2y00x6itntmkden093,"",Oakley Frame,,OX8046 AIRDROP,SATIN BROWN SMOKE,804617,51,18,143,888392577856,,,89.72,269,1,,,t,2025-12-07 20:12:30.634,2025-12-07 20:12:30.634,t,f,999,FRAME
cmiw5sshl00x8itnttkyk0j00,"",Oakley Frame,,OX8046 AIRDROP,SATIN LIGHT STEEL,804613,55,18,143,888392405197,,,89.72,269,2,,,t,2025-12-07 20:12:31.161,2025-12-07 20:12:31.161,t,f,999,FRAME
cmiw5ssw600xaitntksmg06ng,"",Oakley Frame,,OX8052 FUTURITY,SATIN BLACK,805201,55,14,139,888392577214,,,80.9,243,1,,,t,2025-12-07 20:12:31.686,2025-12-07 20:12:31.686,t,f,999,FRAME
cmiw5stas00xcitntm396i1qw,"",Tom Ford,,FT5638-B,coloured havana,055,50,16,140,889214073136,,,149,447,0,,,t,2025-12-07 20:12:32.212,2025-12-07 20:12:32.212,t,f,999,FRAME
cmiw5sthb00xditnt4g29i2uq,"",Tom Ford,,FT5673-B,havana/other,056,54,15,140,889214138255,,,158,474,1,,,t,2025-12-07 20:12:32.448,2025-12-07 20:12:32.448,t,f,999,FRAME
cmiw5stvz00xfitnta3kyxaua,"",Oakley Frame,,OX5128 GAUGE 3.2 BLADE,MATTE BLACK,512801,54,18,137,888392282248,,,125.69,377,2,,,t,2025-12-07 20:12:32.975,2025-12-07 20:12:32.975,t,f,999,FRAME
cmiw5sua900xhitnt26tp7ezs,"",Tom Ford,,FT5813-B,red havana,054,56,17,135,889214327673,,,173,433,0,,,t,2025-12-07 20:12:33.489,2025-12-07 20:12:33.489,t,f,999,FRAME
cmiw5sunp00xiitntcja2hkz6,"",Oakley Frame,,OX3112 TUMBLEWEED,Polished Black,311201,53,18,143,700285511009,,,95.12,285,2,,,t,2025-12-07 20:12:33.973,2025-12-07 20:12:33.973,t,f,999,FRAME
cmiw5sv3g00xkitnthb6tta6y,"",Oakley Frame,,OX5119 LIMIT SWITCH 0.5,Black Chrome,511904,54,17,139,888392213594,,,112.76,338,1,,,t,2025-12-07 20:12:34.54,2025-12-07 20:12:34.54,t,f,999,FRAME
cmiw5svhs00xmitntmobvxxs5,"",Oakley Frame,,OX3218 SOCKET 5.5,POLISHED BLACK,321801,56,18,138,888392446916,,,89.72,254.2,1,,,t,2025-12-07 20:12:35.056,2025-12-07 20:12:35.056,t,f,999,FRAME
cmiw5svwn00xoitntptyfmz53,"",Oakley Frame,,OX5099 TINCUP 0.5 TI,Powder Pewter,509903,53,18,135,888392073143,,,154.44,463,0,,,t,2025-12-07 20:12:35.591,2025-12-07 20:12:35.591,t,f,999,FRAME
cmiw5sw4t00xpitntf6s37r3y,"",Oakley Frame,,OX5152 WIRE TAP 2.0 RX,SATIN LIGHT STEEL,515203,54,19,140,888392557278,,,144.14,432,0,,,t,2025-12-07 20:12:35.885,2025-12-07 20:12:35.885,t,f,999,FRAME
cmiw5swb900xqitntac0zf552,"",Oakley Frame,,OX8149 PITCHMAN R CARBON,POLISHED CLEAR,814903,50,19,138,888392358608,,,105.42,316,0,,,t,2025-12-07 20:12:36.118,2025-12-07 20:12:36.118,t,f,999,FRAME
cmiw5swj600xritntcof3rxen,"",Oakley Frame,,OX8166 WHEEL HOUSE,POLISHED CLEAR,816602,54,16,140,888392468413,,,95.65,287,0,,,t,2025-12-07 20:12:36.402,2025-12-07 20:12:36.402,t,f,999,FRAME
cmiw5swpq00xsitntijt0idsy,"",Oakley Frame,,OX3246 OUTER FOIL,SATIN BLACK,324601,53,18,136,888392470492,,,59.89,180,1,,,t,2025-12-07 20:12:36.638,2025-12-07 20:12:36.638,t,f,999,FRAME
cmiw5sx4a00xuitntc2jfqsh2,"",Oakley Frame,,OX5073,PEWTER,507302,53,16,136,888392588555,,,109.79,329,0,,,t,2025-12-07 20:12:37.162,2025-12-07 20:12:37.162,t,f,999,FRAME
cmiw5sxdh00xvitntrejgs50j,"",Oakley Youth,,OY8020 DOUBLE STEAL,SATIN GREY SMOKE,802002,46,14,129,888392561855,,,44.07,132,0,,,t,2025-12-07 20:12:37.494,2025-12-07 20:12:37.494,t,f,999,FRAME
cmiw5sxjy00xwitntz4y19li6,"",Oakley Frame,,OX8165 SADDLE,SATIN BLACK,816504,50,21,136,888392497567,,,102.3,307,1,,,t,2025-12-07 20:12:37.727,2025-12-07 20:12:37.727,t,f,999,FRAME
cmiw5sxyp00xyitntmpspbc8n,"",Oakley Frame,,OX8156 HOLBROOK RX,POLISHED CLEAR,815603,54,18,137,888392399847,,,73.91,222,0,,,t,2025-12-07 20:12:38.257,2025-12-07 20:12:38.257,t,f,999,FRAME
cmiw5sy6o00xzitntf2nql3c1,"",Oakley Frame,,OX3217 SOCKET 5.0,SATIN BLACK,321704,57,17,138,888392446909,,,89.72,269,1,,,t,2025-12-07 20:12:38.544,2025-12-07 20:12:38.544,t,f,999,FRAME
cmiw5sylf00y1itnt8zbr7mes,"",Oakley Frame,,OX3249 EXTENDER,MATTE GUNMETAL,324904,56,16,135,888392563866,,,77.47,232,1,,,t,2025-12-07 20:12:39.075,2025-12-07 20:12:39.075,t,f,999,FRAME
cmiw5syzz00y3itntlynnydlo,"",Oakley Frame,,OX8170 TENSILE,MATTE OLIVE,817003,54,17,138,888392550101,,,102.3,307,0,,,t,2025-12-07 20:12:39.599,2025-12-07 20:12:39.599,t,f,999,FRAME
cmiw5sz6c00y4itnt7p249xcn,"",Oakley Frame,,OX8054 DEHAVEN,SATIN BLACK,805404,53,18,136,888392575616,,,85.8,257,2,,,t,2025-12-07 20:12:39.828,2025-12-07 20:12:39.828,t,f,999,FRAME
cmiw5szp300y6itntej091lf0,"",Oakley Frame,,OX8166 WHEEL HOUSE,SATIN BLACK,816601,52,16,140,888392468369,,,95.65,287,1,,,t,2025-12-07 20:12:40.503,2025-12-07 20:12:40.503,t,f,999,FRAME
cmiw5t03o00y8itntnq2qqsxl,"",Harley-Davidson,,HD0560,matte bordeaux,070,53,14,140,889214338402,,,68,204,0,,,t,2025-12-07 20:12:41.029,2025-12-07 20:12:41.029,t,f,999,FRAME
cmiw5t0a500y9itnti8s62glb,"",Oakley Frame,,OX8171 TRAJECTORY,SATIN BLACK,817104,55,18,138,888392550019,,,102.3,307,0,,,t,2025-12-07 20:12:41.262,2025-12-07 20:12:41.262,t,f,999,FRAME
cmiw5t0i800yaitntu8zqirf1,"",Oakley Youth,,OY8001 SHIFTER XS,CLEAR / GREY SMOKE,800111,48,14,128,888392487575,,,49.2,148,1,,,t,2025-12-07 20:12:41.552,2025-12-07 20:12:41.552,t,f,999,FRAME
cmiw5t0ws00ycitntgg1hprob,"",Guess?,,GM0351,blonde havana,053,53,21,140,889214115591,,,84,252,0,,,t,2025-12-07 20:12:42.076,2025-12-07 20:12:42.076,t,f,999,FRAME
cmiw5t13i00yditnt4bli8qe7,"",Harley-Davidson,,HD0827,shiny gunmetal,008,61,16,145,889214158130,,,73,219,1,,,t,2025-12-07 20:12:42.318,2025-12-07 20:12:42.318,t,f,999,FRAME
cmiw5t1ix00yfitntramujg2k,"",Oakley Youth,,OY8009 FROGSKINS XS RX,SATIN BLACK,800906,48,15,133,888392545732,,,57.6,173,1,,,t,2025-12-07 20:12:42.874,2025-12-07 20:12:42.874,t,f,999,FRAME
cmiw5t1xl00yhitntpoxanj04,"",Oakley Frame,,OX8156 HOLBROOK RX,SATIN GREY SMOKE,815607,54,18,137,888392550477,,,73.91,222,0,,,t,2025-12-07 20:12:43.401,2025-12-07 20:12:43.401,t,f,999,FRAME
cmiw5t25r00yiitntsx9gpwuc,"",Oakley Frame,,OX8056 ADMISSION,MATTE SEPIA,805604,54,17,139,888392577528,,,66.18,199,0,,,t,2025-12-07 20:12:43.696,2025-12-07 20:12:43.696,t,f,999,FRAME
cmiw5t2d700yjitntccq8t41i,"",Harley-Davidson,,HD9018,matte black,002,56,16,145,889214348067,,,96,288,0,,,t,2025-12-07 20:12:43.964,2025-12-07 20:12:43.964,t,f,999,FRAME
cmiw5t2lq00ykitnthh8oat6k,"",Oakley Frame,,OX8173 ACTIVATE,POLISHED GREY SMOKE,817306,53,16,141,888392575661,,,77.36,232,2,,,t,2025-12-07 20:12:44.27,2025-12-07 20:12:44.27,t,f,999,FRAME
cmiw5t30600ymitnt7150cdd5,"",MaxMara,,MM5027,dark havana,052,53,17,140,889214295583,,,77,50,1,,,t,2025-12-07 20:12:44.79,2025-12-07 20:12:44.79,t,f,999,FRAME
cmiw5t3ev00yoitnt9dxzpyl1,"",Harley-Davidson,,HD0769,Matte Black,002,58,19,150,664689964888,,,73,219,2,,,t,2025-12-07 20:12:45.319,2025-12-07 20:12:45.319,t,f,999,FRAME
cmiw5t3un00yqitnt19t6vtqa,"",Harley-Davidson,,HD0779,Brown/Horn,062,54,17,145,889214021182,,,61,189,0,,,t,2025-12-07 20:12:45.887,2025-12-07 20:12:45.887,t,f,999,FRAME
cmiw5t41p00yritntivr60xmj,"",Harley-Davidson,,HD0559,bordeaux/other,071,54,15,145,889214319333,,,68,204,0,,,t,2025-12-07 20:12:46.141,2025-12-07 20:12:46.141,t,f,999,FRAME
cmiw5t4ai00ysitntangcu15x,"",Harley-Davidson,,HD0779,Coloured Horn,064,54,17,145,889214021199,,,61,189,1,,,t,2025-12-07 20:12:46.458,2025-12-07 20:12:46.458,t,f,999,FRAME
cmiw5t4p800yuitntpizdjytf,"",MaxMara,,MM5010,blue/other,092,54,15,140,889214276292,,,65,195,0,,,t,2025-12-07 20:12:46.988,2025-12-07 20:12:46.988,t,f,999,FRAME
cmiw5t4vt00yvitntjlm8k1fq,"",Harley-Davidson,,HD0880,matte blue,091,56,16,140,889214259424,,,74,222,1,,,t,2025-12-07 20:12:47.225,2025-12-07 20:12:47.225,t,f,999,FRAME
cmiw5t5cz00yxitnt1frsamkr,"",Harley-Davidson,,HD9007,shiny blue,090,56,18,150,889214120199,,,92,276,1,,,t,2025-12-07 20:12:47.844,2025-12-07 20:12:47.844,t,f,999,FRAME
cmiw5t5sq00yzitntl1j83rqy,"",MaxMara,,MM5055,shiny bordeaux,069,54,15,140,889214332516,,,65,195,0,,,t,2025-12-07 20:12:48.41,2025-12-07 20:12:48.41,t,f,999,FRAME
cmiw5t5z600z0itntz56qzddp,"",Harley-Davidson,,HD0821,matte gunmetal,009,58,16,145,889214146519,,,73,219,1,,,t,2025-12-07 20:12:48.643,2025-12-07 20:12:48.643,t,f,999,FRAME
cmiw5t6dx00z2itnt58rtolf8,"",MaxMara,,MM5004-H,shiny light bronze,034,55,16,140,889214276063,,,87,261,1,,,t,2025-12-07 20:12:49.173,2025-12-07 20:12:49.173,t,f,999,FRAME
cmiw5t6to00z4itntiawl1sjf,"",Oakley Youth,,OY8005 MARSHAL XS,SATIN GREY SMOKE,800502,47,14,128,888392315199,,,54,162,2,,,t,2025-12-07 20:12:49.74,2025-12-07 20:12:49.74,t,f,999,FRAME
cmiw5t78l00z6itntlkd07ahg,"",MaxMara,,MM5017,shiny black,001,53,14,140,889214276551,,,77,231,1,,,t,2025-12-07 20:12:50.277,2025-12-07 20:12:50.277,t,f,999,FRAME
cmiw5t7mw00z8itnt0y1p9yun,"",MaxMara,,MM5024,dark havana,052,54,16,140,889214295460,,,69,79.99,1,,,t,2025-12-07 20:12:50.792,2025-12-07 20:12:50.792,t,f,999,FRAME
cmiw5t81e00zaitntr8l7u8ik,"",Tory Burch,,TY2121U,CLEAR TRANSPARENT,1875,53,18,140,725125372930,,,77.51,194,0,,,t,2025-12-07 20:12:51.315,2025-12-07 20:12:51.315,t,f,999,FRAME
cmiw5t89m00zbitntvsdobc83,"",Guess?,,GM0375,black/other,005,52,18,145,889214315588,,,100,300,1,,,t,2025-12-07 20:12:51.61,2025-12-07 20:12:51.61,t,f,999,FRAME
cmiw5t8pe00zditntjv7jmnsi,"",Guess?,,GM0378,violet/other,083,53,15,145,889214344625,,,90,270,1,,,t,2025-12-07 20:12:52.178,2025-12-07 20:12:52.178,t,f,999,FRAME
cmiw5t93w00zfitntn0293o9s,"",Guess?,,GU50041,dark havana,052,52,21,145,889214266316,,,78,234,1,,,t,2025-12-07 20:12:52.7,2025-12-07 20:12:52.7,t,f,999,FRAME
cmiw5t9jp00zhitntei0yx4iq,"",Guess?,,GU50042,pale gold,032,54,17,145,889214270450,,,65,195,1,,,t,2025-12-07 20:12:53.269,2025-12-07 20:12:53.269,t,f,999,FRAME
cmiw5t9y900zjitnt1i8akcze,"",Guess?,,GU2880,shiny beige,057,54,15,140,889214308863,,,80,240,0,,,t,2025-12-07 20:12:53.793,2025-12-07 20:12:53.793,t,f,999,FRAME
cmiw5ta4t00zkitntxj254izk,"",Guess?,,GU1971,Shiny Black,001,54,16,145,889214043993,,,75,225,1,,,t,2025-12-07 20:12:54.029,2025-12-07 20:12:54.029,t,f,999,FRAME
cmiw5tajg00zmitnt2or2txwk,"",Guess?,,GU2687,Matte Dark Brown,049,53,17,135,664689953585,,,87,261,1,,,t,2025-12-07 20:12:54.557,2025-12-07 20:12:54.557,t,f,999,FRAME
cmiw5taxw00zoitnt82m0lyv5,"",Guess?,,GU2674,Crystal/Other,027,53,19,140,664689956883,,,77,231,1,,,t,2025-12-07 20:12:55.076,2025-12-07 20:12:55.076,t,f,999,FRAME
cmiw5tbcf00zqitnty3ggawu3,"",Guess?,,GU2909,pink /other,074,53,17,140,889214344700,,,73,219,1,,,t,2025-12-07 20:12:55.599,2025-12-07 20:12:55.599,t,f,999,FRAME
cmiw5tbr900zsitntv1ixokf2,"",Guess?,,GU2915-D,pink /other,074,53,18,145,889214341310,,,72,216,1,,,t,2025-12-07 20:12:56.133,2025-12-07 20:12:56.133,t,f,999,FRAME
cmiw5tc5y00zuitntf2b3befd,"",Guess?,,GU2795,white,021,56,14,140,889214157324,,,61,183,1,,,t,2025-12-07 20:12:56.662,2025-12-07 20:12:56.662,t,f,999,FRAME
cmiw5tcn400zwitntm3bb1foo,"",Guess?,,GU2866,pale gold,032,55,16,140,889214310149,,,70,210,0,,,t,2025-12-07 20:12:57.28,2025-12-07 20:12:57.28,t,f,999,FRAME
cmiw5tcti00zxitntrnjgyodq,"",Guess?,,GU1974,Havana/Other,056,51,17,145,889214073822,,,59,177,1,,,t,2025-12-07 20:12:57.511,2025-12-07 20:12:57.511,t,f,999,FRAME
cmiw5td8800zzitnt1kr3hfu5,"",Guess?,,GU50061,matte black,002,54,15,145,889214341419,,,68,204,0,,,t,2025-12-07 20:12:58.041,2025-12-07 20:12:58.041,t,f,999,FRAME
cmiw5tdg80100itntnubidb8h,"",Guess?,,GU2878,black/other,005,53,15,140,889214310460,,,70,210,3,,,t,2025-12-07 20:12:58.329,2025-12-07 20:12:58.329,t,f,999,FRAME
cmiw5tdut0102itnt77d57v2f,"",Tory Burch,,TY2124U,BLACK,1709,52,17,140,725125384759,,,82.07,246,0,,,t,2025-12-07 20:12:58.853,2025-12-07 20:12:58.853,t,f,999,FRAME
cmiw5te1i0103itntlkdhqvt2,"",Guess?,,GU2725,Black/Other,005,50,18,140,889214043788,,,68,204,0,,,t,2025-12-07 20:12:59.094,2025-12-07 20:12:59.094,t,f,999,FRAME
cmiw5te9f0104itntdksjfuav,"",Guess?,,GU2907,violet/other,083,53,15,140,889214340344,,,72,216,0,,,t,2025-12-07 20:12:59.379,2025-12-07 20:12:59.379,t,f,999,FRAME
cmiw5teg40105itntku7nh1gp,"",Guess?,,GU9179,Shiny Blue,090,49,15,135,664689952434,,,54,162,0,,,t,2025-12-07 20:12:59.621,2025-12-07 20:12:59.621,t,f,999,FRAME
cmiw5tep50106itntv0i75r2j,"",Candies,,CA0187,shiny black,001,50,18,140,889214172907,,,63,189,0,,,t,2025-12-07 20:12:59.946,2025-12-07 20:12:59.946,t,f,999,FRAME
cmiw5tevn0107itntncd7t26x,"",Guess?,,GU1928,Matte Blue,091,55,17,145,664689871667,,,73,219,0,,,t,2025-12-07 20:13:00.18,2025-12-07 20:13:00.18,t,f,999,FRAME
cmiw5tf3u0108itntk6rnv0w2,"",Guess?,,GU9185,shiny turquoise,087,49,15,130,889214067777,,,54,162,0,,,t,2025-12-07 20:13:00.474,2025-12-07 20:13:00.474,t,f,999,FRAME
cmiw5tfag0109itnt0vaicjwc,"",Guess?,,GU9225,shiny violet,081,47,14,135,889214362742,,,48,144,0,,,t,2025-12-07 20:13:00.712,2025-12-07 20:13:00.712,t,f,999,FRAME
cmiw5tfif010aitntpss6pwnp,"",Guess?,,GU2941,violet/other,083,53,15,140,889214391490,,,68,204,1,,,t,2025-12-07 20:13:01,2025-12-07 20:13:01,t,f,999,FRAME
cmiw5tfy8010citntaryq3cai,"",Guess?,,GU9147,Black/Other,005,49,16,130,664689700387,,,49,147,0,,,t,2025-12-07 20:13:01.568,2025-12-07 20:13:01.568,t,f,999,FRAME
cmiw5tg4l010ditnt7a9in0mr,"",Guess?,,GU50047,blue/other,092,54,15,150,889214309242,,,73,219,0,,,t,2025-12-07 20:13:01.797,2025-12-07 20:13:01.797,t,f,999,FRAME
cmiw5tgcu010eitntm9jf2pkx,"",Guess?,,GU9181,pink /other,074,47,15,130,889214067852,,,54,162,0,,,t,2025-12-07 20:13:02.095,2025-12-07 20:13:02.095,t,f,999,FRAME
cmiw5tgjd010fitnttnb5xc5c,"",Guess?,,GU2833,dark brown/other,050,53,14,140,889214216281,,,73,219,1,,,t,2025-12-07 20:13:02.33,2025-12-07 20:13:02.33,t,f,999,FRAME
cmiw5tgy4010hitntx89tsn4k,"",Guess?,,GU50039-D,dark havana,052,52,19,145,889214266224,,,73,219,0,,,t,2025-12-07 20:13:02.86,2025-12-07 20:13:02.86,t,f,999,FRAME
cmiw5th5u010iitntqk557zh8,"",Guess?,,GU9223,pink /other,074,47,12,130,889214362629,,,47,141,1,,,t,2025-12-07 20:13:03.138,2025-12-07 20:13:03.138,t,f,999,FRAME
cmiw5thkf010kitntg6lr65oa,"",Candies,,CA0145,Violet/Other,083,54,15,140,664689890538,,,65,195,0,,,t,2025-12-07 20:13:03.664,2025-12-07 20:13:03.664,t,f,999,FRAME
cmiw5thqy010litnt957ykbz1,"",Guess?,,GU2683,Havana/Other,056,52,17,140,664689956456,,,65,195,1,,,t,2025-12-07 20:13:03.899,2025-12-07 20:13:03.899,t,f,999,FRAME
cmiw5ti5j010nitnt5cqamv94,"",Guess?,,GU2561,Coloured Havana,055,50,15,135,889214010223,,,70,210,0,,,t,2025-12-07 20:13:04.423,2025-12-07 20:13:04.423,t,f,999,FRAME
cmiw5tif1010oitnt3g1k7be7,"",Candies,,CA0208,bordeaux/other,071,51,16,145,889214365538,,,65,195,1,,,t,2025-12-07 20:13:04.718,2025-12-07 20:13:04.718,t,f,999,FRAME
cmiw5tits010qitntcpqhkrp5,"",Guess?,,GU9191,blue/other,092,49,14,130,889214156655,,,54,162,0,,,t,2025-12-07 20:13:05.297,2025-12-07 20:13:05.297,t,f,999,FRAME
cmiw5tj09010ritntuspetj33,"",Candies,,CA0165,Dark Havana,052,52,18,140,889214032287,,,63,189,0,,,t,2025-12-07 20:13:05.529,2025-12-07 20:13:05.529,t,f,999,FRAME
cmiw5tj97010sitnth3o42mnz,"",Emporio Armani,,EA3201U,MATTE GREEN,5058,55,19,145,8056597608305,,,72.51,181,1,,,t,2025-12-07 20:13:05.851,2025-12-07 20:13:05.851,t,f,999,FRAME
cmiw5tjo1010uitnt6k8vp55i,"",Guess?,,GU2942,shiny black,001,52,16,140,889214391506,,,70,210,1,,,t,2025-12-07 20:13:06.385,2025-12-07 20:13:06.385,t,f,999,FRAME
cmiw5tk2g010witnt601pmx7r,"",Michael Kors,,MK4093 PALAU,DARK TORTOISE,3006,52,17,140,725125383264,,,53.35,160,1,,,t,2025-12-07 20:13:06.904,2025-12-07 20:13:06.904,t,f,999,FRAME
cmiw5tkgz010yitnt1ti2kaok,"",Michael Kors,,MK4094U KARLIE I,DARK TORTOISE/CLEAR,3911,51,16,140,725125383530,,,58.27,175,0,,,t,2025-12-07 20:13:07.427,2025-12-07 20:13:07.427,t,f,999,FRAME
cmiw5tknf010zitnt4f69olyd,"",Michael Kors,,MK4094U KARLIE I,BLACK/DARK TORTOISE,3912,53,16,140,725125383561,,,58.27,175,2,,,t,2025-12-07 20:13:07.66,2025-12-07 20:13:07.66,t,f,999,FRAME
cmiw5tl2d0111itntgpqa87pi,"",Harley-Davidson,,HD0756,Matte Dark Brown,049,55,18,145,664689888276,,,68,204,0,,,t,2025-12-07 20:13:08.197,2025-12-07 20:13:08.197,t,f,999,FRAME
cmiw5tlbk0112itntwxsiycyz,"",COACH,,HC6185F,CRYSTAL,5111,54,16,145,725125377751,,,70.08,175,0,,,t,2025-12-07 20:13:08.528,2025-12-07 20:13:08.528,t,f,999,FRAME
cmiw5tlks0113itnt2vtxfs7p,"",COACH,,HC6185F,TRANSPARENT BLUSH,5668,54,16,145,725125377782,,,70.08,175,1,,,t,2025-12-07 20:13:08.861,2025-12-07 20:13:08.861,t,f,999,FRAME
cmiw5tlzf0115itntphxw7xjt,"",Michael Kors,,MK4080U AUCKLAND,ROSE HORN,3277,54,16,140,725125366588,,,56.22,169,1,,,t,2025-12-07 20:13:09.387,2025-12-07 20:13:09.387,t,f,999,FRAME
cmiw5tmf90117itnt9yo1lw58,"",Michael Kors,,MK4039 INDIA,Transparent Purple,3222,54,15,135,725125971515,,,56.22,169,5,,,t,2025-12-07 20:13:09.958,2025-12-07 20:13:09.958,t,f,999,FRAME
cmiw5tmtt011aitntnino1xdy,"",Michael Kors,,MK4074 QUINTANA,CLEAR,3050,51,16,140,725125179706,,,61.56,185,0,,,t,2025-12-07 20:13:10.482,2025-12-07 20:13:10.482,t,f,999,FRAME
cmiw5tn0d011bitnt5uvp89kq,"",Vogue®,,VO4231,PALE GOLD,848,53,17,135,8056597600767,,,50.69,152,1,,,t,2025-12-07 20:13:10.718,2025-12-07 20:13:10.718,t,f,999,FRAME
cmiw5tnew011ditnt9b5w2h5b,"",Tory Burch,,TY1074,SHINY GOLD/NAVY,3311,50,18,140,725125381185,,,75.75,227,3,,,t,2025-12-07 20:13:11.24,2025-12-07 20:13:11.24,t,f,999,FRAME
cmiw5tnte011fitntjf1fc8vd,"",Guess?,,GU9172,Violet/Other,083,48,15,130,664689872251,,,52,156,1,,,t,2025-12-07 20:13:11.762,2025-12-07 20:13:11.762,t,f,999,FRAME
cmiw5to7s011hitnt7zgxart8,"",Tory Burch,,TY2031 ?,YELLOW TORT/BLACK BATIK,3154,49,17,135,725125947657,,,82.07,246,0,,,t,2025-12-07 20:13:12.281,2025-12-07 20:13:12.281,t,f,999,FRAME
cmiw5tog2011iitnt3cwq03x9,"",Michael Kors,,MK3053 FERNIE,SATIN BROWN/ROSE GOLD,1108,54,16,140,725125374484,,,61.58,185,3,,,t,2025-12-07 20:13:12.578,2025-12-07 20:13:12.578,t,f,999,FRAME
cmiw5toup011kitnt02xj3l7n,"",Oakley Youth,,OY8005 MARSHAL XS,SATIN BLACK,800501,49,15,128,888392315229,,,54,162,0,,,t,2025-12-07 20:13:13.106,2025-12-07 20:13:13.106,t,f,999,FRAME
cmiw5tp1a011litntbk92capv,"",Michael Kors,,MK4090 MARTINIQUE,DARK TORTOISE/CLEAR,3102SB,54,16,140,725125380126,,,61.56,185,1,,,t,2025-12-07 20:13:13.342,2025-12-07 20:13:13.342,t,f,999,FRAME
cmiw5tpfy011nitntcg1pafbp,"",Michael Kors,,MK4091 PALAWAN,BLACK,3005,54,16,140,725125379564,,,61.56,185,1,,,t,2025-12-07 20:13:13.87,2025-12-07 20:13:13.87,t,f,999,FRAME
cmiw5tpuc011pitntdd0t6zu5,"",Tory Burch,,TY2079,PEARL BROWN TORT,1682,53,16,135,725125981507,,,91.48,274,0,,,t,2025-12-07 20:13:14.389,2025-12-07 20:13:14.389,t,f,999,FRAME
cmiw5tq2b011qitntk60r3yr5,"",Oakley Frame,,OX3112 TUMBLEWEED,Matte Cement,311204,53,18,143,700285511030,,,95.12,285,0,,,t,2025-12-07 20:13:14.676,2025-12-07 20:13:14.676,t,f,999,FRAME
cmiw5tq8v011ritnt9es5lebt,"",MaxMara,,MM5032,shiny light brown,045,54,15,140,889214295774,,,65,150,0,,,t,2025-12-07 20:13:14.912,2025-12-07 20:13:14.912,t,f,999,FRAME
cmiw5tqgy011sitnt4hbjpuci,"",Oakley Frame,,OX5153 METAL PLATE TI,SATIN BRUSHED CHROME,515303,54,18,138,888392575074,,,112.76,338,0,,,t,2025-12-07 20:13:15.202,2025-12-07 20:13:15.202,t,f,999,FRAME
cmiw5tqne011titntoprtdmo1,"",Tory Burch,,TY4008U,MILKY IVORY,1145,52,16,140,725125367080,,,77.51,233,0,,,t,2025-12-07 20:13:15.434,2025-12-07 20:13:15.434,t,f,999,FRAME
cmiw5tqvl011uitntoy7xw6k5,"",Oakley Frame,,OX3222 STEEL PLATE,Powder Coal,322201,54,18,141,888392247193,,,95.12,285,0,,,t,2025-12-07 20:13:15.729,2025-12-07 20:13:15.729,t,f,999,FRAME
cmiw5tr22011vitntppoapkov,"",Oakley Frame,,OX5040 WINGSPAN,Pewter,504003,53,17,138,700285278902,,,119.77,359,1,,,t,2025-12-07 20:13:15.962,2025-12-07 20:13:15.962,t,f,999,FRAME
cmiw5trgr011xitnt2okjgaa9,"",Oakley Frame,,OX5151 MONOHULL,PEWTER,515102,53,17,138,888392509031,,,109.79,329,1,,,t,2025-12-07 20:13:16.491,2025-12-07 20:13:16.491,t,f,999,FRAME
cmiw5trv1011zitntgxrbzcbs,"",Tory Burch,,TY1074,SHINY LIGHT GOLD/DARK TO,3313,52,18,140,725125381116,,,75.75,227,0,,,t,2025-12-07 20:13:17.006,2025-12-07 20:13:17.006,t,f,999,FRAME
cmiw5yy2o01r1itnt6h7msa8w,"",Affordable Designs,,Sienna,Teal,,55,16,140,,,,79.95,80,0,,,t,2025-12-07 20:17:18.336,2025-12-07 20:17:18.336,t,f,999,FRAME
cmiw5ts3d0120itnt1ctmbh7j,"",Michael Kors,,MK3060 SANREMO,LIGHT GOLD,1014,54,16,140,725125383141,,,55.4,166,1,,,t,2025-12-07 20:13:17.305,2025-12-07 20:13:17.305,t,f,999,FRAME
cmiw5tsix0122itnt8t7cgwxe,"",Oakley Youth,,OY8007 FIELD DAY,SATIN GREY SMOKE,800702,48,14,128,888392374165,,,57.6,173,1,,,t,2025-12-07 20:13:17.865,2025-12-07 20:13:17.865,t,f,999,FRAME
cmiw5tsxl0124itnthjws1uao,"",Tory Burch,,TY2123U,BLACK,1709,53,15,140,725125381048,,,69.44,208,1,,,t,2025-12-07 20:13:18.394,2025-12-07 20:13:18.394,t,f,999,FRAME
cmiw5ttc10126itntl1zufeny,"",Michael Kors,,MK4092 PAMPLONA,BLACK,3005,54,17,140,725125383790,,,56.22,169,0,,,t,2025-12-07 20:13:18.913,2025-12-07 20:13:18.913,t,f,999,FRAME
cmiw5ttin0127itntrm7p26sg,"",Oakley Youth,,OY8004 MILESTONE XS,MATTE BLACK,800404,47,17,130,888392288431,,,48.71,146,0,,,t,2025-12-07 20:13:19.151,2025-12-07 20:13:19.151,t,f,999,FRAME
cmiw5ttqv0128itntakbtx9p0,"",Michael Kors,,MK3060 SANREMO,ROSE GOLD,1108,54,16,140,725125383288,,,55.4,166,0,,,t,2025-12-07 20:13:19.447,2025-12-07 20:13:19.447,t,f,999,FRAME
cmiw5ttxj0129itnti0y5vfzu,"",Oakley Frame,,OX5019 SOCKET TI,SATIN BRUSHED CHROME,501904,54,17,140,888392574985,,,118.65,356,0,,,t,2025-12-07 20:13:19.688,2025-12-07 20:13:19.688,t,f,999,FRAME
cmiw5tu7s012aitnt1xdm1zke,"",Michael Kors,,MK3061 MURCIA,BROWN TRANSPARENT,1015,52,18,140,725125383271,,,61.56,185,0,,,t,2025-12-07 20:13:20.012,2025-12-07 20:13:20.012,t,f,999,FRAME
cmiw5tufw012bitntmkjsqcyi,"",Tory Burch,,TY2120U,SKY BLUE HORN,1869,52,17,140,725125372961,,,82.07,246,1,,,t,2025-12-07 20:13:20.348,2025-12-07 20:13:20.348,t,f,999,FRAME
cmiw5tuuh012ditntydifrnv5,"",Oakley Frame,,OX3111 RHINOCHASER,Cement,311101,54,19,143,700285507941,,,109.9,330,1,,,t,2025-12-07 20:13:20.873,2025-12-07 20:13:20.873,t,f,999,FRAME
cmiw5tv91012fitntsm7rw9as,"",Michael Kors,,MK3058B TRINIDAD,LIGHT GOLD,1014,54,17,140,725125379847,,,71.81,215,0,,,t,2025-12-07 20:13:21.397,2025-12-07 20:13:21.397,t,f,999,FRAME
cmiw5tvfn012gitntopo5ls2y,"",Oakley Frame,,OX5125 GAUGE 5.1,MATTE BLACK,512501,54,17,142,888392258304,,,102.3,307,0,,,t,2025-12-07 20:13:21.635,2025-12-07 20:13:21.635,t,f,999,FRAME
cmiw5tvnm012hitntwbhomcx9,"",Michael Kors,,MK4035 AMBROSINE,Pink Tortoise,3205,53,15,135,725125971089,,,71.81,215,1,,,t,2025-12-07 20:13:21.922,2025-12-07 20:13:21.922,t,f,999,FRAME
cmiw5tw3i012jitnti0v97rwn,"",Michael Kors,,MK4035 AMBROSINE,TRANSLUCENT MULBERRY,3689,53,15,135,725125011051,,,71.81,215,1,,,t,2025-12-07 20:13:22.494,2025-12-07 20:13:22.494,t,f,999,FRAME
cmiw5twi1012litntt2lw6ubi,"",Michael Kors,,MK4016 ANTIBES,Sunset Confetti Tortoise,3032,53,17,140,725125940542,,,86.19,259,0,,,t,2025-12-07 20:13:23.018,2025-12-07 20:13:23.018,t,f,999,FRAME
cmiw5twoe012mitntbdph5urc,"",Ray-Ban Rx,,RX7211,TRANSPARENT GREY,8205,52,19,145,8056597724630,,,74.7,224,0,,,t,2025-12-07 20:13:23.246,2025-12-07 20:13:23.246,t,f,999,FRAME
cmiw5twws012nitntq4sipwts,"",Michael Kors,,MK4088F,BLACK,3005,55,16,140,725125375023,,,71.81,215,0,,,t,2025-12-07 20:13:23.548,2025-12-07 20:13:23.548,t,f,999,FRAME
cmiw5tx44012oitntg6hu2zf4,"",Oakley Youth,,OY8005 MARSHAL XS,POLISHED BLACK,800503,49,15,128,888392315243,,,54,162,1,,,t,2025-12-07 20:13:23.813,2025-12-07 20:13:23.813,t,f,999,FRAME
cmiw5txiv012qitnta81twqbl,"",Oakley Frame,,OX8081 PLANK 2.0,POLISHED GREY SMOKE,808106,55,18,145,888392528629,,,73.91,222,1,,,t,2025-12-07 20:13:24.343,2025-12-07 20:13:24.343,t,f,999,FRAME
cmiw5txxj012sitntfxpky6d7,"",Michael Kors,,MK4096U LADUE,DARK TORTOISE,3006,56,14,140,725125388061,,,71.81,215,1,,,t,2025-12-07 20:13:24.872,2025-12-07 20:13:24.872,t,f,999,FRAME
cmiw5tybv012uitntun3opxom,"",Ray-Ban Rx,,RX5169,Top Black On Transparent,2034,54,16,140,805289291022,,,66.01,199,0,,,t,2025-12-07 20:13:25.388,2025-12-07 20:13:25.388,t,f,999,FRAME
cmiw5tyk4012vitnt6imslvk6,"",Oakley Youth,,OY8007 FIELD DAY,SATIN BLACK,800708,50,15,128,888392463654,,,57.6,173,0,,,t,2025-12-07 20:13:25.685,2025-12-07 20:13:25.685,t,f,999,FRAME
cmiw5tys0012witnth7n15px9,"",Michael Kors,,MK4096U LADUE,BLACK,3005,56,14,140,725125388030,,,71.81,215,0,,,t,2025-12-07 20:13:25.968,2025-12-07 20:13:25.968,t,f,999,FRAME
cmiw5tz02012xitntq5i38hed,"",Oakley Frame,,OX3174 BARRELHOUSE 0.5,Matte Midnight,317404,53,18,139,700285855639,,,100.79,302,1,,,t,2025-12-07 20:13:26.258,2025-12-07 20:13:26.258,t,f,999,FRAME
cmiw5tzej012zitntitpgl6a2,"",Michael Kors,,MK4093 PALAU,DUSTY CORAL,3907,52,17,140,725125383370,,,53.35,160,1,,,t,2025-12-07 20:13:26.78,2025-12-07 20:13:26.78,t,f,999,FRAME
cmiw5tzt20131itnt9i7rs514,"",Ray-Ban Rx,,RX8903,Matte Havana,5200,53,18,145,8053672667752,,,109.09,327,0,,,t,2025-12-07 20:13:27.302,2025-12-07 20:13:27.302,t,f,999,FRAME
cmiw5tzzm0132itnt51a88p8d,"",Michael Kors,,MK4080U AUCKLAND,CORDOVAN,3344,52,16,140,725125388047,,,56.22,169,0,,,t,2025-12-07 20:13:27.538,2025-12-07 20:13:27.538,t,f,999,FRAME
cmiw5u07l0133itntzemjnhu3,"",Oakley Frame,,OX3173 BARRELHOUSE,Matte Black,317301,52,17,139,700285854809,,,102.96,309,0,,,t,2025-12-07 20:13:27.826,2025-12-07 20:13:27.826,t,f,999,FRAME
cmiw5u0e00134itnt2eu4tyvn,"",Ray-Ban Rx,,RX2180V,GRADIENT TURQUOISE HAVAN,8146,49,21,145,8056597549882,,,65.69,197,0,,,t,2025-12-07 20:13:28.057,2025-12-07 20:13:28.057,t,f,999,FRAME
cmiw5u0m90135itnt60vxe47f,"",Ray-Ban Rx,,RX7244,RED CHERRY,8099,51,18,140,8056597430579,,,65.69,197,0,,,t,2025-12-07 20:13:28.354,2025-12-07 20:13:28.354,t,f,999,FRAME
cmiw5u0st0136itntrqq2olaw,"",Ray-Ban Rx,,RX6355,MATTE BLACK,3098,50,20,145,8056597297813,,,70.57,212,1,,,t,2025-12-07 20:13:28.59,2025-12-07 20:13:28.59,t,f,999,FRAME
cmiw5u18u0138itnt4fm63o6x,"",Ray-Ban Rx,,RX6396,Silver,2932,51,19,140,8053672729139,,,74.6,224,2,,,t,2025-12-07 20:13:29.166,2025-12-07 20:13:29.166,t,f,999,FRAME
cmiw5u1n7013aitntx2quucnq,"",Oakley Youth,,OY8023 QUAD OUT,SATIN BROWN TORTOISE,802303,47,15,130,888392579713,,,51.03,153,0,,,t,2025-12-07 20:13:29.683,2025-12-07 20:13:29.683,t,f,999,FRAME
cmiw5u1vd013bitnt7z8afw0b,"",Ray-Ban Rx,,RX7244,BLUE,8100,53,18,140,8056597430609,,,65.69,197,0,,,t,2025-12-07 20:13:29.977,2025-12-07 20:13:29.977,t,f,999,FRAME
cmiw5u21x013citnt2d2syc9c,"",Michael Kors,,MK3019,ROSE GOLD,1116,56,14,135,725125988902,,,71.81,215,1,,,t,2025-12-07 20:13:30.214,2025-12-07 20:13:30.214,t,f,999,FRAME
cmiw5u2gg013eitntvo0pqyib,"",Oakley Youth,,OY8014 ROUND OUT,BLACK INK,801404,48,17,133,888392487902,,,48.71,146,2,,,t,2025-12-07 20:13:30.736,2025-12-07 20:13:30.736,t,f,999,FRAME
cmiw5u2z5013gitnt8859pp6h,"",Michael Kors,,MK3018,ROSE GOLD-TONE,1194,54,17,140,725125984713,,,71.81,215,1,,,t,2025-12-07 20:13:31.409,2025-12-07 20:13:31.409,t,f,999,FRAME
cmiw5u3k1013iitntzefmcnji,"",Michael Kors,,MK4085U,3009,3009,54,17,140,,,,61.56,185,0,,,t,2025-12-07 20:13:32.162,2025-12-07 20:13:32.162,t,f,999,FRAME
cmiw5u3s9013jitnt3ixp1qwd,"",Michael Kors,,MK4060U,3344,3344,54,15,140,725125007641,,,56.22,169,1,,,t,2025-12-07 20:13:32.457,2025-12-07 20:13:32.457,t,f,999,FRAME
cmiw5u481013litnt1lbvihaa,"",Harley-Davidson,,HD0762,Matte Black,002,57,17,145,664689892297,,,61,183,1,,,t,2025-12-07 20:13:33.026,2025-12-07 20:13:33.026,t,f,999,FRAME
cmiw5u4sh013nitntlwtpex71,"",Guess?,,GU2942,havana/other,056,52,16,140,889214391520,,,70,210,2,,,t,2025-12-07 20:13:33.761,2025-12-07 20:13:33.761,t,f,999,FRAME
cmiw5u596013qitnto1pzty6n,"",Ralph,,RA6051,SHINY PALE GOLD,9116,54,16,140,8056597617567,,,58.56,176,0,,,t,2025-12-07 20:13:34.362,2025-12-07 20:13:34.362,t,f,999,FRAME
cmiw5u5h3013ritnth6kjb477,"",Michael Kors,,MK4060U,3332,3332,54,15,140,725125007610,,,56.22,169,0,,,t,2025-12-07 20:13:34.648,2025-12-07 20:13:34.648,t,f,999,FRAME
cmiw5u5nr013sitntfwg6u7y1,"",Guess?,,GU2874,dark havana,052,51,16,140,889214308511,,,75,225,2,,,t,2025-12-07 20:13:34.887,2025-12-07 20:13:34.887,t,f,999,FRAME
cmiw5u69j013uitnt7yq659qs,"",Ray-Ban Rx,,RX5245,Top Black On Transparent,2034,54,17,,,,,70.57,212,0,,,t,2025-12-07 20:13:35.671,2025-12-07 20:13:35.671,t,f,999,FRAME
cmiw5u6g9013vitntvowgqnuv,"",Michael Kors,,0MK4079U,tern/black,3332,53,15,140,,,,61.56,215,1,,,t,2025-12-07 20:13:35.913,2025-12-07 20:13:35.913,t,f,999,FRAME
cmiw5u6vb013xitntjexqlomc,"",Guess?,,GU5223,shiny black,001,54,16,145,889214352002,,,68,204,0,,,t,2025-12-07 20:13:36.455,2025-12-07 20:13:36.455,t,f,999,FRAME
cmiw5u73e013yitntvpyhdjxs,"",Ray-Ban Rx,,RX5413,HAVANA,2012,54,17,145,8056597743747,,,83,249,0,,,t,2025-12-07 20:13:36.746,2025-12-07 20:13:36.746,t,f,999,FRAME
cmiw5u79v013zitnt7y0zcof9,"",Guess?,,GU1952,Shiny Black,001,53,17,140,664689952786,,,65,220,0,,,t,2025-12-07 20:13:36.979,2025-12-07 20:13:36.979,t,f,999,FRAME
cmiw5u7hu0140itntvz5w1caw,"",Guess?,,GU9172,Light Green/Other,095,48,15,130,664689872275,,,52,156,0,,,t,2025-12-07 20:13:37.266,2025-12-07 20:13:37.266,t,f,999,FRAME
cmiw5u7oa0141itntn5s7rxu7,"",Guess?,,GU5217,red/other,068,56,17,140,889214371058,,,73,219,1,,,t,2025-12-07 20:13:37.498,2025-12-07 20:13:37.498,t,f,999,FRAME
cmiw5u82w0143itntkqmjx2h8,"",Guess?,,GU1906,Blue/Other,092,53,18,145,889214010155,,,79,237,1,,,t,2025-12-07 20:13:38.025,2025-12-07 20:13:38.025,t,f,999,FRAME
cmiw5u8hl0145itnt95xlmixv,"",Michael Kors,,MK3061 MURCIA,TRANSPARENT DUSTY ROSE,1016,54,18,140,725125383349,2221,,61.56,185,1,,,t,2025-12-07 20:13:38.554,2025-12-07 20:13:38.554,t,f,999,FRAME
cmiw5u8vx0147itnt7yljlkue,"",Polo,,PH2244,SHINY FOREST GREEN,5421,54,19,145,8056597598811,,,67.58,203,0,,,t,2025-12-07 20:13:39.07,2025-12-07 20:13:39.07,t,f,999,FRAME
cmiw5u9430148itnteod034rp,"",Emporio Armani,,EA3194,SHINY STRIPED BLUE,5310,56,17,145,8056597615112,,,67.67,200,0,,,t,2025-12-07 20:13:39.363,2025-12-07 20:13:39.363,t,f,999,FRAME
cmiw5u9ak0149itnt04v4lqlp,"",CH Carolina Herrera,,VHE874K,Burgundy 09HB,,51,16,135,190605303856,,,112.5,125,1,,,t,2025-12-07 20:13:39.596,2025-12-07 20:13:39.596,t,f,999,FRAME
cmiw5u9p6014bitntbwte3cvl,"",CH Carolina Herrera,,VHE839K,Black 0700,,53,16,135,190605257234,,,99.5,199,0,,,t,2025-12-07 20:13:40.123,2025-12-07 20:13:40.123,t,f,999,FRAME
cmiw5u9x8014citnt0tj6nux3,"",Polo,,PH2246,SHINY OPAL HONEY,5005,50,20,145,8056597613415,,,77.98,234,0,,,t,2025-12-07 20:13:40.412,2025-12-07 20:13:40.412,t,f,999,FRAME
cmiw5ua3r014ditnt39x30jl2,"",Polo,,PH2240,SHINY JC TORTOISE,5303,54,18,145,8056597531856,,,70.11,210,0,,,t,2025-12-07 20:13:40.648,2025-12-07 20:13:40.648,t,f,999,FRAME
cmiw5uabp014eitntjvtcukgc,"",CH Carolina Herrera,,VHE851K,Tortoise Blue 0743,,53,15,140,190605289440,,,90,90,0,,,t,2025-12-07 20:13:40.934,2025-12-07 20:13:40.934,t,f,999,FRAME
cmiw5uai6014fitnt60tjc71w,"",CH Carolina Herrera,,VHE761K,Black 700Y,,53,15,140,190605089569,,,100,100,1,,,t,2025-12-07 20:13:41.166,2025-12-07 20:13:41.166,t,f,999,FRAME
cmiw5uawm014hitntyzwwyp9o,"",Burberry,,BE2357 ESME,TOP CHECK/STRIPED BROWN,3981,54,16,140,8056597594325,,,98.34,295,1,,,t,2025-12-07 20:13:41.686,2025-12-07 20:13:41.686,t,f,999,FRAME
cmiw5ubbj014jitntmwi6zx10,"",Michael Ryen,,MR-330,Midnight,2,53,18,143,738921547013,,,68.5,206,1,,,t,2025-12-07 20:13:42.223,2025-12-07 20:13:42.223,t,f,999,FRAME
cmiw5ubpw014litntf710g02z,"",CH Carolina Herrera,,VHE778,black,0722,52,17,135,,,,100,100,1,,,t,2025-12-07 20:13:42.74,2025-12-07 20:13:42.74,t,f,999,FRAME
cmiw5uc4d014nitntog6ziwl7,"",CH Carolina Herrera,,VHE836K,Black 0D82,,51,16,135,190605257197,,,107,100,0,,,t,2025-12-07 20:13:43.262,2025-12-07 20:13:43.262,t,f,999,FRAME
cmiw5ucck014oitnteva7g1qb,"",Burberry,,BE2348,BORDEAUX,3403,55,15,140,8056597490856,,,108.69,326,0,,,t,2025-12-07 20:13:43.557,2025-12-07 20:13:43.557,t,f,999,FRAME
cmiw5uckj014pitntj8ql033z,"",COACH,,HC5135,SATIN PINK / LIGHT GOLD,9350,53,17,140,725125377126,,,50,150,0,,,t,2025-12-07 20:13:43.843,2025-12-07 20:13:43.843,t,f,999,FRAME
cmiw5ucsk014qitntizrg7u65,"",Adrienne Vittadini,,AV6024,Blue Indigo,126,45,18,135,642878036639,,,44,132,1,,,t,2025-12-07 20:13:44.132,2025-12-07 20:13:44.132,t,f,999,FRAME
cmiw5ud7h014sitntajkivb3j,"",Discount,,Super Saver,shiney,POS,54,18,140,,,,10,50,151,,,t,2025-12-07 20:13:44.67,2025-12-07 20:13:44.67,t,f,999,FRAME
cmiw5udmq014uitntv6g5bn1l,"",Michael Kors,,MK4082 ORLANDO,BLACK,3005,54,17,140,725125366182,,,64.84,195,1,,,t,2025-12-07 20:13:45.219,2025-12-07 20:13:45.219,t,f,999,FRAME
cmiw5ue1p014witnt9ilgw5d6,"",Michael Kors,,MK4084U,BLACK,3005,54,16,140,725125375269,,,55,165,0,,,t,2025-12-07 20:13:45.758,2025-12-07 20:13:45.758,t,f,999,FRAME
cmiw5ue9j014xitnt70396gyk,"",Michael Kors,,MK4094U KARLIE I,DARK TORTOISE,3006,53,16,140,725125383509,,,58.27,175,0,,,t,2025-12-07 20:13:46.04,2025-12-07 20:13:46.04,t,f,999,FRAME
cmiw5ueg1014yitntluvzcw9z,"",Michael Kors,,MK4091 PALAWAN,DARK TORTOISE,3006,54,16,140,725125379649,,,61.56,185,1,,,t,2025-12-07 20:13:46.273,2025-12-07 20:13:46.273,t,f,999,FRAME
cmiw5ueug0150itntlnd8tbon,"",Michael Kors,,MK3061 MURCIA,BLACK,1014,54,18,140,725125383172,,,61.56,185,1,,,t,2025-12-07 20:13:46.792,2025-12-07 20:13:46.792,t,f,999,FRAME
cmiw5uf940152itnthjibskc4,"",Michael Kors,,MK3050,SATIN BRN,1213,53,17,140,,,,71.81,215,0,,,t,2025-12-07 20:13:47.321,2025-12-07 20:13:47.321,t,f,999,FRAME
cmiw5ufh70153itntf4r39z8u,"",Oakley Frame,,OX8140 LITEBEAM,SATIN BLACK,814001,55,18,140,888392344335,,,73.91,222,1,,,t,2025-12-07 20:13:47.612,2025-12-07 20:13:47.612,t,f,999,FRAME
cmiw5ufvs0155itntl2wwwtpm,"",Oakley Frame,,OX8163 CENTERBOARD,SATIN BROWN SMOKE,816307,53,17,141,888392577771,,,73.91,222,0,,,t,2025-12-07 20:13:48.136,2025-12-07 20:13:48.136,t,f,999,FRAME
cmiw5ug2b0156itnt61coia6q,"",Oakley Frame,,OX8177 OJECTOR RX,SATIN GREY SMOKE,817702,56,16,140,888392562777,,,73.54,221,1,,,t,2025-12-07 20:13:48.371,2025-12-07 20:13:48.371,t,f,999,FRAME
cmiw5uggs0158itnt1t948iyp,"",Harley-Davidson,,HD0859,grey/other,020,58,16,150,889214210449,,,68,204,0,,,t,2025-12-07 20:13:48.892,2025-12-07 20:13:48.892,t,f,999,FRAME
cmiw5ugow0159itntqa32qjg9,"",Harley-Davidson,,HD0855,matte black,002,58,16,145,889214210494,,,73,219,0,,,t,2025-12-07 20:13:49.184,2025-12-07 20:13:49.184,t,f,999,FRAME
cmiw5ugvm015aitntw6s41o1q,"",Harley-Davidson,,HD0564,LIGHT TORT,047,54,15,140,88214374851,,,70,210,1,,,t,2025-12-07 20:13:49.427,2025-12-07 20:13:49.427,t,f,999,FRAME
cmiw5uhbd015citntwxzsgo3k,"",Harley-Davidson,,HD0566,pink /other,074,53,14,145,889214407139,,,63,189,0,,,t,2025-12-07 20:13:49.993,2025-12-07 20:13:49.993,t,f,999,FRAME
cmiw5uhkq015ditntrfq8nomt,"",Harley-Davidson,,HD0553,shiny dark brown,048,53,16,140,889214181244,,,70,210,0,,,t,2025-12-07 20:13:50.285,2025-12-07 20:13:50.285,t,f,999,FRAME
cmiw5uhry015eitntezwrrou7,"",Harley-Davidson,,HD0794,grey/other,020,55,15,145,889214081063,,,73,219,1,,,t,2025-12-07 20:13:50.591,2025-12-07 20:13:50.591,t,f,999,FRAME
cmiw5ui74015gitnt7mg7i6an,"",Harley-Davidson,,HD0563,black/other,005,52,15,140,889214374769,,,68,204,0,,,t,2025-12-07 20:13:51.136,2025-12-07 20:13:51.136,t,f,999,FRAME
cmiw5uif2015hitntvco60hts,"",Harley-Davidson,,HD0906,matte light brown,046,59,16,145,889214310880,,,70,210,0,,,t,2025-12-07 20:13:51.422,2025-12-07 20:13:51.422,t,f,999,FRAME
cmiw5uilk015iitnt3bh6icm3,"",Harley-Davidson,,HD0766,Matte Gunmetal,009,57,17,145,664689924387,,,67,201,1,,,t,2025-12-07 20:13:51.656,2025-12-07 20:13:51.656,t,f,999,FRAME
cmiw5uizw015kitntdy47ojg1,"",Harley-Davidson,,HD0562,violet/other,083,52,15,140,889214374806,,,68,204,1,,,t,2025-12-07 20:13:52.172,2025-12-07 20:13:52.172,t,f,999,FRAME
cmiw5ujet015mitntma1lifik,"",Harley-Davidson,,HD0565,matte bordeaux,070,55,15,140,889214374837,,,70,210,2,,,t,2025-12-07 20:13:52.709,2025-12-07 20:13:52.709,t,f,999,FRAME
cmiw5ujua015oitntpa71sugw,"",Harley-Davidson,,HD0823,shiny black,001,58,16,,889214141446,,,73,219,0,,,t,2025-12-07 20:13:53.266,2025-12-07 20:13:53.266,t,f,999,FRAME
cmiw5uk2y015pitnt9pazk2z1,"",Oakley Frame,,OX8046 AIRDROP,SATIN BLACK,804601,59,18,148,888392593962,,,89.72,269,4,,,t,2025-12-07 20:13:53.578,2025-12-07 20:13:53.578,t,f,999,FRAME
cmiw5ukid015sitntgwfcnkz0,"",Ray-Ban Rx,,RX7031,TRASPARENT,2001,53,17,140,8053672782295,,,90.1,270,1,,,t,2025-12-07 20:13:54.134,2025-12-07 20:13:54.134,t,f,999,FRAME
cmiw5ukx5015uitntqp6t1aqr,"",Michael Kors,,MK4030F VIVIANNA II,Black,3163,54,16,135,725125962162,,,53.35,160,1,,,t,2025-12-07 20:13:54.666,2025-12-07 20:13:54.666,t,f,999,FRAME
cmiw5ulcu015witntgloco989,"",Michael Kors,,MK4058 CARACAS,BLUE TORTOISE,3333,54,17,135,725125388177,,,56.22,169,0,,,t,2025-12-07 20:13:55.231,2025-12-07 20:13:55.231,t,f,999,FRAME
cmiw5v9ay0197itntvpwk70ik,"",Tom Ford,,FT5674-B,coloured havana,055,54,17,140,889214138309,,,150,450,1,,,t,2025-12-07 20:14:26.266,2025-12-07 20:14:26.266,t,f,999,FRAME
cmiw5v9ut0199itntwj2zzn60,"",Tom Ford,,FT5695-B,shiny black,001,47,20,145,889214181510,,,163,489,0,,,t,2025-12-07 20:14:26.982,2025-12-07 20:14:26.982,t,f,999,FRAME
cmiw5va18019aitnthh3ry3cg,"",Tom Ford,,FT5735B,090,090,47,20,145,889214257185,,,150,450,1,,,t,2025-12-07 20:14:27.212,2025-12-07 20:14:27.212,t,f,999,FRAME
cmiw5vafs019citntsq682bbb,"",Tom Ford,,FT5766-B,shiny lilac,078,54,19,140,889214268853,,,172,516,2,,,t,2025-12-07 20:14:27.736,2025-12-07 20:14:27.736,t,f,999,FRAME
cmiw5vaug019eitntlx85mzhg,"",Tom Ford,,FT5816-B,turquoise/other,089,53,18,140,889214327819,,,200,600,0,,,t,2025-12-07 20:14:28.265,2025-12-07 20:14:28.265,t,f,999,FRAME
cmiw5vb2j019fitntawntsalf,"",Tom Ford,,FT5817-B,coloured havana,055,56,16,145,889214336903,,,149,447,0,,,t,2025-12-07 20:14:28.555,2025-12-07 20:14:28.555,t,f,999,FRAME
cmiw5vb91019gitntnmkhj7b7,"",Tom Ford,,FT5820-B,shiny black,001,50,20,145,889214337122,,,160,480,1,,,t,2025-12-07 20:14:28.789,2025-12-07 20:14:28.789,t,f,999,FRAME
cmiw5vbp7019iitnt7bpiuz32,"",Tom Ford,,FT5828-B,shiny black,001,60,7,135,889214337399,,,172,516,1,,,t,2025-12-07 20:14:29.371,2025-12-07 20:14:29.371,t,f,999,FRAME
cmiw5vc4p019kitntn24gvtrf,"",Tom Ford,,FT5831-B,shiny black,001,53,18,145,889214358431,,,158,474,0,,,t,2025-12-07 20:14:29.93,2025-12-07 20:14:29.93,t,f,999,FRAME
cmiw5vccp019litnt43akoltp,"",Tom Ford,,FT5835-B,dark havana,052,54,17,145,889214358707,,,181,543,1,,,t,2025-12-07 20:14:30.217,2025-12-07 20:14:30.217,t,f,999,FRAME
cmiw5vcrd019nitntimxtsh8o,"",Tom Ford,,FT5842-B,shiny blue,090,54,15,140,889214358967,,,158,474,1,,,t,2025-12-07 20:14:30.745,2025-12-07 20:14:30.745,t,f,999,FRAME
cmiw5vd78019pitnt4h58d85x,"",Tom Ford,,FT5304,Dark Havana,052,54,19,145,664689629077,,,198,495,0,,,t,2025-12-07 20:14:31.316,2025-12-07 20:14:31.316,t,f,999,FRAME
cmiw5vddr019qitnt7rbxkm9h,"",Tom Ford,,FT5353,crystal,026,52,15,140,664689675609,,,190,570,1,,,t,2025-12-07 20:14:31.551,2025-12-07 20:14:31.551,t,f,999,FRAME
cmiw5vds0019sitnt06o1p86d,"",Tom Ford,,FT5514,Violet/Other,083,54,15,140,664689942701,,,150,450,0,,,t,2025-12-07 20:14:32.065,2025-12-07 20:14:32.065,t,f,999,FRAME
cmiw5ve0b019titnt305i0bgw,"",Ray-Ban Rx,,RX5375,TOP BLACK ON TRANSPARENT,2034,53,18,145,8056597061872,,,79.08,237,0,,,t,2025-12-07 20:14:32.363,2025-12-07 20:14:32.363,t,f,999,FRAME
cmiw5ve6n019uitnt8m099sp8,"",Michael Kors,,MK4097 GREVE,DARK TORTOISE,3006,52,16,140,725125387880,,,71.81,215,0,,,t,2025-12-07 20:14:32.592,2025-12-07 20:14:32.592,t,f,999,FRAME
cmiw5veer019vitntynvg29tw,"",Michael Kors,,MK4097 GREVE,BLACK,3005,54,16,140,725125387859,,,71.81,215,0,,,t,2025-12-07 20:14:32.883,2025-12-07 20:14:32.883,t,f,999,FRAME
cmiw5vel8019witntnewfs2df,"",Michael Kors,,MK4076U ROME,BLACK,3332,54,17,140,725125179744,,,75.52,227,1,,,t,2025-12-07 20:14:33.116,2025-12-07 20:14:33.116,t,f,999,FRAME
cmiw5vf2s019yitntawqwx4v5,"",Michael Kors,,MK3058B TRINIDAD,SILVER,1153,54,17,140,725125379878,,,71.81,215,0,,,t,2025-12-07 20:14:33.748,2025-12-07 20:14:33.748,t,f,999,FRAME
cmiw5vf9d019zitnt5gcqfm0w,"",Michael Kors,,MK2137U,ANAHEIM DARK TOTOISE W/BROWN GRADIENT,300613,57,18,140,725125365581,,,43.11,129,0,,,t,2025-12-07 20:14:33.985,2025-12-07 20:14:33.985,t,f,999,FRAME
cmiw5vfhc01a0itnt837ubbm1,"",Guess?,,GU2945,grey/other,020,54,15,135,889214391766,,,80,240,0,,,t,2025-12-07 20:14:34.272,2025-12-07 20:14:34.272,t,f,999,FRAME
cmiw5vfnz01a1itntjyqw6n69,"",Oakley,,0OX5038,satin black,1185,55,19,140,,,,128.95,387,1,,,t,2025-12-07 20:14:34.512,2025-12-07 20:14:34.512,t,f,999,FRAME
cmiw5vg2d01a3itntf3xoaiyy,"",Oakley Frame,,OX8055 EXCHANGE,SATIN GREY SMOKE,805502,54,17,136,888392575111,,,95.65,287,1,,,t,2025-12-07 20:14:35.03,2025-12-07 20:14:35.03,t,f,999,FRAME
cmiw5vggy01a5itnt2zrxv5ak,"",Michael Kors,,0MK4087B,bright black,3005,53,16,140,,,,71.81,180,1,,,t,2025-12-07 20:14:35.555,2025-12-07 20:14:35.555,t,f,999,FRAME
cmiw5vgws01a7itnt0wkmlm27,"",Michael Kors,,MK4058 CARACAS,CRYSTAL CLEAR INJECTED,3050,54,17,135,725125000321,,,56.22,169,1,,,t,2025-12-07 20:14:36.078,2025-12-07 20:14:36.078,t,f,999,FRAME
cmiw5vhbt01a9itntln0g8sks,"",Michael Kors,,MK4030F VIVIANNA II,CLEAR,3015,54,16,135,725125384353,,,53.35,160,0,,,t,2025-12-07 20:14:36.666,2025-12-07 20:14:36.666,t,f,999,FRAME
cmiw5vhkv01aaitntxt5ttj3d,"",Oakley Frame,,OX5132 SURFACE PLATE,SATIN LIGHT STEEL,513207,54,18,138,888392405241,,,118.65,356,1,,,t,2025-12-07 20:14:36.992,2025-12-07 20:14:36.992,t,f,999,FRAME
cmiw5vhza01acitnt335ong4k,"",Oakley Frame,,OX8060 OVERHEAD,SATIN BLACK,806001,59,16,138,888392601308,,,67.98,204,3,,,t,2025-12-07 20:14:37.51,2025-12-07 20:14:37.51,t,f,999,FRAME
cmiw5vidw01afitnt4h8ux1o0,"",Oakley Frame,,OX8060 OVERHEAD,POLISHED CLEAR,806003,57,16,138,888392601353,,,67.98,204,1,,,t,2025-12-07 20:14:38.037,2025-12-07 20:14:38.037,t,f,999,FRAME
cmiw5visd01ahitntynffk857,"",Oakley Frame,,OX8061 PLAZLINK,GREY SHADOW,806103,56,19,140,888392601438,,,82.35,247,1,,,t,2025-12-07 20:14:38.558,2025-12-07 20:14:38.558,t,f,999,FRAME
cmiw5vj9d01ajitnt1wl6psk7,"",Michael Kors,,MK4039 INDIA,PINK TORT,3026,54,15,135,725125010979,,,56.22,169,1,,,t,2025-12-07 20:14:39.17,2025-12-07 20:14:39.17,t,f,999,FRAME
cmiw5vjpa01alitnt0flxp184,"",Michael Kors,,MK4054,clear,3105,52,20,140,725125997751,,,75.52,227,0,,,t,2025-12-07 20:14:39.742,2025-12-07 20:14:39.742,t,f,999,FRAME
cmiw5vjxk01amitntbquuutv4,"",Michael Kors,,MK4076U ROME,CORDOVAN,3344,54,17,140,725125380430,,,75.52,227,1,,,t,2025-12-07 20:14:40.04,2025-12-07 20:14:40.04,t,f,999,FRAME
cmiw5yy8v01r2itntbvaextse,"",Affordable Designs,,Sienna,Pink,,55,16,140,,,,79.95,80,1,,,t,2025-12-07 20:17:18.56,2025-12-07 20:17:18.56,t,f,999,FRAME
cmiw5vkc701aoitntydlu2t8b,"",Michael Kors,,MK4030,VIVIANNA II DARK TORTOISE,3106,54,,,725125961240,,,53.35,160,0,,,t,2025-12-07 20:14:40.567,2025-12-07 20:14:40.567,t,f,999,FRAME
cmiw5vkj501apitnt31i3w496,"",Michael Kors,,MK4092 PAMPLONA,TRANSPARENT PINK,3101,54,17,140,725125383899,,,56.22,169,1,,,t,2025-12-07 20:14:40.817,2025-12-07 20:14:40.817,t,f,999,FRAME
cmiw5vkyg01aritntbjcgbelq,"",Affordable Designs,,Boston,Matte Black,,47,20,140,810040600036,,,79.95,80,0,,,t,2025-12-07 20:14:41.368,2025-12-07 20:14:41.368,t,f,999,FRAME
cmiw5vl6k01asitntw5mb241u,"",Affordable Designs,,Boston,Matte gun,,47,20,140,810040600050,,,79.95,80,1,,,t,2025-12-07 20:14:41.661,2025-12-07 20:14:41.661,t,f,999,FRAME
cmiw5vll401auitnteb4e96p5,"",Affordable Designs,,Brett,Pink,,52,18,140,810040600289,,,79.95,85,1,,,t,2025-12-07 20:14:42.185,2025-12-07 20:14:42.185,t,f,999,FRAME
cmiw5vlzn01awitntd9zm8z2w,"",Affordable Designs,,Bronx,Black,,46,18,,,,,79.95,85,1,,,t,2025-12-07 20:14:42.707,2025-12-07 20:14:42.707,t,f,999,FRAME
cmiw5vme801ayitntl893pagr,"",Affordable Designs,,Bronx,Brown Rose,,46,18,,,,,79.95,85,1,,,t,2025-12-07 20:14:43.232,2025-12-07 20:14:43.232,t,f,999,FRAME
cmiw5vmth01b0itntsp9vt12j,"",Affordable Designs,,Brooklyn,Brown Rose,,51,18,,,,,79.95,85,1,,,t,2025-12-07 20:14:43.781,2025-12-07 20:14:43.781,t,f,999,FRAME
cmiw5vn8r01b2itntipose1o1,"",Affordable Designs,,Brooklyn,Tortoise Fade,,51,18,,,,,79.95,85,0,,,t,2025-12-07 20:14:44.331,2025-12-07 20:14:44.331,t,f,999,FRAME
cmiw5vnf501b3itntl4su5oh5,"",Affordable Designs,,Cora,Black,,51,18,140,812539030324,,,79.95,85,0,,,t,2025-12-07 20:14:44.562,2025-12-07 20:14:44.562,t,f,999,FRAME
cmiw5vnn501b4itnt9bdh7laa,"",Affordable Designs,,Cora,Blue,,51,18,140,812539030331,,,79.95,85,1,,,t,2025-12-07 20:14:44.849,2025-12-07 20:14:44.849,t,f,999,FRAME
cmiw5vo1s01b6itntwhcpobwc,"",Affordable Designs,,Dallas,Teal,,49,18,140,812539030461,,,79.95,160,1,,,t,2025-12-07 20:14:45.376,2025-12-07 20:14:45.376,t,f,999,FRAME
cmiw5vogc01b8itntzcjl99ru,"",Affordable Designs,,Daphne,Beige,,48,17,130,810040604393,,,79.95,85,0,,,t,2025-12-07 20:14:45.9,2025-12-07 20:14:45.9,t,f,999,FRAME
cmiw5vomk01b9itntgh12sux0,"",Affordable Designs,,Daphne,Blue,,48,17,130,407797021605,,,79.95,85,0,,,t,2025-12-07 20:14:46.125,2025-12-07 20:14:46.125,t,f,999,FRAME
cmiw5vouy01baitntirf46an7,"",Affordable Designs,,Daphne,Grey,,48,17,130,407797021582,,,79.95,85,0,,,t,2025-12-07 20:14:46.426,2025-12-07 20:14:46.426,t,f,999,FRAME
cmiw5vp1h01bbitntgbdu9l5g,"",Affordable Designs,,Fay,Blue,,52,18,140,,,,79.95,85,1,,,t,2025-12-07 20:14:46.661,2025-12-07 20:14:46.661,t,f,999,FRAME
cmiw5vpg501bditntw3bv14ul,"",Affordable Designs,,Fay,Burgundy,,52,18,140,,,,79.95,85,0,,,t,2025-12-07 20:14:47.189,2025-12-07 20:14:47.189,t,f,999,FRAME
cmiw5vpny01beitnt3ok48yib,"",Affordable Designs,,Jane,Blue,,52,19,140,810040600401,,,79.95,85,1,,,t,2025-12-07 20:14:47.47,2025-12-07 20:14:47.47,t,f,999,FRAME
cmiw5vq2j01bgitnt4w11drov,"",Affordable Designs,,Jane,Brown,,52,19,140,810040600395,,,79.95,85,1,,,t,2025-12-07 20:14:47.996,2025-12-07 20:14:47.996,t,f,999,FRAME
cmiw5vqh501biitntpve3vp5g,"",Affordable Designs,,Jane,Violet,,52,19,140,810040600418,,,79.95,85,1,,,t,2025-12-07 20:14:48.521,2025-12-07 20:14:48.521,t,f,999,FRAME
cmiw5vqvp01bkitntdynfdf7l,"",Affordable Designs,,JoJo,Crystal,,41,18,125,407797020790,,,79.95,85,1,,,t,2025-12-07 20:14:49.046,2025-12-07 20:14:49.046,t,f,999,FRAME
cmiw5vrak01bmitntq71muk8f,"",Affordable Designs,,JoJo,Rainbow,,41,18,125,407797020776,,,79.95,85,0,,,t,2025-12-07 20:14:49.58,2025-12-07 20:14:49.58,t,f,999,FRAME
cmiw5vrh701bnitntlesgu49s,"",Affordable Designs,,Juniper,Beige,,52,18,140,810040605024,,,69.95,85,1,,,t,2025-12-07 20:14:49.82,2025-12-07 20:14:49.82,t,f,999,FRAME
cmiw5vs0v01bpitnticlfd5s7,"",Affordable Designs,,Mindy,Brown,,45,15,130,810040600456,,,79.95,85,1,,,t,2025-12-07 20:14:50.527,2025-12-07 20:14:50.527,t,f,999,FRAME
cmiw5vsfe01britntyzote5wo,"",Affordable Designs,,River,Brown,,50,19,140,810040602221,,,79.95,50,1,,,t,2025-12-07 20:14:51.051,2025-12-07 20:14:51.051,t,f,999,FRAME
cmiw5vsv801btitntyobnhaja,"",Harley-Davidson,,HD0541,Matte Dark Brown,049,52,17,135,664689925179,,,70,210,0,,,t,2025-12-07 20:14:51.62,2025-12-07 20:14:51.62,t,f,999,FRAME
cmiw5vt1r01buitnt0gy8btak,"",Harley-Davidson,,HD0553,shiny bordeaux,069,53,16,140,889214181251,,,70,210,1,,,t,2025-12-07 20:14:51.856,2025-12-07 20:14:51.856,t,f,999,FRAME
cmiw5vtgi01bwitnthsmnb61s,"",Harley-Davidson,,HD0566,shiny black,001,53,14,145,889214407122,,,63,189,0,,,t,2025-12-07 20:14:52.387,2025-12-07 20:14:52.387,t,f,999,FRAME
cmiw5vtod01bxitnt4ossxv22,"",Harley-Davidson,,HD0567,violet/other,083,51,16,145,889214407177,,,63,189,1,,,t,2025-12-07 20:14:52.669,2025-12-07 20:14:52.669,t,f,999,FRAME
cmiw5vu4901bzitntrsyg4w0c,"",Harley-Davidson,,HD0568,shiny pink,072,56,17,140,889214430243,,,70,210,0,,,t,2025-12-07 20:14:53.242,2025-12-07 20:14:53.242,t,f,999,FRAME
cmiw5vuar01c0itntm6655svy,"",Harley-Davidson,,HD0569,bordeaux/other,071,55,16,140,889214430281,,,70,210,1,,,t,2025-12-07 20:14:53.475,2025-12-07 20:14:53.475,t,f,999,FRAME
cmiw5vupo01c2itnttv03jpw2,"",Harley-Davidson,,HD0571,shiny violet,081,52,14,145,889214442321,,,70,210,1,,,t,2025-12-07 20:14:54.012,2025-12-07 20:14:54.012,t,f,999,FRAME
cmiw5vv5e01c4itnt5ezzadla,"",Harley-Davidson,,HD0572,matte blue,091,51,16,140,889214442352,,,70,231,0,,,t,2025-12-07 20:14:54.578,2025-12-07 20:14:54.578,t,f,999,FRAME
cmiw5vveh01c5itntok02pbzh,"",Harley-Davidson,,HD0752,Grey/Other,020,44,17,145,664689854622,,,77,0,1,,,t,2025-12-07 20:14:54.905,2025-12-07 20:14:54.905,t,f,999,FRAME
cmiw5vvut01c7itnttoyjy76r,"",Harley-Davidson,,HD0779,Matte Black,002,54,17,145,889214021175,,,61,189,0,,,t,2025-12-07 20:14:55.494,2025-12-07 20:14:55.494,t,f,999,FRAME
cmiw5vw3w01c8itntj7ipangb,"",Harley-Davidson,,HD0860,matte gunmetal,009,59,15,145,889214213839,,,63,189,1,,,t,2025-12-07 20:14:55.82,2025-12-07 20:14:55.82,t,f,999,FRAME
cmiw5vwjp01caitntwp9lxkkv,"",Harley-Davidson,,HD0906,matte black,002,59,16,145,889214310866,,,70,210,0,,,t,2025-12-07 20:14:56.389,2025-12-07 20:14:56.389,t,f,999,FRAME
cmiw5vwqe01cbitnte7vytt9z,"",Harley-Davidson,,HD0955,matte black,002,57,17,150,889214398659,,,70,210,1,,,t,2025-12-07 20:14:56.63,2025-12-07 20:14:56.63,t,f,999,FRAME
cmiw5vx4o01cditntiaffk3or,"",Harley-Davidson,,HD0975,dark havana,052,54,17,145,889214427809,,,70,210,0,,,t,2025-12-07 20:14:57.145,2025-12-07 20:14:57.145,t,f,999,FRAME
cmiw5vxcr01ceitnt1knqjjy5,"",Harley-Davidson,,HD0975,black/crystal,003,54,17,145,889214426086,,,70,210,1,,,t,2025-12-07 20:14:57.436,2025-12-07 20:14:57.436,t,f,999,FRAME
cmiw5vxrc01cgitnt3h6d1vjg,"",Harley-Davidson,,HD0976,matte black,002,55,16,140,889214428813,,,79,237,0,,,t,2025-12-07 20:14:57.96,2025-12-07 20:14:57.96,t,f,999,FRAME
cmiw5vxxs01chitnthlu6gb9b,"",Harley-Davidson,,HD0978,black/other,005,55,17,145,889214429117,,,70,210,0,,,t,2025-12-07 20:14:58.192,2025-12-07 20:14:58.192,t,f,999,FRAME
cmiw5vy5t01ciitntzftrszbc,"",Harley-Davidson,,HD0980,matte black,002,54,15,145,889214429179,,,70,210,1,,,t,2025-12-07 20:14:58.481,2025-12-07 20:14:58.481,t,f,999,FRAME
cmiw5vykl01ckitntk7gjfgs2,"",Harley-Davidson,,HD0983,matte blue,091,52,19,145,889214429247,,,63,189,0,,,t,2025-12-07 20:14:59.013,2025-12-07 20:14:59.013,t,f,999,FRAME
cmiw5vyrb01clitntj9rq1hr8,"",Harley-Davidson,,HD9017,matte gunmetal,009,60,12,145,889214317599,,,95,285,1,,,t,2025-12-07 20:14:59.255,2025-12-07 20:14:59.255,t,f,999,FRAME
cmiw5vz7001cnitntkiv20u56,"",Harley-Davidson,,HD9021,matte black,002,58,19,145,889214348210,,,99,248,0,,,t,2025-12-07 20:14:59.82,2025-12-07 20:14:59.82,t,f,999,FRAME
cmiw5vzf701coitntpur4wslh,"",Tom Ford,,FT5510,Shiny Light Brown,045,52,17,140,664689942060,,,174,522,0,,,t,2025-12-07 20:15:00.115,2025-12-07 20:15:00.115,t,f,999,FRAME
cmiw5vzls01cpitnt4dx3i53u,"",Tom Ford,,FT5687-B,shiny light brown,045,56,14,140,889214165206,,,181,543,0,,,t,2025-12-07 20:15:00.352,2025-12-07 20:15:00.352,t,f,999,FRAME
cmiw5vzuv01cqitntehcajxvq,"",Tom Ford,,FT5709-B,havana/other,056,54,17,140,889214182609,,,172,516,1,,,t,2025-12-07 20:15:00.679,2025-12-07 20:15:00.679,t,f,999,FRAME
cmiw5w0am01csitntc57h1ri9,"",Tom Ford,,FT5740-B,shiny rose gold,028,54,17,140,889214257437,,,198,594,0,,,t,2025-12-07 20:15:01.246,2025-12-07 20:15:01.246,t,f,999,FRAME
cmiw5w0io01ctitntjcn8nwvg,"",Tom Ford,,FT5799-B,matte dark brown,049,53,18,145,889214327086,,,198,495,1,,,t,2025-12-07 20:15:01.537,2025-12-07 20:15:01.537,t,f,999,FRAME
cmiw5w0x901cvitnts8j8mtis,"",Tom Ford,,FT5803-B,shiny black,001,49,19,145,889214327239,,,155,465,0,,,t,2025-12-07 20:15:02.061,2025-12-07 20:15:02.061,t,f,999,FRAME
cmiw5w13u01cwitnt3rcah07j,"",Tom Ford,,FT5812-B,coloured havana,055,53,15,140,889214327642,,,168,504,1,,,t,2025-12-07 20:15:02.299,2025-12-07 20:15:02.299,t,f,999,FRAME
cmiw5w1i701cyitntkndwhvyd,"",Tom Ford,,FT5827-B,shiny pink,072,55,16,140,889214337375,,,160,480,1,,,t,2025-12-07 20:15:02.816,2025-12-07 20:15:02.816,t,f,999,FRAME
cmiw5w1x201d0itntoryh8i1r,"",Tom Ford,,FT5831-B,shiny dark green,096,53,18,145,889214358462,,,158,474,1,,,t,2025-12-07 20:15:03.35,2025-12-07 20:15:03.35,t,f,999,FRAME
cmiw5w2bg01d2itnt0ji5knbh,"",Tom Ford,,FT5832-B,coloured havana,055,50,19,145,889214358561,,,155,465,0,,,t,2025-12-07 20:15:03.868,2025-12-07 20:15:03.868,t,f,999,FRAME
cmiw5w2ko01d3itntu7q4430t,"",Tom Ford,,FT5840-B,shiny turquoise,087,56,18,140,889214358882,,,209,627,0,,,t,2025-12-07 20:15:04.201,2025-12-07 20:15:04.201,t,f,999,FRAME
cmiw5w2r801d4itntexdpok5h,"",Tom Ford,,FT5843-B,dark havana,052,56,14,140,889214359049,,,181,543,1,,,t,2025-12-07 20:15:04.437,2025-12-07 20:15:04.437,t,f,999,FRAME
cmiw5w35z01d6itntc9i36drr,"",Tom Ford,,FT5845-B,pink /other,074,56,16,135,889214359179,,,184,552,1,,,t,2025-12-07 20:15:04.967,2025-12-07 20:15:04.967,t,f,999,FRAME
cmiw5w3ke01d8itntlczixv5u,"",Ray-Ban,,RB4101,JACKIE OHH HAVANA W/PINK GRADIENT BROWN,642,58,58,135,8058597210812,,,85.46,256,2,,,t,2025-12-07 20:15:05.486,2025-12-07 20:15:05.486,t,f,999,FRAME
cmiw5w3z401daitntqk1v3qiw,"",Ray-Ban,,RB4165,JUSTIN RUBBER BLACK W/LIGHT GREY GRAIENT DARK GREY,601,54,16,145,805289528575,,,89.18,268,0,,,t,2025-12-07 20:15:06.016,2025-12-07 20:15:06.016,t,f,999,FRAME
cmiw5w47001dbitntfvxxzlp5,"",Ray-Ban Rx,,RX3447V ROUND METAL,Matte Black,2503,50,21,145,8053672357042,,,83,249,1,,,t,2025-12-07 20:15:06.301,2025-12-07 20:15:06.301,t,f,999,FRAME
cmiw5w4mv01dditntlskc47ds,"",Ray-Ban Rx,,RX5154 CLUBMASTER,TRANSPARENT GREY,8162,51,21,145,7895653228924,,,75.45,226,1,,,t,2025-12-07 20:15:06.871,2025-12-07 20:15:06.871,t,f,999,FRAME
cmiw5w51h01dfitntns6tkb0t,"",Ray-Ban Rx,,RX5413,TRASPARENT GRAY,8140,54,17,145,8056597743761,,,83,249,0,,,t,2025-12-07 20:15:07.397,2025-12-07 20:15:07.397,t,f,999,FRAME
cmiw5w57z01dgitntc2ws85te,"",Ray-Ban Rx,,RX7190,TRANSPARENT,5943,51,19,140,8056597434621,,,60.39,181,0,,,t,2025-12-07 20:15:07.632,2025-12-07 20:15:07.632,t,f,999,FRAME
cmiw5w5fy01dhitnt4t3nu4ji,"",Ray-Ban,,RB3025,Black,002/58,58,14,135,,,,103.5,311,2,,,t,2025-12-07 20:15:07.919,2025-12-07 20:15:07.919,t,f,999,FRAME
cmiw5w5uo01dkitntdt61yf6k,"",Oakley Frame,,OX8062D DISSIPATE,SATIN BLACK,806201,57,17,143,888392603227,,,84.82,254,1,,,t,2025-12-07 20:15:08.448,2025-12-07 20:15:08.448,t,f,999,FRAME
cmiw5w69701dmitntcjxok2v1,"",Tom Ford,,FT5636-B,coloured havana,055,52,16,140,889214073037,,,149,447,2,,,t,2025-12-07 20:15:08.971,2025-12-07 20:15:08.971,t,f,999,FRAME
cmiw5w6ou01doitntmjvbhbvy,"",Tom Ford,,FT5683-B,shiny black,001,54,18,145,889214165046,,,271,813,0,,,t,2025-12-07 20:15:09.534,2025-12-07 20:15:09.534,t,f,999,FRAME
cmiw5w6v701dpitntxakt5kcf,"",Michael Kors,,MK4087B,DARK TORTOISE,3006,53,16,140,725125374651,,,71.81,160,0,,,t,2025-12-07 20:15:09.764,2025-12-07 20:15:09.764,t,f,999,FRAME
cmiw5w73g01dqitntqgg0mdkt,"",Oakley Frame,,OX8032 HEX JECTOR,POLISHED CLEAR,803206,55,16,141,888392602688,,,73.91,222,0,,,t,2025-12-07 20:15:10.06,2025-12-07 20:15:10.06,t,f,999,FRAME
cmiw5w79w01dritnt2yzfippf,"",Oakley Frame,,OX8061 PLAZLINK,SATIN BLACK,806101,58,19,140,888392601384,,,82.35,247,1,,,t,2025-12-07 20:15:10.292,2025-12-07 20:15:10.292,t,f,999,FRAME
cmiw5w7oi01dtitntxamu5t7t,"",Tory Burch,,TY1074,SHINY GOLD,3310,50,18,140,725125381079,,,75.75,227,0,,,t,2025-12-07 20:15:10.819,2025-12-07 20:15:10.819,t,f,999,FRAME
cmiw5w7wr01duitntyvloe9ym,"",Oakley Frame,,OX8173 ACTIVATE,POLISHED CLEAR,817309,53,16,141,888392602664,,,77.36,232,1,,,t,2025-12-07 20:15:11.115,2025-12-07 20:15:11.115,t,f,999,FRAME
cmiw5w8b401dwitntqrmd250c,"",Oakley Frame,,OX8173 ACTIVATE,SATIN GREY SMOKE,817311,55,16,141,888392603524,,,77.36,232,1,,,t,2025-12-07 20:15:11.633,2025-12-07 20:15:11.633,t,f,999,FRAME
cmiw5w8pw01dyitntexz8t7dt,"",Oakley Frame,,OX8046 AIRDROP,MATTE TRANSLUCENT BLUE,804618,55,18,143,888392602589,,,89.72,269,1,,,t,2025-12-07 20:15:12.165,2025-12-07 20:15:12.165,t,f,999,FRAME
cmiw5w94d01e0itnt5dkpsx81,"",Oakley Frame,,OX3217 SOCKET 5.0,DK MT SILVER/BLUE COLORS,321714,55,17,136,888392604033,,,89.72,269,1,,,t,2025-12-07 20:15:12.685,2025-12-07 20:15:12.685,t,f,999,FRAME
cmiw5w9j601e2itntzqpx01g7,"",Oakley Frame,,OX3218 SOCKET 5.5,Satin Black,321804,52,18,138,888392254665,,,89.72,254.2,1,,,t,2025-12-07 20:15:13.218,2025-12-07 20:15:13.218,t,f,999,FRAME
cmiw5w9xk01e4itntiduidvby,"",Oakley Frame,,OX3218 SOCKET 5.5,DK MT SILVER/BLUE COLORS,321812,54,18,136,888392604095,,,89.72,254.2,1,,,t,2025-12-07 20:15:13.736,2025-12-07 20:15:13.736,t,f,999,FRAME
cmiw5wac201e6itnter6t8p0u,"",Oakley Frame,,OX5152 WIRE TAP 2.0 RX,SATIN BLACK,515201,54,19,140,888392557230,,,144.14,432,0,,,t,2025-12-07 20:15:14.259,2025-12-07 20:15:14.259,t,f,999,FRAME
cmiw5waim01e7itntkiq5dzi5,"",Oakley Frame,,OX8026 CURRENCY,POLISHED CLEAR,802614,54,17,135,888392488282,,,109.09,327,0,,,t,2025-12-07 20:15:14.494,2025-12-07 20:15:14.494,t,f,999,FRAME
cmiw5waqn01e8itntdi3o1dke,"",Tom Ford,,FT5826-B,shiny pink,072,55,16,140,889214337344,,,160,480,0,,,t,2025-12-07 20:15:14.783,2025-12-07 20:15:14.783,t,f,999,FRAME
cmiw5waxd01e9itnt13gk0il3,"",Tom Ford,,FT5828-B,shiny red,066,60,7,135,889214337412,,,172,516,0,,,t,2025-12-07 20:15:15.026,2025-12-07 20:15:15.026,t,f,999,FRAME
cmiw5wb5b01eaitntk38axw15,"",Oakley,,0OX5038,Metal Plate Matte Gunmetal,1253,55,19,140,888392610607,,,128.95,387,1,,,t,2025-12-07 20:15:15.312,2025-12-07 20:15:15.312,t,f,999,FRAME
cmiw5wbk001ecitntj2yu73zz,"",Oakley,,0OX5038,Metal Platte Matte Gunmetal,1255,55,19,140,888392610614,,,128.95,387,0,,,t,2025-12-07 20:15:15.84,2025-12-07 20:15:15.84,t,f,999,FRAME
cmiw5wbqs01editntcff3cw02,"",Harley-Davidson,,HD0826,shiny gunmetal,008,61,18,145,889214158109,,,73,146,0,,,t,2025-12-07 20:15:16.085,2025-12-07 20:15:16.085,t,f,999,FRAME
cmiw5wbzk01eeitntpozfbigu,"",Harley-Davidson,,HD0566,violet/other,083,53,14,145,889214407146,,,63,189,1,,,t,2025-12-07 20:15:16.401,2025-12-07 20:15:16.401,t,f,999,FRAME
cmiw5wce701egitntywebtwmi,"",Oakley Frame,,OX5140 TIE BAR 0.5,SATIN LIGHT STEEL,514003,54,16,135,888392429308,,,152.96,459,1,,,t,2025-12-07 20:15:16.928,2025-12-07 20:15:16.928,t,f,999,FRAME
cmiw5wcsr01eiitntgu9kn5wd,"",Michael Kors,,0MK4098BU,CORDOVAN,3344,53,16,140,,,,71.81,215,0,,,t,2025-12-07 20:15:17.452,2025-12-07 20:15:17.452,t,f,999,FRAME
cmiw5wcz801ejitntvxsmwpgd,"",Eight to Eighty,,Sloane,Pink,,52,17,135,810040601101,,,79.95,100,1,,,t,2025-12-07 20:15:17.684,2025-12-07 20:15:17.684,t,f,999,FRAME
cmiw5wddu01elitntz6mtrufy,"",Tom Ford,,FT5844-B,dark havana,052,55,15,140,889214360939,,,189,567,1,,,t,2025-12-07 20:15:18.21,2025-12-07 20:15:18.21,t,f,999,FRAME
cmiw5wdsf01enitntz9spc8fz,"",Ray-Ban Rx,,RX3694V JIM,SILVER,2501,53,20,140,8056597721738,,,83,249,1,,,t,2025-12-07 20:15:18.735,2025-12-07 20:15:18.735,t,f,999,FRAME
cmiw5we7301epitntjphsic4i,"",Michael Kors,,MK3022 NEW ORLEANS,BLACK LIGHT GOLD GRADIEN,1014,53,18,140,725125396080,,,77.98,234,1,,,t,2025-12-07 20:15:19.263,2025-12-07 20:15:19.263,t,f,999,FRAME
cmiw5wer201eritntfyheubld,"",Michael Kors,,MK3065J EMPIRE SQUARE 3,ROSE GOLD / PINK TORTOIS,1108,54,17,140,725125395588,,,82.08,246,1,,,t,2025-12-07 20:15:19.982,2025-12-07 20:15:19.982,t,f,999,FRAME
cmiw5wf5j01etitntyfxjjzyo,"",Michael Kors,,MK3068 PORTLAND,ROSE GOLD,1108,54,17,140,725125395281,,,61.56,185,0,,,t,2025-12-07 20:15:20.504,2025-12-07 20:15:20.504,t,f,999,FRAME
cmiw5wfc001euitnt07msnl68,"",Michael Kors,,MK4030,Vivianna II Clear,3998,54,,,725125030649,,,53.35,160,0,,,t,2025-12-07 20:15:20.736,2025-12-07 20:15:20.736,t,f,999,FRAME
cmiw5wfk101evitntq1a3f8f7,"",Michael Kors,,MK4105BU GEORGETOWN,MILKY PRIMROSE,3345,54,15,140,725125394710,,,82.08,246,0,,,t,2025-12-07 20:15:21.025,2025-12-07 20:15:21.025,t,f,999,FRAME
cmiw5wfqf01ewitntrnrlr6w3,"",Michael Kors,,MK4080U AUCKLAND,BLACK,3005,54,16,140,725125366540,,,56.22,169,0,,,t,2025-12-07 20:15:21.255,2025-12-07 20:15:21.255,t,f,999,FRAME
cmiw5wfyo01exitnti3lnefwf,"",Michael Kors,,MK4103U BOULDER,DARK TORTOISE,3006,53,16,140,725125395434,,,53.35,160,1,,,t,2025-12-07 20:15:21.553,2025-12-07 20:15:21.553,t,f,999,FRAME
cmiw5wgem01ezitntded8uw38,"",Tory Burch,,TY1077,SHINY LIGHT GOLD,3252,53,17,140,725125389891,,,82.07,246,0,,,t,2025-12-07 20:15:22.126,2025-12-07 20:15:22.126,t,f,999,FRAME
cmiw5wgl201f0itnt70f4gqwl,"",Tory Burch,,TY2064,NAVY/PINOT,1562,52,16,135,725125957953,,,95.93,288,0,,,t,2025-12-07 20:15:22.359,2025-12-07 20:15:22.359,t,f,999,FRAME
cmiw5wgt201f1itnt64aplj0b,"",Tory Burch,,TY2080,BLUE TORTOISE,1692,53,16,135,725125988285,,,79.54,239,1,,,t,2025-12-07 20:15:22.647,2025-12-07 20:15:22.647,t,f,999,FRAME
cmiw5wh7l01f3itnt1t0vfngz,"",Tory Burch,,TY2084,PORCINI TORTOISE,1827,52,17,140,725125364072,,,84.44,253,1,,,t,2025-12-07 20:15:23.169,2025-12-07 20:15:23.169,t,f,999,FRAME
cmiw5whm501f5itnt4qnnm5bx,"",Tory Burch,,TY2123U,TRANSPARENT BROWN,1934,53,15,140,725125390354,,,69.44,208,0,,,t,2025-12-07 20:15:23.694,2025-12-07 20:15:23.694,t,f,999,FRAME
cmiw5whtm01f6itntc7f4gu8g,"",Tory Burch,,TY2128U,BLUE HORN,1923,53,17,140,725125389549,,,69.44,208,0,,,t,2025-12-07 20:15:23.963,2025-12-07 20:15:23.963,t,f,999,FRAME
cmiw5wi2501f7itnt8svjfstl,"",Tory Burch,,TY2129U,DARK TORTOISE,1728,53,18,140,725125389570,,,77.04,231,2,,,t,2025-12-07 20:15:24.269,2025-12-07 20:15:24.269,t,f,999,FRAME
cmiw5wiig01f9itntuduqt1hd,"",Tory Burch,,TY2132U,TRANSPARENT NAVY,1656,51,16,140,725125397377,,,77.04,231,0,,,t,2025-12-07 20:15:24.857,2025-12-07 20:15:24.857,t,f,999,FRAME
cmiw5wiul01faitntzxbixh2t,"",Tory Burch,,TY2135U,BLACK,1709,52,19,140,725125399043,,,79.54,227,2,,,t,2025-12-07 20:15:25.294,2025-12-07 20:15:25.294,t,f,999,FRAME
cmiw5wjkz01fcitntv2wzy5qk,"",Michael Kors,,MK4106U WESTPORT,DUSTY ROSE LIGHT BROWN,3256,54,17,140,725125396257,,,69.9,210,1,,,t,2025-12-07 20:15:26.243,2025-12-07 20:15:26.243,t,f,999,FRAME
cmiw5wk5b01feitnt9hassu3o,"",Oakley Youth,,OY8009 FROGSKINS XS RX,POLISHED CLEAR,800908,48,15,133,888392605801,,,57.6,173,1,,,t,2025-12-07 20:15:26.975,2025-12-07 20:15:26.975,t,f,999,FRAME
cmiw5wktg01fgitntilmnnded,"",Oakley,,OX3218,321815,Matte Gunmetal,54,,136,888392610645,,,80.9,243,0,,,t,2025-12-07 20:15:27.844,2025-12-07 20:15:27.844,t,f,999,FRAME
cmiw5wl0n01fhitntchr76h2j,"",Guess?,,GM0389,black/other,005,55,17,140,889214428219,,,90,270,1,,,t,2025-12-07 20:15:28.104,2025-12-07 20:15:28.104,t,f,999,FRAME
cmiw5wllc01fjitnt979dmpt6,"",Guess?,,GM0390,pink /other,074,54,16,140,889214428288,,,90,270,1,,,t,2025-12-07 20:15:28.848,2025-12-07 20:15:28.848,t,f,999,FRAME
cmiw5wm1801flitnt8lzlg2oe,"",Guess?,,GM0391,matte bordeaux,070,55,15,140,889214428332,,,103,309,1,,,t,2025-12-07 20:15:29.421,2025-12-07 20:15:29.421,t,f,999,FRAME
cmiw5wmh201fnitnt1qtmzaro,"",Guess?,,GU2943,pink /other,074,52,15,140,889214391643,,,80,240,1,,,t,2025-12-07 20:15:29.99,2025-12-07 20:15:29.99,t,f,999,FRAME
cmiw5wmww01fpitntnbs1cbor,"",Guess?,,GU2958,crystal,026,54,15,140,889214427045,,,77,231,0,,,t,2025-12-07 20:15:30.561,2025-12-07 20:15:30.561,t,f,999,FRAME
cmiw5wn6701fqitnt0ysze7ks,"",Guess?,,GU2965,shiny black,001,55,18,140,889214439857,,,71,213,1,,,t,2025-12-07 20:15:30.896,2025-12-07 20:15:30.896,t,f,999,FRAME
cmiw5wnkt01fsitntbkrunvr8,"",Ray-Ban Youth,,RY1531,TOP BLACK ON TRANSPARENT,3529,48,16,130,8053672051926,,,48.8,146,0,,,t,2025-12-07 20:15:31.421,2025-12-07 20:15:31.421,t,f,999,FRAME
cmiw5wnrc01ftitntfbr8cque,"",Ray-Ban Youth,,RY1555,TOP VIOLET ON FUXIA FLUO,3666,48,16,130,8053672611014,,,48.8,146,0,,,t,2025-12-07 20:15:31.657,2025-12-07 20:15:31.657,t,f,999,FRAME
cmiw5wnzb01fuitntdwvwvsg8,"",Ray-Ban Youth,,RY1555,TOP BLUE ON BLUE FLUO,3667,48,16,130,8053672611038,,,48.8,146,2,,,t,2025-12-07 20:15:31.944,2025-12-07 20:15:31.944,t,f,999,FRAME
cmiw5wodz01fwitnt00qtkw39,"",Ray-Ban Youth,,RY1586,TRASPARENT GREY,3830,49,16,130,8056597186902,,,39.2,118,1,,,t,2025-12-07 20:15:32.471,2025-12-07 20:15:32.471,t,f,999,FRAME
cmiw5wosh01fyitnt6hjhnkn7,"",Ray-Ban Youth,,RY1586,TRASPARENT,3832,49,16,130,8056597186940,,,39.2,118,1,,,t,2025-12-07 20:15:32.993,2025-12-07 20:15:32.993,t,f,999,FRAME
cmiw5wp8e01g0itntewz1zrw9,"",Ray-Ban Youth,,RY1591,FUXIA STRIPPED MULTICOLO,3806,48,16,130,8056597126120,,,44,132,1,,,t,2025-12-07 20:15:33.566,2025-12-07 20:15:33.566,t,f,999,FRAME
cmiw5wpo901g2itntz7q9g7vc,"",Ray-Ban Youth,,RY1591,VIOLET STRIPPED MULTICOL,3807,48,16,130,8056597126144,,,44,132,0,,,t,2025-12-07 20:15:34.138,2025-12-07 20:15:34.138,t,f,999,FRAME
cmiw5wpuy01g3itntybc4oqu5,"",Ray-Ban Youth,,RY9095V JUNIOR THALIA,TRANSPARENT,3541,47,16,130,8056597666053,,,34.8,104,1,,,t,2025-12-07 20:15:34.379,2025-12-07 20:15:34.379,t,f,999,FRAME
cmiw5wq9901g5itntxw130hvp,"",Ray-Ban Youth,,RY9097V JUNIOR ELLIOT,OPAL PINK,3936,46,16,130,8056597845854,,,32.75,98,0,,,t,2025-12-07 20:15:34.893,2025-12-07 20:15:34.893,t,f,999,FRAME
cmiw5wqhf01g6itntwrnqdldb,"",Michael Kors,,MK4105BU GEORGETOWN,TRANSPARENT CLEAR,3999,54,15,140,725125394758,,,82.08,246,3,,,t,2025-12-07 20:15:35.187,2025-12-07 20:15:35.187,t,f,999,FRAME
cmiw5wqvx01g9itntlxe40c2m,"",Tory Burch,,TY1076,SHINY GOLD / BLACK,3339,53,18,140,725125390538,,,91.48,274,2,,,t,2025-12-07 20:15:35.71,2025-12-07 20:15:35.71,t,f,999,FRAME
cmiw5wraj01gbitntavmsgdmf,"",Ray-Ban Rx,,RX8422,BLACK ON ARISTA,2890,52,19,145,8056597842655,,,109.09,327,2,,,t,2025-12-07 20:15:36.236,2025-12-07 20:15:36.236,t,f,999,FRAME
cmiw5wrps01gditnth9qij5z1,"",Brooklyn Heights Eyewear,,Jacob,Blue Matte,,53,17,140,,,,21.95,66,1,,,t,2025-12-07 20:15:36.785,2025-12-07 20:15:36.785,t,f,999,FRAME
cmiw5ws6901gfitntra42ntge,"",Oakley Youth,,OY8026 BUNT,GREY SHADOW,802603,48,15,129,888392604590,,,49.2,148,1,,,t,2025-12-07 20:15:37.378,2025-12-07 20:15:37.378,t,f,999,FRAME
cmiw5wskv01ghitntlm9vbuhh,"",Ray-Ban Youth,,RY1549,MATTE BLACK,3652,50,16,130,8056597857437,,,48.8,146,0,,,t,2025-12-07 20:15:37.903,2025-12-07 20:15:37.903,t,f,999,FRAME
cmiw5wsr601giitntk1ls9ht9,"",Ray-Ban Youth,,RY1549,MATTE BLUE,3655,50,16,130,8056597857352,,,48.8,146,1,,,t,2025-12-07 20:15:38.131,2025-12-07 20:15:38.131,t,f,999,FRAME
cmiw5wt6101gkitntqzo9xsv4,"",Ray-Ban Youth,,RY1621,DARK BLU ON RUBBER YELLO,3937,49,15,130,8056597843287,,,31.02,93,1,,,t,2025-12-07 20:15:38.665,2025-12-07 20:15:38.665,t,f,999,FRAME
cmiw5wtn801gmitntnetpandw,"",Oakley Frame,,OX8046 AIRDROP,Black Ink,804602,55,18,143,888392078353,,,89.72,269,2,,,t,2025-12-07 20:15:39.285,2025-12-07 20:15:39.285,t,f,999,FRAME
cmiw5wu1r01goitnt9j5jl2mr,"",Oakley Frame,,OX5068 HOLBROOK TI RX,SATIN BLACK,506801,55,17,139,888392591395,,,132.25,397,0,,,t,2025-12-07 20:15:39.807,2025-12-07 20:15:39.807,t,f,999,FRAME
cmiw5wu8b01gpitntw0mxnka0,"",Oakley Frame,,OX5148 WINGBACK SQ,PEWTER,514802,54,18,136,888392467416,,,118.65,356,1,,,t,2025-12-07 20:15:40.044,2025-12-07 20:15:40.044,t,f,999,FRAME
cmiw5wumv01gritnthrgwbzed,"",Oakley Frame,,OX8032 HEX JECTOR,DARK MT SILVER/BLUE COLO,803207,55,16,141,888392603470,,,73.91,222,1,,,t,2025-12-07 20:15:40.567,2025-12-07 20:15:40.567,t,f,999,FRAME
cmiw5wv1h01gtitnta4jy4fij,"",Oakley Frame,,OX5076,SATIN BLACK,507601,54,16,136,888392601476,,,109.79,329,0,,,t,2025-12-07 20:15:41.093,2025-12-07 20:15:41.093,t,f,999,FRAME
cmiw5wv9g01guitntn3am7gjp,"",Oakley Frame,,OX8164 PORT BOW,SATIN BROWN SMOKE,816406,53,17,141,888392577795,,,69.61,209,1,,,t,2025-12-07 20:15:41.381,2025-12-07 20:15:41.381,t,f,999,FRAME
cmiw5wvo201gwitntw74sdojn,"",Oakley Youth,,OY3005 DOTING,SATIN BLACK,300501,47,16,128,888392605054,,,48.71,146,0,,,t,2025-12-07 20:15:41.907,2025-12-07 20:15:41.907,t,f,999,FRAME
cmiw5wvui01gxitntv5xep3kk,"",Oakley Youth,,OY8026 BUNT,SATIN GREY SMOKE,802602,48,15,129,888392604682,,,49.2,148,1,,,t,2025-12-07 20:15:42.138,2025-12-07 20:15:42.138,t,f,999,FRAME
cmiw5ww9101gzitntezi8wjto,"",Oakley Youth,,OY8012 TOP LEVEL,POLISHED TRANS JADE,801206,50,15,129,888392603722,,,44.07,132,1,,,t,2025-12-07 20:15:42.661,2025-12-07 20:15:42.661,t,f,999,FRAME
cmiw5wwnn01h1itntpzuavy9e,"",Oakley Frame,,OX8032 HEX JECTOR,SATIN GREY SMOKE,803202,55,16,141,888392561763,,,73.91,222,4,,,t,2025-12-07 20:15:43.187,2025-12-07 20:15:43.187,t,f,999,FRAME
cmiw5wx2a01h4itnt46aljpct,"",Oakley Frame,,OX8139 HSTN RX,OLIVE INK,813904,50,21,140,888392604798,,,69.61,209,0,,,t,2025-12-07 20:15:43.714,2025-12-07 20:15:43.714,t,f,999,FRAME
cmiw5wxbq01h5itntdyqyhmpo,"",Ray-Ban,,RB3498,Black,002/71,61,17,,,,,95.5,287,1,,,t,2025-12-07 20:15:44.054,2025-12-07 20:15:44.054,t,f,999,FRAME
cmiw5wxq601h7itntc64hd4mx,"",Oakley,,OO9102-J955,HOLBROOK WOODGRAIN W/ PRIZM DEEP WATER POLAR,9102,57,18,137,888392458896,,,105.93,336,0,,,t,2025-12-07 20:15:44.575,2025-12-07 20:15:44.575,t,f,999,FRAME
cmiw5wxwy01h8itntg9phsoac,"",Guess?,,GU2832,violet/other,083,54,14,140,889214214676,,,75,225,2,,,t,2025-12-07 20:15:44.819,2025-12-07 20:15:44.819,t,f,999,FRAME
cmiw5wyd201haitntw6mgmxqt,"",Tory Burch,,TY1078,BLUSH,3340,54,18,140,725125397872,,,82.07,246,0,,,t,2025-12-07 20:15:45.399,2025-12-07 20:15:45.399,t,f,999,FRAME
cmiw5wym401hbitntef252awd,"",Tory Burch,,TY2110U,BORDEAUX PORCINI TORTOIS,1823,53,17,140,725125180115,,,75.75,227,1,,,t,2025-12-07 20:15:45.724,2025-12-07 20:15:45.724,t,f,999,FRAME
cmiw5wz1s01hditntbx5aphjh,"",Tory Burch,,TY1081,TRASPARENT LIGHT BROWN,1821,53,18,140,725125397261,,,82.07,246,0,,,t,2025-12-07 20:15:46.288,2025-12-07 20:15:46.288,t,f,999,FRAME
cmiw5wz8601heitntm4co90ea,"",Tory Burch,,TY2135U,ANTIQUE BLUSH,1922,50,19,140,725125397650,,,79.54,227,0,,,t,2025-12-07 20:15:46.519,2025-12-07 20:15:46.519,t,f,999,FRAME
cmiw5wzgh01hfitntklmzqbsm,"",Tory Burch,,TY2134U,HONEY WOOD,1838,54,18,140,725125397537,,,75.75,227,3,,,t,2025-12-07 20:15:46.817,2025-12-07 20:15:46.817,t,f,999,FRAME
cmiw5wzuv01hiitnts2fyvjkj,"",Tory Burch,,TY2132U,DARK TORTOISE,1728,53,16,140,725125397421,,,77.04,231,0,,,t,2025-12-07 20:15:47.335,2025-12-07 20:15:47.335,t,f,999,FRAME
cmiw5x01j01hjitntsnnrulvd,"",Tory Burch,,TY1080,GOLD,3252,53,18,140,725125397803,,,82.07,246,0,,,t,2025-12-07 20:15:47.576,2025-12-07 20:15:47.576,t,f,999,FRAME
cmiw5x09e01hkitntgbw41p4l,"",Tory Burch,,TY1082,DARK TORTOISE,3344,54,17,140,725125397360,,,82.07,246,1,,,t,2025-12-07 20:15:47.858,2025-12-07 20:15:47.858,t,f,999,FRAME
cmiw5x0o601hmitntgsvcm2cf,"",Tory Burch,,TY1079,GOLD,3252,52,18,140,725125397797,,,82.07,246,1,,,t,2025-12-07 20:15:48.391,2025-12-07 20:15:48.391,t,f,999,FRAME
cmiw5x12h01hoitntwjd3ewq2,"",Ray-Ban Rx,,RX5283,Dark Havana,2012,49,21,145,8053672633726,,,75.45,226,1,,,t,2025-12-07 20:15:48.905,2025-12-07 20:15:48.905,t,f,999,FRAME
cmiw5x1he01hqitntvl2h6zbk,"",Rayban,,RB2398F,CLEAR/BLACK,1294/31,53,21,145,,,,87.13,261,1,,,t,2025-12-07 20:15:49.442,2025-12-07 20:15:49.442,t,f,999,FRAME
cmiw5x1vo01hsitntej7rx720,"",Rayban,,RB3565,BLACK,002/71,53,20,145,,,,88.5,266,1,,,t,2025-12-07 20:15:49.956,2025-12-07 20:15:49.956,t,f,999,FRAME
cmiw5x2ae01huitnteabjhijd,"",Versace,,VE1275,MATTE BLACK/GOLD,1433,54,15,140,8056597384520,,,94.83,284,0,,,t,2025-12-07 20:15:50.487,2025-12-07 20:15:50.487,t,f,999,FRAME
cmiw5x2h001hvitntrwfje2r9,"",Versace,,VE1280,GOLD/BLACK,1433,55,16,145,8056597644600,,,99.82,299,0,,,t,2025-12-07 20:15:50.725,2025-12-07 20:15:50.725,t,f,999,FRAME
cmiw5x2q701hwitntrvebosxa,"",Versace,,VE1283,BEIGE/PALE GOLD,1476,54,18,145,8056597683302,,,114.78,230,0,,,t,2025-12-07 20:15:51.056,2025-12-07 20:15:51.056,t,f,999,FRAME
cmiw5x2y601hxitnt143l8wkf,"",Versace,,VE1284,LIGHT GOLD,1489,55,16,145,8056597727846,,,114.78,230,0,,,t,2025-12-07 20:15:51.342,2025-12-07 20:15:51.342,t,f,999,FRAME
cmiw5x34p01hyitnt9gydkhil,"",Versace,,VE1287,GUNMETAL,1001,59,13,145,8056597800495,,,124.77,374,0,,,t,2025-12-07 20:15:51.578,2025-12-07 20:15:51.578,t,f,999,FRAME
cmiw5x3cs01hzitntec1z14j6,"",Versace,,VE1288,ROSE GOLD,1412,54,18,140,8056597832366,,,104.81,314,0,,,t,2025-12-07 20:15:51.869,2025-12-07 20:15:51.869,t,f,999,FRAME
cmiw5x3kk01i0itnt3hgjxakq,"",Versace,,VE3274B,TRANSPARENT GREY,5305,54,16,140,8056597412858,,,114.78,344,0,,,t,2025-12-07 20:15:52.104,2025-12-07 20:15:52.104,t,f,999,FRAME
cmiw5x3wn01i1itnto1u396to,"",Versace,,0VE3293,TRANSPARENT GREY W/ DEMO LENS,593,55,,,805659734432,,,94.83,284,1,,,t,2025-12-07 20:15:52.584,2025-12-07 20:15:52.584,t,f,999,FRAME
cmiw5x4nl01i3itntzpa53p58,"",Versace,,VE3334,TRANSPARENT VIOLET,5220,55,17,140,8056597829489,,,114.78,344,0,,,t,2025-12-07 20:15:53.553,2025-12-07 20:15:53.553,t,f,999,FRAME
cmiw5x52301i4itntbexc9btn,"",Versace,,VE3337,TRANSPARENT VIOLET,5408,53,15,140,8056597830959,,,124.77,374,1,,,t,2025-12-07 20:15:54.076,2025-12-07 20:15:54.076,t,f,999,FRAME
cmiw5x5iu01i6itnt2pt1pi86,"",Versace,,VE3340U,CRYSTAL,148,55,17,145,8056597831635,,,114.78,344,1,,,t,2025-12-07 20:15:54.679,2025-12-07 20:15:54.679,t,f,999,FRAME
cmiw5x62k01i8itntxo7btbq5,"",Versace,,VE3218,BLACK,5122,53,17,140,805367248915,,,94.83,237,1,,,t,2025-12-07 20:15:55.389,2025-12-07 20:15:55.389,t,f,999,FRAME
cmiw5x6ft01iaitntq019otx3,"",Versace,,VE3242A,Trasparent,148,54,18,140,8053672721409,,,114.78,344,0,,,t,2025-12-07 20:15:55.865,2025-12-07 20:15:55.865,t,f,999,FRAME
cmiw5x6m801ibitntaun5ok69,"",Versace,,VE3309,CRYSTAL,148,54,18,140,8056597533379,,,94.83,284,1,,,t,2025-12-07 20:15:56.096,2025-12-07 20:15:56.096,t,f,999,FRAME
cmiw5x6z101iditnt15pbf9et,"",Versace,,VE3304,TRANSPARENT RED,5357,53,18,140,8056597850889,,,94.83,284,1,,,t,2025-12-07 20:15:56.558,2025-12-07 20:15:56.558,t,f,999,FRAME
cmiw5x7bs01ifitntkxlx78me,"",Tom Ford,,FT5865-B,matte black,002,55,18,145,889214418265,,,200,600,1,,,t,2025-12-07 20:15:57.017,2025-12-07 20:15:57.017,t,f,999,FRAME
cmiw5x7ox01ihitntv2y3hsxy,"",Tom Ford,,FT5893-B,black/other,005,55,16,140,889214419040,,,190,570,1,,,t,2025-12-07 20:15:57.489,2025-12-07 20:15:57.489,t,f,999,FRAME
cmiw5x81j01ijitnth3w0i4xy,"",Tom Ford,,FT5638-B,shiny pink,072,50,16,140,889214073143,,,149,447,1,,,t,2025-12-07 20:15:57.944,2025-12-07 20:15:57.944,t,f,999,FRAME
cmiw5x8eb01ilitnt1t6jkafu,"",Ray-Ban,,RB3530,001/13,ARISTA BROWN GRADIENT DARK BROWN,58,17,140,,,,97.37,292,0,,,t,2025-12-07 20:15:58.403,2025-12-07 20:15:58.403,t,f,999,FRAME
cmiw5x8ks01imitntmlxhdoq9,"",Tom Ford,,FT5841-B,shiny rose gold,028,59,10,135,889214358912,,,215,645,0,,,t,2025-12-07 20:15:58.636,2025-12-07 20:15:58.636,t,f,999,FRAME
cmiw5x8ra01initntkdfclau1,"",Tom Ford,,FT5830-B,shiny gunmetal,008,54,17,145,889214357472,,,194,582,1,,,t,2025-12-07 20:15:58.871,2025-12-07 20:15:58.871,t,f,999,FRAME
cmiw5x94i01ipitntexcxl1wh,"",Tom Ford,,FT5353,shiny bordeaux,069,54,15,140,889214400604,,,190,570,2,,,t,2025-12-07 20:15:59.346,2025-12-07 20:15:59.346,t,f,999,FRAME
cmiw5x9hf01iritntbj3rdpw4,"",Ray-Ban Rx,,RX5398F HAWKEYE,BLACK ON TRANSPARENT,2034,50,21,145,8056597544610,,,70.57,212,1,,,t,2025-12-07 20:15:59.811,2025-12-07 20:15:59.811,t,f,999,FRAME
cmiw5x9w901ititntxkp9xdur,"",Ray-Ban Rx,,RX6335,MATTE BLACK,2503,54,17,145,,,,83,249,1,,,t,2025-12-07 20:16:00.345,2025-12-07 20:16:00.345,t,f,999,FRAME
cmiw5xaby01ivitnt4y50jdlp,"",Ray-Ban Rx,,RX6335,Gold Top On Black,2890,54,17,145,8053672604856,,,83,249,1,,,t,2025-12-07 20:16:00.91,2025-12-07 20:16:00.91,t,f,999,FRAME
cmiw5xbrh01ixitnt6ys0puck,"",Ray-Ban Rx,,RX5395 THALIA,STRIPED BLU GRADIENT GRE,8252,51,18,145,8056597858632,,,74.29,223,2,,,t,2025-12-07 20:16:02.766,2025-12-07 20:16:02.766,t,f,999,FRAME
cmiw5xd0e01izitnthdb8f2bn,"",Ray-Ban Rx,,RX5228,GREY,5546,53,17,140,8053672430011,,,87.75,263,0,,,t,2025-12-07 20:16:04.383,2025-12-07 20:16:04.383,t,f,999,FRAME
cmiw5xddd01j0itntueqfk92r,"",Ray-Ban Rx,,RX6489 AVIATOR,Gold,2500,58,14,140,8053672741858,,,74.29,223,0,,,t,2025-12-07 20:16:04.85,2025-12-07 20:16:04.85,t,f,999,FRAME
cmiw5xdn701j1itnt0v48ana0,"",Tory Burch,,TY1069,BROWN/SHINY GOLD,3305,53,18,140,725125373746,,,90.48,271,0,,,t,2025-12-07 20:16:05.204,2025-12-07 20:16:05.204,t,f,999,FRAME
cmiw5xecd01j2itntgbzjz83k,"",Tory Burch,,TY2131U,ANTIQUE BLUSH,1922,53,17,140,725125389877,,,79.54,239,0,,,t,2025-12-07 20:16:06.109,2025-12-07 20:16:06.109,t,f,999,FRAME
cmiw5xf1401j3itnt3jie85fq,"",Michael Kors,,MK4030,VIVIANNA II PINK TORTOISE W/ DEMO LENS,3162,54,,,,,,53.35,160,0,,,t,2025-12-07 20:16:07.001,2025-12-07 20:16:07.001,t,f,999,FRAME
cmiw5xfux01j4itntigu82yzx,"",Michael Kors,,MK4095U DOLONNE,BLACK,3005,53,17,140,725125387736,,,56.22,169,2,,,t,2025-12-07 20:16:07.894,2025-12-07 20:16:07.894,t,f,999,FRAME
cmiw5xggh01j6itntrqbmzefq,"",Michael Kors,,MK4095U DOLONNE,DARK TORTOISE,3006,53,17,140,725125387750,,,56.22,169,1,,,t,2025-12-07 20:16:08.85,2025-12-07 20:16:08.85,t,f,999,FRAME
cmiw5xgtf01j8itntb10i0g2c,"",Michael Kors,,MK3066J EMPIRE ROUND,LIGHT GOLD / BLACK,1014,53,17,140,725125395625,,,82.08,246,1,,,t,2025-12-07 20:16:09.315,2025-12-07 20:16:09.315,t,f,999,FRAME
cmiw5xh6p01jaitntwmbc8p2b,"",Michael Kors,,MK5007,HVAR ROSE GLD,10993659,59,14,135,,,,66.24,199,0,,,t,2025-12-07 20:16:09.793,2025-12-07 20:16:09.793,t,f,999,FRAME
cmiw5xhd101jbitnt579pa6i7,"",Michael Kors,,MK3056,NAXOS ROSE GOLD W/ DEMO LENS,1108,55,,,,,,55.4,166,0,,,t,2025-12-07 20:16:10.022,2025-12-07 20:16:10.022,t,f,999,FRAME
cmiw5xhjw01jcitntwehid9ie,"",Michael Kors,,MK4105BU GEORGETOWN,PINK TORTOISE,3555,54,15,140,725125394734,,,82.08,246,1,,,t,2025-12-07 20:16:10.268,2025-12-07 20:16:10.268,t,f,999,FRAME
cmiw5xhxc01jeitnt9xbky08y,"",Oakley,,OO9096,FUEL CELL,D8,60,19,130,,,,75.5,227,0,,,t,2025-12-07 20:16:10.752,2025-12-07 20:16:10.752,t,f,999,FRAME
cmiw5xi4101jfitntz5i5alga,"",Candies,,CA0210,shiny black,001,50,15,145,889214400987,,,67,201,2,,,t,2025-12-07 20:16:10.993,2025-12-07 20:16:10.993,t,f,999,FRAME
cmiw5xih401jiitnt88pf2cf4,"",Georgio Armani,,AR7104,BLACK RUBBER,5063,55,17,145,8053672542431,,,119.05,357,0,,,t,2025-12-07 20:16:11.465,2025-12-07 20:16:11.465,t,f,999,FRAME
cmiw5xinh01jjitntpgyl1zee,"",Georgio Armani,,AR7211F,HAVANA,5879,55,18,145,8056597523318,,,129.39,388,0,,,t,2025-12-07 20:16:11.693,2025-12-07 20:16:11.693,t,f,999,FRAME
cmiw5xitz01jkitnt07k7gipt,"",Georgio Armani,,AR7004,STRIPED BROWN,5912,49,19,145,8056597537599,,,108.69,326,1,,,t,2025-12-07 20:16:11.928,2025-12-07 20:16:11.928,t,f,999,FRAME
cmiw5xj6n01jmitnt7e3sccul,"",Georgio Armani,,AR7125,OPAL GREY,5681,50,20,145,8056597762922,,,129.39,388,1,,,t,2025-12-07 20:16:12.384,2025-12-07 20:16:12.384,t,f,999,FRAME
cmiw5xjjm01joitnth6y1qp7u,"",Georgio Armani,,AR5120,MATTE BLACK,3001,54,19,145,8056597628846,,,129.39,388,0,,,t,2025-12-07 20:16:12.85,2025-12-07 20:16:12.85,t,f,999,FRAME
cmiw5xjq201jpitnt9vz0z60m,"",Georgio Armani,,AR5128,MATTE BRONZE,3006,55,20,145,8056597731430,,,119.05,240,1,,,t,2025-12-07 20:16:13.083,2025-12-07 20:16:13.083,t,f,999,FRAME
cmiw5xk2t01jritnti78m8gsk,"",Georgio Armani,,AR5132,BRUSHED GUNMETAL,3259,54,19,145,8056597829090,,,139.74,279,0,,,t,2025-12-07 20:16:13.541,2025-12-07 20:16:13.541,t,f,999,FRAME
cmiw5xkap01jsitnturl782jm,"",Georgio Armani,,AR7233,MATTE BLACK,5042,56,18,145,8056597737432,,,129.39,388,0,,,t,2025-12-07 20:16:13.825,2025-12-07 20:16:13.825,t,f,999,FRAME
cmiw5xkhe01jtitnt2neo4p8b,"",Georgio Armani,,AR5054,Matte Black,3001,53,18,145,8053672466423,,,108.69,326,0,,,t,2025-12-07 20:16:14.066,2025-12-07 20:16:14.066,t,f,999,FRAME
cmiw5xktb01juitntjv43pa0x,"",Georgio Armani,,AR7236,STRIPED BROWN,6002,53,17,145,8056597831086,,,139.74,419,0,,,t,2025-12-07 20:16:14.495,2025-12-07 20:16:14.495,t,f,999,FRAME
cmiw5xkzj01jvitntzccb2wob,"",Versace,,VE3329B,HAVANA,108,52,17,145,8056597730822,,,114.78,344,0,,,t,2025-12-07 20:16:14.72,2025-12-07 20:16:14.72,t,f,999,FRAME
cmiw5xl5w01jwitntmtdv3su5,"",Georgio Armani,,AR7122,Matte Black,5042,56,17,145,8053672650587,,,108.69,326,0,,,t,2025-12-07 20:16:14.949,2025-12-07 20:16:14.949,t,f,999,FRAME
cmiw5xlci01jxitnt16opx6zm,"",Georgio Armani,,AR7183,BLACK,5001,55,17,150,8056597170253,,,129.39,300,0,,,t,2025-12-07 20:16:15.187,2025-12-07 20:16:15.187,t,f,999,FRAME
cmiw5xljb01jyitntpqjvrx07,"",Georgio Armani,,AR7042,BLACK RUBBER,5063,56,16,140,8053672290042,,,108.69,326,0,,,t,2025-12-07 20:16:15.431,2025-12-07 20:16:15.431,t,f,999,FRAME
cmiw5xlpv01jzitnt2oiny2ts,"",Georgio Armani,,AR7244U,TRANSPARENT GREY,5948,55,17,145,8056597827744,,,119.05,357,0,,,t,2025-12-07 20:16:15.667,2025-12-07 20:16:15.667,t,f,999,FRAME
cmiw5xlwh01k0itntqcz1t3xj,"",Georgio Armani,,AR5133,MATTE PALE GOLD,3002,57,18,150,8056597829250,,,139.74,419,1,,,t,2025-12-07 20:16:15.905,2025-12-07 20:16:15.905,t,f,999,FRAME
cmiw5xm9i01k2itntd8hfifeg,"",Georgio Armani,,AR5080,MATTE BLACK,3001,55,17,145,8053672876628,,,119.05,357,1,,,t,2025-12-07 20:16:16.374,2025-12-07 20:16:16.374,t,f,999,FRAME
cmiw5xmmo01k4itntc9iqc3i8,"",Georgio Armani,,AR5010,MT BRUSHED GOLDEN GUNMT,3037,54,18,140,8053672122220,,,119.05,357,0,,,t,2025-12-07 20:16:16.848,2025-12-07 20:16:16.848,t,f,999,FRAME
cmiw5xmt801k5itntcxxbf9bv,"",Guess?,,GU9235,blue/other,092,48,13,130,889214441157,,,48,144,0,,,t,2025-12-07 20:16:17.085,2025-12-07 20:16:17.085,t,f,999,FRAME
cmiw5xmzn01k6itntapateouw,"",Guess?,,GU9228,grey/other,020,49,14,135,889214362872,,,49,147,0,,,t,2025-12-07 20:16:17.316,2025-12-07 20:16:17.316,t,f,999,FRAME
cmiw5xn6501k7itntng5uvysh,"",Guess?,,GU2882,shiny black,001,53,17,140,889214311009,,,80,240,1,,,t,2025-12-07 20:16:17.55,2025-12-07 20:16:17.55,t,f,999,FRAME
cmiw5xnl401k9itntjt7sja5c,"",Guess?,,GU9207,shiny black,001,49,17,135,889214266873,,,48,144,1,,,t,2025-12-07 20:16:18.088,2025-12-07 20:16:18.088,t,f,999,FRAME
cmiw5xny001kbitntqt8rw6mk,"",Guess?,,GU9233,black/other,005,47,13,135,889214441010,,,48,144,1,,,t,2025-12-07 20:16:18.552,2025-12-07 20:16:18.552,t,f,999,FRAME
cmiw5xob101kditnts9utz0rw,"",Oakley Frame,,OX3227 FULLER,MATTE MIDNIGHT,322704,55,17,139,888392287946,,,95.65,287,0,,,t,2025-12-07 20:16:19.022,2025-12-07 20:16:19.022,t,f,999,FRAME
cmiw5xohq01keitntedhxn1th,"",Guess?,,GU2958,shiny black,001,54,15,140,889214427021,,,77,231,2,,,t,2025-12-07 20:16:19.263,2025-12-07 20:16:19.263,t,f,999,FRAME
cmiw5xouy01kgitnt1zdv1snu,"",Guess?,,GU9224,shiny black,001,49,14,135,889214362650,,,48,144,1,,,t,2025-12-07 20:16:19.739,2025-12-07 20:16:19.739,t,f,999,FRAME
cmiw5xp7t01kiitntzt2ai37u,"",Oakley Frame,,OX8060 OVERHEAD,DARK MT SILVER/BLUE COLO,806004,57,16,138,888392601377,,,67.98,204,0,,,t,2025-12-07 20:16:20.202,2025-12-07 20:16:20.202,t,f,999,FRAME
cmiw5xpec01kjitnt40lz26es,"",Guess?,,GU9229,black/other,005,47,14,130,889214440853,,,47,141,0,,,t,2025-12-07 20:16:20.436,2025-12-07 20:16:20.436,t,f,999,FRAME
cmiw5xpks01kkitnto0liaedr,"",Oakley Youth,,OY8006 AIRDROP XS (A),SATIN BLACK,800607,52,15,126,888392405449,,,48.71,146,0,,,t,2025-12-07 20:16:20.668,2025-12-07 20:16:20.668,t,f,999,FRAME
cmiw5xpr801klitntj1rrhfp4,"",Guess?,,GU9191,violet/other,083,49,14,130,889214156631,,,54,162,0,,,t,2025-12-07 20:16:20.901,2025-12-07 20:16:20.901,t,f,999,FRAME
cmiw5xpxq01kmitntcef0fo8n,"",Guess?,,GU9207,grey/other,020,49,17,135,889214266880,,,48,144,1,,,t,2025-12-07 20:16:21.135,2025-12-07 20:16:21.135,t,f,999,FRAME
cmiw5xqal01koitntdx47li3t,"",Guess?,,GU9172,Shiny Black,001,48,15,130,664689872220,,,52,156,0,,,t,2025-12-07 20:16:21.597,2025-12-07 20:16:21.597,t,f,999,FRAME
cmiw5xqh601kpitntjpar1ms4,"",Guess?,,GM0353,pink /other,074,53,17,140,889214357564,,,114,342,1,,,t,2025-12-07 20:16:21.835,2025-12-07 20:16:21.835,t,f,999,FRAME
cmiw5xqup01kritnton1el9dn,"",Guess?,,GU9225,dark havana,052,47,14,135,889214362711,,,48,144,0,,,t,2025-12-07 20:16:22.322,2025-12-07 20:16:22.322,t,f,999,FRAME
cmiw5xr1c01ksitntr00hecqt,"",Oakley Frame,,OX8058 THE CUT,SATIN WOODGRAIN,805803,54,17,140,888392590411,,,64.23,193,1,,,t,2025-12-07 20:16:22.56,2025-12-07 20:16:22.56,t,f,999,FRAME
cmiw5xrei01kuitntivnnmdtr,"",Oakley Frame,,OX8076 CROSSLINK ZERO,Matte Black,807603,56,16,138,888392192011,,,69.61,209,1,,,t,2025-12-07 20:16:23.034,2025-12-07 20:16:23.034,t,f,999,FRAME
cmiw5xrtb01kwitnthe5ukpfb,"",Oakley Frame,,OX8167 VOLT DROP,SATIN BLACK,816701,54,17,147,888392497574,,,80.9,243,0,,,t,2025-12-07 20:16:23.567,2025-12-07 20:16:23.567,t,f,999,FRAME
cmiw5xs0p01kxitntskc5heum,"",Oakley Youth,,OY8001 SHIFTER XS,SATIN BLACK,800101,50,15,128,888392266316,,,49.2,148,1,,,t,2025-12-07 20:16:23.833,2025-12-07 20:16:23.833,t,f,999,FRAME
cmiw5xsd901kzitntcemq5v2f,"",Oakley Frame,,OX8139 HSTN RX,POLISHED CLEAR,813905,50,21,140,888392604804,,,69.61,209,0,,,t,2025-12-07 20:16:24.286,2025-12-07 20:16:24.286,t,f,999,FRAME
cmiw5xsjq01l0itnto077hcgd,"",Oakley Youth,,OY8003 AIRDROP XS,SATIN BLACK,800301,50,15,126,888392282736,,,48.71,146,1,,,t,2025-12-07 20:16:24.518,2025-12-07 20:16:24.518,t,f,999,FRAME
cmiw5xswo01l2itntmtznriqa,"",Oakley Frame,,OX8163 CENTERBOARD,POLISHED LIGHT CURRY,816309,53,17,141,888392603760,,,73.91,222,1,,,t,2025-12-07 20:16:24.984,2025-12-07 20:16:24.984,t,f,999,FRAME
cmiw5xt9p01l4itntjy3e4qf9,"",Oakley Youth,,OY8007 FIELD DAY,SATIN BLACK CAMO,800709,50,15,128,888392463661,,,57.6,173,1,,,t,2025-12-07 20:16:25.454,2025-12-07 20:16:25.454,t,f,999,FRAME
cmiw5xtn301l6itntb5grm801,"",Guess?,,GU1982,crystal/other,027,53,16,145,889214121486,,,72,216,3,,,t,2025-12-07 20:16:25.935,2025-12-07 20:16:25.935,t,f,999,FRAME
cmiw5xtzt01l8itnt1qydgbyk,"",Oakley Frame,,OX8028 NXTLVL,GREY SHADOW,802805,56,17,123,888392583451,,,85.8,257,0,,,t,2025-12-07 20:16:26.394,2025-12-07 20:16:26.394,t,f,999,FRAME
cmiw5xu6b01l9itnt4b6t5d67,"",Oakley Youth,,OY8026 BUNT,SATIN BLACK,802601,50,15,129,888392604675,,,49.2,148,0,,,t,2025-12-07 20:16:26.628,2025-12-07 20:16:26.628,t,f,999,FRAME
cmiw5xucp01laitntjyojkjv8,"",Oakley Frame,,OX3174 BARRELHOUSE 0.5,Matte Black,317401,53,18,139,700285855578,,,100.79,302,0,,,t,2025-12-07 20:16:26.858,2025-12-07 20:16:26.858,t,f,999,FRAME
cmiw5xujc01lbitnt1rtlq0nn,"",Georgio Armani,,AR7037,Matte Grey Horn,5570,55,17,145,8053672674422,,,129.39,388,0,,,t,2025-12-07 20:16:27.096,2025-12-07 20:16:27.096,t,f,999,FRAME
cmiw5xuqc01lcitntbp61d6xm,"",Georgio Armani,,AR7074,CRYSTAL,5893,50,19,145,8056597427739,,,108.69,326,0,,,t,2025-12-07 20:16:27.349,2025-12-07 20:16:27.349,t,f,999,FRAME
cmiw5xuwx01lditntqbzr6k2k,"",Versace,,VE1264,MATTE BLACK/GOLD,1436,54,18,140,8056597122511,,,94.83,284,0,,,t,2025-12-07 20:16:27.585,2025-12-07 20:16:27.585,t,f,999,FRAME
cmiw5xv3701leitntwzigp5pb,"",Ray-Ban,,ORX8906,Shiny Black,8061,52,19,145,,,,98.25,295,0,,,t,2025-12-07 20:16:27.812,2025-12-07 20:16:27.812,t,f,999,FRAME
cmiw5xv9p01lfitnt43ampe1z,"",Oakley Frame,,OX3233 CATHODE,SATIN BLACK,323301,54,18,138,888392352460,,,80.9,243,0,,,t,2025-12-07 20:16:28.046,2025-12-07 20:16:28.046,t,f,999,FRAME
cmiw5xvg201lgitntud8soxjt,"",Michael Kors,,MK4101U SHENANDOAH,PINK TORTOISE,3009,53,16,140,725125388016,,,55.4,175,2,,,t,2025-12-07 20:16:28.274,2025-12-07 20:16:28.274,t,f,999,FRAME
cmiw5xvsu01ljitnthq2smnx6,"",Michael Kors,,MK3032 COCONUT GROVE,LIGHT PINK TRANSPARENT,3417,51,19,140,725125010313,,,71.81,215,0,,,t,2025-12-07 20:16:28.735,2025-12-07 20:16:28.735,t,f,999,FRAME
cmiw5xvz401lkitntgnm0np2q,"",Versace,,VE3338,HAVANA,5404,52,18,140,8056597831468,,,124.77,374,0,,,t,2025-12-07 20:16:28.96,2025-12-07 20:16:28.96,t,f,999,FRAME
cmiw5xw5o01llitntpi1ird9n,"",Versace,,VE1274,BLUE,1468,57,17,140,8056597896665,,,104.81,314,0,,,t,2025-12-07 20:16:29.197,2025-12-07 20:16:29.197,t,f,999,FRAME
cmiw5xwcf01lmitntb2pvkdr0,"",Versace,,VE1218,BLACK/GOLD W/DEMO LENS,1342,53,,140,8053672139136,,,94.83,284,1,,,t,2025-12-07 20:16:29.439,2025-12-07 20:16:29.439,t,f,999,FRAME
cmiw5xwpr01loitnttaphiuai,"",Michael Kors,,MK3059 MONTEROSSO,ROSE GOLD,1108,54,16,140,725125383202,,,55.4,166,1,,,t,2025-12-07 20:16:29.919,2025-12-07 20:16:29.919,t,f,999,FRAME
cmiw5xx2r01lqitnt2a7504k6,"",Vision Source,,PL-239 RED,Red,,53,17,140,193033513569,,,65,99,0,,,t,2025-12-07 20:16:30.388,2025-12-07 20:16:30.388,t,f,999,FRAME
cmiw5xx9d01lritntwortiitb,"",Ray-Ban Rx,,RX0707V,TRANSPARENT LIGHT BROWN,8198,50,21,145,8056597720809,,,79.08,237,1,,,t,2025-12-07 20:16:30.625,2025-12-07 20:16:30.625,t,f,999,FRAME
cmiw5xxm801ltitntb5ksdnm3,"",Ray-Ban Rx,,RX5375,GRADIENT BROWN HAVANA,8107,53,18,145,8056597550154,,,79.08,237,0,,,t,2025-12-07 20:16:31.088,2025-12-07 20:16:31.088,t,f,999,FRAME
cmiw5xxsy01luitntplpqoe2u,"",Ray-Ban Rx,,RX5418,STRIPED GRAY GRADIENT BL,8254,54,19,145,8056597827096,,,74.29,223,1,,,t,2025-12-07 20:16:31.331,2025-12-07 20:16:31.331,t,f,999,FRAME
cmiw5xy6001lwitntlknd1l5l,"",Ray-Ban Rx,,RX5598 EAGLEEYE,GREY ON TRANSPARENT,8111,51,21,145,8056597827478,,,79.08,237,0,,,t,2025-12-07 20:16:31.8,2025-12-07 20:16:31.8,t,f,999,FRAME
cmiw5xyc901lxitntawjjr990,"",Ray-Ban Rx,,RX6335,MATTE GUNMETAL,2855,56,17,145,,,,83,249,1,,,t,2025-12-07 20:16:32.025,2025-12-07 20:16:32.025,t,f,999,FRAME
cmiw5xyov01lzitnt5wzctpjv,"",Ray-Ban Rx,,RX7159,SHINY PINK HAVANA,8064,50,20,145,8056597261234,,,79.08,237,0,,,t,2025-12-07 20:16:32.48,2025-12-07 20:16:32.48,t,f,999,FRAME
cmiw5xyv801m0itnt07t5w2gz,"",Ray-Ban Rx,,RX7209,RED BLUE GREY,8215,53,20,145,8056597734851,,,74.29,223,0,,,t,2025-12-07 20:16:32.708,2025-12-07 20:16:32.708,t,f,999,FRAME
cmiw5xz2201m1itntmfjqmrn1,"",Ray-Ban Rx,,RX7211,BLACK,2000,52,19,145,8056597724593,,,74.7,224,0,,,t,2025-12-07 20:16:32.955,2025-12-07 20:16:32.955,t,f,999,FRAME
cmiw5xz8q01m2itnt4sqaezd2,"",Ray-Ban Rx,,RX7214 GINA,OPAL GREY,8259,51,20,140,8056597829861,,,79.08,237,1,,,t,2025-12-07 20:16:33.195,2025-12-07 20:16:33.195,t,f,999,FRAME
cmiw5xzm901m4itnt98rlhx8d,"",Ray-Ban Rx,,RX7217 CHAD,TRANSPARENT DARK BLU,8266,54,22,145,8056597843010,,,67.1,201,0,,,t,2025-12-07 20:16:33.681,2025-12-07 20:16:33.681,t,f,999,FRAME
cmiw5xzst01m5itntbsuhmuui,"",Ray-Ban,,RB2132,Grey,,55,18,145,8053672342345,,,89,267,0,,,t,2025-12-07 20:16:33.917,2025-12-07 20:16:33.917,t,f,999,FRAME
cmiw5xzyz01m6itntgkq8de20,"",Ray-Ban Rx,,RX5268,5376,,50,17,135,,,,62.31,187,1,,,t,2025-12-07 20:16:34.14,2025-12-07 20:16:34.14,t,f,999,FRAME
cmiw5y0c401m8itntt9af9d4i,"",Versace,,VE3335,TRANSPARENT BROWN,5028,56,14,140,8056597829960,,,114.78,344,1,,,t,2025-12-07 20:16:34.612,2025-12-07 20:16:34.612,t,f,999,FRAME
cmiw5y0pj01maitntbg4k677z,"",Versace,,VE3303,TRANSPARENT GREY,593,55,18,140,8056597535779,,,94.83,239,0,,,t,2025-12-07 20:16:35.095,2025-12-07 20:16:35.095,t,f,999,FRAME
cmiw5y0w101mbitnts7d16oc8,"",Affordable Designs,,Boston,Matte Gold,,47,20,140,810040600043,,,79.95,80,0,,,t,2025-12-07 20:16:35.329,2025-12-07 20:16:35.329,t,f,999,FRAME
cmiw5y12m01mcitnta4xwctrl,"",Eight to Eighty,,Hollis,Black,,55,16,145,,,,79.95,120,0,,,t,2025-12-07 20:16:35.567,2025-12-07 20:16:35.567,t,f,999,FRAME
cmiw5y19901mditntr0cvirtf,"",Eight to Eighty,,Hollis,Tortoise,,55,16,145,,,,79.95,120,1,,,t,2025-12-07 20:16:35.805,2025-12-07 20:16:35.805,t,f,999,FRAME
cmiw5y1mh01mfitnt7xvl0r5d,"",Eight to Eighty,,Roger,Black,,56,17,150,810040603402,,,79.95,120,0,,,t,2025-12-07 20:16:36.281,2025-12-07 20:16:36.281,t,f,999,FRAME
cmiw5y1st01mgitntotg4gynt,"",Eight to Eighty,,Roger,Denim,,56,17,150,810040603426,,,79.95,120,0,,,t,2025-12-07 20:16:36.509,2025-12-07 20:16:36.509,t,f,999,FRAME
cmiw5y1z401mhitnt525ikt1t,"",Eight to Eighty,,Gary,Blue,,54,17,140,,,,79.95,120,0,,,t,2025-12-07 20:16:36.736,2025-12-07 20:16:36.736,t,f,999,FRAME
cmiw5y25z01miitntp3gq4940,"",Eight to Eighty,,Gary,Grey,,54,17,140,,,,79.95,120,0,,,t,2025-12-07 20:16:36.984,2025-12-07 20:16:36.984,t,f,999,FRAME
cmiw5y2cq01mjitnt9r8hc84r,"",Affordable Designs,,Silvio,Black,,54,16,140,407797021469,,,79.95,120,1,,,t,2025-12-07 20:16:37.227,2025-12-07 20:16:37.227,t,f,999,FRAME
cmiw5y2q301mlitntdf9emhoa,"",Affordable Designs,,Silvio,Blue,,54,16,140,407797021483,,,79.95,120,2,,,t,2025-12-07 20:16:37.708,2025-12-07 20:16:37.708,t,f,999,FRAME
cmiw5y32w01moitntz17lw8vv,"",Affordable Designs,,JoJo,Blue,,41,18,125,,,,79.95,85,1,,,t,2025-12-07 20:16:38.168,2025-12-07 20:16:38.168,t,f,999,FRAME
cmiw5y3gq01mqitntq6gg14w5,"",Eight to Eighty,,Jackson,Red,,45,16,130,,,,79.95,96,0,,,t,2025-12-07 20:16:38.666,2025-12-07 20:16:38.666,t,f,999,FRAME
cmiw5y3n301mritntg7vm0lnj,"",Eight to Eighty,,Jackson,Purple,,45,16,130,,,,79.95,96,1,,,t,2025-12-07 20:16:38.896,2025-12-07 20:16:38.896,t,f,999,FRAME
cmiw5y3zw01mtitnt26q5gkjt,"",Eight to Eighty,,Jackson,Blue,,45,16,130,,,,79.95,96,0,,,t,2025-12-07 20:16:39.357,2025-12-07 20:16:39.357,t,f,999,FRAME
cmiw5y46h01muitnt9upt2cvb,"",Affordable Designs,,Urban,Amber,,50,20,145,,,,79.95,100,1,,,t,2025-12-07 20:16:39.593,2025-12-07 20:16:39.593,t,f,999,FRAME
cmiw5y4j501mwitntjw71w49x,"",Affordable Designs,,Urban,Black,,50,20,145,,,,79.95,100,0,,,t,2025-12-07 20:16:40.049,2025-12-07 20:16:40.049,t,f,999,FRAME
cmiw5y4pn01mxitntiui110w5,"",Affordable Designs,,Urban,Blue Tortoise,,50,20,145,,,,79.95,100,0,,,t,2025-12-07 20:16:40.284,2025-12-07 20:16:40.284,t,f,999,FRAME
cmiw5y4wi01myitntmy7xpwux,"",Affordable Designs,,Woodstock,Gold,,54,22,145,810040600319,,,79.95,100,1,,,t,2025-12-07 20:16:40.53,2025-12-07 20:16:40.53,t,f,999,FRAME
cmiw5y59e01n0itntsi7hgznh,"",Affordable Designs,,Woodstock,Silver,,54,22,145,810040600326,,,79.95,100,1,,,t,2025-12-07 20:16:40.995,2025-12-07 20:16:40.995,t,f,999,FRAME
cmiw5y5me01n2itnt23ntuvqn,"",Affordable Designs,,Yale,Black,,47,19,135,812539034193,,,79.95,100,1,,,t,2025-12-07 20:16:41.463,2025-12-07 20:16:41.463,t,f,999,FRAME
cmiw5y5z401n4itnt72tik6l6,"",Affordable Designs,,Yale,Tortoise,,47,19,135,812539034186,,,79.95,100,1,,,t,2025-12-07 20:16:41.921,2025-12-07 20:16:41.921,t,f,999,FRAME
cmiw5y6br01n6itntpb7nidtl,"",Affordable Designs,,Yale,Crystal Black,,46,19,,,,,79.95,100,0,,,t,2025-12-07 20:16:42.376,2025-12-07 20:16:42.376,t,f,999,FRAME
cmiw5y6i401n7itntkc3om3ob,"",Affordable Designs,,Corvette,Lilac,,49,19,140,,,,79.95,80,0,,,t,2025-12-07 20:16:42.604,2025-12-07 20:16:42.604,t,f,999,FRAME
cmiw5y6oq01n8itnt70gkzfqs,"",Affordable Designs,,Corvette,Blue,,49,19,140,812539031888,,,79.95,80,0,,,t,2025-12-07 20:16:42.842,2025-12-07 20:16:42.842,t,f,999,FRAME
cmiw5y6v401n9itnttczmqnjr,"",Affordable Designs,,Corvette,Black,,49,19,140,812539031871,,,79.95,80,0,,,t,2025-12-07 20:16:43.072,2025-12-07 20:16:43.072,t,f,999,FRAME
cmiw5y71u01naitntjjdbffnh,"",Eight to Eighty,,Gala,Blue,,52,18,145,810040605376,,,69.95,100,1,,,t,2025-12-07 20:16:43.315,2025-12-07 20:16:43.315,t,f,999,FRAME
cmiw5y7f401ncitntizxclohe,"",Eight to Eighty,,Gala,Green,,52,18,145,810040605369,,,69.95,100,0,,,t,2025-12-07 20:16:43.793,2025-12-07 20:16:43.793,t,f,999,FRAME
cmiw5y7ln01nditnti24b9zby,"",Eight to Eighty,,Hazel,Brown/Gold,,52,17,140,812539030553,,,79.95,120,0,,,t,2025-12-07 20:16:44.027,2025-12-07 20:16:44.027,t,f,999,FRAME
cmiw5y7s701neitntdx6s6m3c,"",Eight to Eighty,,Hazel,Blue/Gold,,52,17,140,812539030560,,,79.95,120,1,,,t,2025-12-07 20:16:44.263,2025-12-07 20:16:44.263,t,f,999,FRAME
cmiw5y85d01ngitntjvigyib4,"",Eight to Eighty,,Natasha,Black,,54,17,140,,,,79.95,100,0,,,t,2025-12-07 20:16:44.738,2025-12-07 20:16:44.738,t,f,999,FRAME
cmiw5y8bv01nhitntsg9v3oqd,"",Eight to Eighty,,Natasha,Ice,,54,17,140,407797022466,,,79.95,100,0,,,t,2025-12-07 20:16:44.972,2025-12-07 20:16:44.972,t,f,999,FRAME
cmiw5y92e01nlitnt0rzaupr3,"",Eight to Eighty,,Phyllis,Black,,54,16,140,812539038917,,,79.95,120,0,,,t,2025-12-07 20:16:45.926,2025-12-07 20:16:45.926,t,f,999,FRAME
cmiw5y98t01nmitntxd8sjwhq,"",Eight to Eighty,,Phyllis,Brown,,54,16,140,812539038924,,,79.95,120,0,,,t,2025-12-07 20:16:46.157,2025-12-07 20:16:46.157,t,f,999,FRAME
cmiw5y9fc01nnitnt8q897ai8,"",Eight to Eighty,,Lee,Gunmetal,,55,17,140,812539039020,,,79.95,120,0,,,t,2025-12-07 20:16:46.392,2025-12-07 20:16:46.392,t,f,999,FRAME
cmiw5y9lt01noitnt88a5o2a3,"",Eight to Eighty,,Lee,Brown,,55,17,140,812539039006,,,79.95,120,0,,,t,2025-12-07 20:16:46.626,2025-12-07 20:16:46.626,t,f,999,FRAME
cmiw5y9sc01npitntibxrvzny,"",Eight to Eighty,,Leif,Black,,55,16,140,810040609008,,,79.95,120,0,,,t,2025-12-07 20:16:46.86,2025-12-07 20:16:46.86,t,f,999,FRAME
cmiw5y9yq01nqitntnohmjq8x,"",Eight to Eighty,,Leif,Grey,,55,16,140,810040608995,,,79.95,120,0,,,t,2025-12-07 20:16:47.09,2025-12-07 20:16:47.09,t,f,999,FRAME
cmiw5ya5501nritntncuoc90n,"",Eight to Eighty,,Lincoln,Black,,54,17,140,812539030607,,,79.95,120,0,,,t,2025-12-07 20:16:47.321,2025-12-07 20:16:47.321,t,f,999,FRAME
cmiw5yabn01nsitnt5erjkn97,"",Eight to Eighty,,Lincoln,Blue,,54,17,140,812539030621,,,79.95,120,0,,,t,2025-12-07 20:16:47.555,2025-12-07 20:16:47.555,t,f,999,FRAME
cmiw5yai001ntitntscyh98u4,"",Affordable Designs,,Chad,Black,,56,18,145,812539038610,,,79.95,100,0,,,t,2025-12-07 20:16:47.785,2025-12-07 20:16:47.785,t,f,999,FRAME
cmiw5yaoa01nuitnt8827opsp,"",Affordable Designs,,Chad,gunmetal,,56,18,145,812539038634,,,79.95,100,0,,,t,2025-12-07 20:16:48.01,2025-12-07 20:16:48.01,t,f,999,FRAME
cmiw5yaur01nvitntk59p0gus,"",Affordable Designs,,Campbell,Brown Fade,,52,20,145,,,,79.95,80,1,,,t,2025-12-07 20:16:48.243,2025-12-07 20:16:48.243,t,f,999,FRAME
cmiw5ybl701nxitntk04ly22e,"",Affordable Designs,,Campbell,Crystal,,52,20,145,,,,79.95,80,0,,,t,2025-12-07 20:16:48.703,2025-12-07 20:16:48.703,t,f,999,FRAME
cmiw5ybrs01nyitnt4ziyxb07,"",Affordable Designs,,Cassidy,Brown,,52,20,140,407797022091,,,79.95,100,0,,,t,2025-12-07 20:16:49.433,2025-12-07 20:16:49.433,t,f,999,FRAME
cmiw5ybyl01nzitntbus2jc19,"",Affordable Designs,,Cassidy,Pink,,52,20,140,407797022114,,,79.95,100,0,,,t,2025-12-07 20:16:49.678,2025-12-07 20:16:49.678,t,f,999,FRAME
cmiw5yc5a01o0itntft2ao5e5,"",Affordable Designs,,Dani,Blue wood,,54,16,140,810040600142,,,79.95,100,1,,,t,2025-12-07 20:16:49.919,2025-12-07 20:16:49.919,t,f,999,FRAME
cmiw5ychv01o2itntvkf6lfq3,"",Affordable Designs,,Dani,Grey Wood,,54,16,140,810040600128,,,79.95,100,1,,,t,2025-12-07 20:16:50.372,2025-12-07 20:16:50.372,t,f,999,FRAME
cmiw5ycum01o4itnt4d6pguru,"",Affordable Designs,,Chevy,Black,,56,16,140,,,,79.95,120,1,,,t,2025-12-07 20:16:50.831,2025-12-07 20:16:50.831,t,f,999,FRAME
cmiw5yd7001o6itnt7v3a2pvw,"",Affordable Designs,,Chevy,Navy,,56,16,140,,,,79.95,120,2,,,t,2025-12-07 20:16:51.276,2025-12-07 20:16:51.276,t,f,999,FRAME
cmiw5ydjq01o8itntpbnegddt,"",Affordable Designs,,Colton,Black,,47,16,130,812539038580,,,79.95,100,1,,,t,2025-12-07 20:16:51.735,2025-12-07 20:16:51.735,t,f,999,FRAME
cmiw5ydwi01oaitntpipia00f,"",Affordable Designs,,Colton,Blue,,47,16,130,812539038603,,,79.95,100,0,,,t,2025-12-07 20:16:52.194,2025-12-07 20:16:52.194,t,f,999,FRAME
cmiw5ye3201obitnt7jedid2u,"",Affordable Designs,,Colton,Brown,,47,16,130,812539038597,,,79.95,100,0,,,t,2025-12-07 20:16:52.431,2025-12-07 20:16:52.431,t,f,999,FRAME
cmiw5yebt01ocitnt227vlmkj,"",Affordable Designs,,Malcolm,Black/Silver,,52,21,145,812539038733,,,79.95,120,1,,,t,2025-12-07 20:16:52.746,2025-12-07 20:16:52.746,t,f,999,FRAME
cmiw5yepa01oeitntwtc8whln,"",Affordable Designs,,Malcolm,Gold/shiny black,,52,21,145,812539038757,,,79.95,120,1,,,t,2025-12-07 20:16:53.23,2025-12-07 20:16:53.23,t,f,999,FRAME
cmiw5yf1o01ogitntteedo5m3,"",Eight to Eighty,,Classy,Black,,53,17,145,812539035046,,,79.95,120,0,,,t,2025-12-07 20:16:53.677,2025-12-07 20:16:53.677,t,f,999,FRAME
cmiw5yf8501ohitntj8tpkf64,"",Eight to Eighty,,Classy,Brown,,53,17,145,812539035053,,,79.95,120,0,,,t,2025-12-07 20:16:53.909,2025-12-07 20:16:53.909,t,f,999,FRAME
cmiw5yfel01oiitntdyxtub5p,"",Eight to Eighty,,Lishka,Blue,,52,19,140,407797020875,,,79.95,120,1,,,t,2025-12-07 20:16:54.141,2025-12-07 20:16:54.141,t,f,999,FRAME
cmiw5yfr501okitntvgnviphe,"",Eight to Eighty,,Lishka,Burgundy,,52,19,140,407797020882,,,79.95,120,0,,,t,2025-12-07 20:16:54.594,2025-12-07 20:16:54.594,t,f,999,FRAME
cmiw5yfxi01olitntedk3fz21,"",Ray-Ban Rx,,RX6513,BLACK ON ARISTA,2890,55,20,145,8056597941464,,,88.67,266,1,,,t,2025-12-07 20:16:54.822,2025-12-07 20:16:54.822,t,f,999,FRAME
cmiw5yga001onitntqq7yxw0i,"",Ray-Ban Rx,,RX5397 ELLIOT,BLU ON TRANSPARENT BLU,8324,50,19,145,8056597949255,,,74.29,223,0,,,t,2025-12-07 20:16:55.272,2025-12-07 20:16:55.272,t,f,999,FRAME
cmiw5yggc01ooitntd8uh9qc8,"",Ray-Ban Rx,,RX7140,TRANSPARENT PINK,8335,49,20,150,8056597954655,,,83.88,252,1,,,t,2025-12-07 20:16:55.501,2025-12-07 20:16:55.501,t,f,999,FRAME
cmiw5ygsy01oqitntstw5pnof,"",Ray-Ban Rx,,RX6509,GUNMETAL,2502,51,20,145,8056597938730,,,74.29,223,0,,,t,2025-12-07 20:16:55.954,2025-12-07 20:16:55.954,t,f,999,FRAME
cmiw5ygz901oritntgv2kc1h6,"",Ray-Ban Rx,,RX5362,RED GRADIENT PINK,8311,54,17,140,8056597954150,,,93.68,281,1,,,t,2025-12-07 20:16:56.181,2025-12-07 20:16:56.181,t,f,999,FRAME
cmiw5yhc901otitntyf8kmw5k,"",Ray-Ban Rx,,RX7230,SAND BLACK,5204,54,19,145,8056597938297,,,88.67,266,1,,,t,2025-12-07 20:16:56.649,2025-12-07 20:16:56.649,t,f,999,FRAME
cmiw5yhoy01ovitnt78e6ak69,"",Ray-Ban Rx,,RX5421,BLACK,2000,55,19,145,8056597937078,,,83,249,0,,,t,2025-12-07 20:16:57.107,2025-12-07 20:16:57.107,t,f,999,FRAME
cmiw5yhvg01owitnt8e6yjlw2,"",Ray-Ban Rx,,RX7228,MATTE BLACK,2477,53,21,145,8056597937627,,,74.7,224,1,,,t,2025-12-07 20:16:57.34,2025-12-07 20:16:57.34,t,f,999,FRAME
cmiw5yi8m01oyitntimpzo9kx,"",Ray-Ban Rx,,RX5421,TRANSPARENT,2001,53,19,145,8056597937085,,,83,249,1,,,t,2025-12-07 20:16:57.815,2025-12-07 20:16:57.815,t,f,999,FRAME
cmiw5yilo01p0itntr10rup7c,"",Ray-Ban Rx,,RX5422,DARK GREY GRADIENT GREY,8310,54,16,145,8056597939911,,,83,249,1,,,t,2025-12-07 20:16:58.284,2025-12-07 20:16:58.284,t,f,999,FRAME
cmiw5yiym01p2itntpmfg3n3c,"",Ray-Ban Rx,,RX3765V,COPPER,3166,51,22,145,8056597945639,,,79.08,237,0,,,t,2025-12-07 20:16:58.75,2025-12-07 20:16:58.75,t,f,999,FRAME
cmiw5yj5d01p3itnt1ql1daun,"",Ray-Ban Rx,,RX7228,OPAL DARK GREY,8257,55,21,145,8056597937672,,,74.7,224,1,,,t,2025-12-07 20:16:58.993,2025-12-07 20:16:58.993,t,f,999,FRAME
cmiw5yjii01p5itntl6yug4ml,"",Ray-Ban Rx,,RX7227,ALABASTER,8203,51,21,145,8056597937528,,,67.1,201,0,,,t,2025-12-07 20:16:59.467,2025-12-07 20:16:59.467,t,f,999,FRAME
cmiw5yjp001p6itntcyxybxkg,"",Ray-Ban Rx,,RX7225 LEONID,TRANSPARENT LIGHT BROWN,8317,52,20,145,8056597938624,,,67.1,201,0,,,t,2025-12-07 20:16:59.701,2025-12-07 20:16:59.701,t,f,999,FRAME
cmiw5yjvk01p7itntpdlmd2ir,"",Oakley Frame,,OX3217 SOCKET 5.0,MATTE GUNMETAL,321715,55,17,136,888392610317,,,89.72,269,0,,,t,2025-12-07 20:16:59.937,2025-12-07 20:16:59.937,t,f,999,FRAME
cmiw5yk2501p8itntzfr58cay,"",Oakley Frame,,OX8178 RAFTER,SATIN GREY SMOKE,817802,57,18,142,888392612854,,,68,204,0,,,t,2025-12-07 20:17:00.173,2025-12-07 20:17:00.173,t,f,999,FRAME
cmiw5yk8n01p9itntaiojft69,"",Oakley Frame,,OX8178 RAFTER,UNIVERSAL BLUE,817804,55,18,142,888392612908,,,68,204,0,,,t,2025-12-07 20:17:00.407,2025-12-07 20:17:00.407,t,f,999,FRAME
cmiw5ykf401paitnt09dj1k47,"",Oakley Frame,,OX8144 KNOLLS,SATIN GREY SMOKE,814402,55,18,143,888392613356,,,69.61,209,1,,,t,2025-12-07 20:17:00.64,2025-12-07 20:17:00.64,t,f,999,FRAME
cmiw5yks201pcitnt1h5s4aff,"",Oakley Frame,,OX8060 OVERHEAD,MATTE DK STONEWASH OPALI,806006,57,16,138,888392609373,,,67.98,204,1,,,t,2025-12-07 20:17:01.106,2025-12-07 20:17:01.106,t,f,999,FRAME
cmiw5yl4v01peitntt2b8phis,"",Oakley Frame,,OX5077 CONTRAIL TI RX,POLISHED CHROME,507704,55,14,144,888392613103,,,144.14,432,0,,,t,2025-12-07 20:17:01.567,2025-12-07 20:17:01.567,t,f,999,FRAME
cmiw5ylbj01pfitnt5ixlfeap,"",Oakley Frame,,OX3184 TINCUP,MATTE GUNMETAL,318413,54,17,135,888392610454,,,128.95,387,0,,,t,2025-12-07 20:17:01.808,2025-12-07 20:17:01.808,t,f,999,FRAME
cmiw5yli101pgitntob966mko,"",Ray-Ban Rx,,RX5362,BLUE GRADIENT LIGHT BLUE,8309,52,17,140,8056597954105,,,93.68,281,0,,,t,2025-12-07 20:17:02.041,2025-12-07 20:17:02.041,t,f,999,FRAME
cmiw5ylom01phitntp9nsua91,"",Georgio Armani,,AR7199,GRADIENT BLACK,6022,57,19,150,8056597854726,,,98.34,295,0,,,t,2025-12-07 20:17:02.278,2025-12-07 20:17:02.278,t,f,999,FRAME
cmiw5ylv101piitntxfcn15z5,"",Eight to Eighty,,Lucia,Pink,,53,16,140,810040609022,,,79.95,100,0,,,t,2025-12-07 20:17:02.51,2025-12-07 20:17:02.51,t,f,999,FRAME
cmiw5ym1t01pjitntg319e3la,"",Eight to Eighty,,Lucia,Violet,,53,16,140,810040609039,,,79.95,100,0,,,t,2025-12-07 20:17:02.753,2025-12-07 20:17:02.753,t,f,999,FRAME
cmiw5ym8501pkitntx1j2e6q7,"",Eight to Eighty,,Carlos,Black,,56,17,145,,,,79.95,100,0,,,t,2025-12-07 20:17:02.982,2025-12-07 20:17:02.982,t,f,999,FRAME
cmiw5ymek01plitntncdl2wr8,"",Eight to Eighty,,Carlos,Olive,,56,17,145,,,,79.95,100,0,,,t,2025-12-07 20:17:03.212,2025-12-07 20:17:03.212,t,f,999,FRAME
cmiw5yml901pmitnt33b4cgtm,"",Eight to Eighty,,Carmela,Gold,,54,17,145,407797021612,,,79.95,100,0,,,t,2025-12-07 20:17:03.453,2025-12-07 20:17:03.453,t,f,999,FRAME
cmiw5ymrp01pnitnteoiyubl3,"",Eight to Eighty,,Carmela,Silver,,54,17,145,407797021629,,,79.95,100,0,,,t,2025-12-07 20:17:03.685,2025-12-07 20:17:03.685,t,f,999,FRAME
cmiw5ymyb01poitnte6gw576n,"",Eight to Eighty,,Mac,Black-Silver,,48,18,135,810040605413,,,69.95,100,1,,,t,2025-12-07 20:17:03.923,2025-12-07 20:17:03.923,t,f,999,FRAME
cmiw5yncb01pqitntl41mvk7p,"",Eight to Eighty,,Mac,Black-Gold,,48,18,135,810040605390,,,69.95,100,0,,,t,2025-12-07 20:17:04.384,2025-12-07 20:17:04.384,t,f,999,FRAME
cmiw5yniq01pritnt8ugcuzzk,"",Affordable Designs,,Yvonne,Violet,,53,15,140,407797022169,,,79.95,100,1,,,t,2025-12-07 20:17:04.659,2025-12-07 20:17:04.659,t,f,999,FRAME
cmiw5ynvi01ptitntr1crkzee,"",Affordable Designs,,Yvonne,Brown,,53,15,140,407797022152,,,79.95,100,1,,,t,2025-12-07 20:17:05.118,2025-12-07 20:17:05.118,t,f,999,FRAME
cmiw5yo8701pvitntqwx8epdt,"",Affordable Designs,,Zachary,Black,,56,18,145,810040602535,,,79.95,120,1,,,t,2025-12-07 20:17:05.576,2025-12-07 20:17:05.576,t,f,999,FRAME
cmiw5yokm01pxitntfzw9wrfh,"",Affordable Designs,,Zachary,Gunmetal,,56,18,145,407797022145,,,79.95,120,1,,,t,2025-12-07 20:17:06.023,2025-12-07 20:17:06.023,t,f,999,FRAME
cmiw5yp3801pzitnt5zt4lmcp,"",Affordable Designs,,Zilla,Blue,,53,16,140,810040600081,,,59.95,75,0,,,t,2025-12-07 20:17:06.693,2025-12-07 20:17:06.693,t,f,999,FRAME
cmiw5yp9x01q0itntlckgh3n5,"",Affordable Designs,,Zilla,Brown,,53,16,140,810040600074,,,59.95,75,1,,,t,2025-12-07 20:17:06.933,2025-12-07 20:17:06.933,t,f,999,FRAME
cmiw5ypms01q2itntbji1zqbu,"",Affordable Designs,,Skip,Brown Fade,,48,17,130,,,,79.95,80,0,,,t,2025-12-07 20:17:07.397,2025-12-07 20:17:07.397,t,f,999,FRAME
cmiw5yptc01q3itntf76dfqqy,"",Affordable Designs,,Skip,Black Fade,,48,17,130,,,,79.95,80,0,,,t,2025-12-07 20:17:07.633,2025-12-07 20:17:07.633,t,f,999,FRAME
cmiw5ypzr01q4itntyq0f7z76,"",Costa Del Mar,,6S4005-03,Gold/Tort,,55,18,133,,,,60,180,0,,,t,2025-12-07 20:17:07.864,2025-12-07 20:17:07.864,t,f,999,FRAME
cmiw5yq6901q5itntwwch73ok,"",Eight to Eighty,,Twan,Gold/Black,,57,18,145,812539038856,,,79.95,120,1,,,t,2025-12-07 20:17:08.098,2025-12-07 20:17:08.098,t,f,999,FRAME
cmiw5yqj201q7itntrpffdhgp,"",Eight to Eighty,,Walter,Black,,57,19,145,812539038948,,,79.95,100,0,,,t,2025-12-07 20:17:08.558,2025-12-07 20:17:08.558,t,f,999,FRAME
cmiw5yqpk01q8itntiuxao5zq,"",Eight to Eighty,,Walter,Gunmetal,,57,19,145,812539038962,,,79.95,100,0,,,t,2025-12-07 20:17:08.792,2025-12-07 20:17:08.792,t,f,999,FRAME
cmiw5yqvv01q9itntbpfg9zd8,"",Eight to Eighty,,Baby Girl,Violet,,51,17,140,407797021001,,,79.95,80,0,,,t,2025-12-07 20:17:09.02,2025-12-07 20:17:09.02,t,f,999,FRAME
cmiw5yr2c01qaitnt6neqo3u9,"",Eight to Eighty,,Brady,Black,,52,19,150,810040602993,,,79.95,80,2,,,t,2025-12-07 20:17:09.252,2025-12-07 20:17:09.252,t,f,999,FRAME
cmiw5ys4601qcitnt676v2v5i,"",Eight to Eighty,,Brady,Tortoise,,52,19,150,810040602986,,,79.95,80,0,,,t,2025-12-07 20:17:10.615,2025-12-07 20:17:10.615,t,f,999,FRAME
cmiw5ytrj01qditnt4j0knevy,"",Eight to Eighty,,Brianna,Black,,53,18,135,812539030638,,,79.95,120,1,,,t,2025-12-07 20:17:12.751,2025-12-07 20:17:12.751,t,f,999,FRAME
cmiw5yu4c01qfitntqxz6exw7,"",Eight to Eighty,,Brianna,Burgundy,,53,18,135,812539030652,,,79.95,120,0,,,t,2025-12-07 20:17:13.213,2025-12-07 20:17:13.213,t,f,999,FRAME
cmiw5yuar01qgitnt5n86gli4,"",Eight to Eighty,,Enzo,Tortoise,,56,16,140,810040608858,,,79.95,80,1,,,t,2025-12-07 20:17:13.443,2025-12-07 20:17:13.443,t,f,999,FRAME
cmiw5yuoj01qiitntg1cs9kg8,"",Eight to Eighty,,Twan,Brown/Gold,,57,18,145,812539038870,,,79.95,120,1,,,t,2025-12-07 20:17:13.939,2025-12-07 20:17:13.939,t,f,999,FRAME
cmiw5yv1c01qkitntliiuhney,"",Affordable Designs,,AJ,Black,,46,15,125,407797021490,,,79.95,100,1,,,t,2025-12-07 20:17:14.401,2025-12-07 20:17:14.401,t,f,999,FRAME
cmiw5yve601qmitnt47l7gz18,"",Affordable Designs,,AJ,Blue,,46,15,125,407797021513,,,79.95,100,1,,,t,2025-12-07 20:17:14.862,2025-12-07 20:17:14.862,t,f,999,FRAME
cmiw5yvr701qoitntqcuzwhjy,"",Affordable Designs,,AJ,Brown,,46,15,125,407797021506,,,79.95,100,1,,,t,2025-12-07 20:17:15.331,2025-12-07 20:17:15.331,t,f,999,FRAME
cmiw5yw4301qqitntky9zb6a8,"",Affordable Designs,,Butch,Black,,47,18,135,,,,79.95,80,0,,,t,2025-12-07 20:17:15.795,2025-12-07 20:17:15.795,t,f,999,FRAME
cmiw5ywaj01qritntk7umlhkv,"",Affordable Designs,,Butch,Blue,,47,18,135,,,,79.95,80,0,,,t,2025-12-07 20:17:16.027,2025-12-07 20:17:16.027,t,f,999,FRAME
cmiw5ywgu01qsitntxq68uev8,"",Affordable Designs,,Butch,Tortoies,,47,18,135,,,,79.95,80,0,,,t,2025-12-07 20:17:16.254,2025-12-07 20:17:16.254,t,f,999,FRAME
cmiw5ywnb01qtitnteszldq39,"",Affordable Designs,,Phaedra,Green,,52,17,145,,,,79.95,80,0,,,t,2025-12-07 20:17:16.488,2025-12-07 20:17:16.488,t,f,999,FRAME
cmiw5ywtw01quitnt5dqj7tb5,"",Affordable Designs,,Phaedra,Grey,,52,17,145,,,,79.95,80,0,,,t,2025-12-07 20:17:16.724,2025-12-07 20:17:16.724,t,f,999,FRAME
cmiw5yx0e01qvitntq3nt6cje,"",Eight to Eighty,,Dennis,Grey,,53,19,140,,,,79.95,80,0,,,t,2025-12-07 20:17:16.958,2025-12-07 20:17:16.958,t,f,999,FRAME
cmiw5yx6s01qwitntsh83rew2,"",Eight to Eighty,,Dennis,Tortoise,,53,19,140,,,,79.95,80,0,,,t,2025-12-07 20:17:17.188,2025-12-07 20:17:17.188,t,f,999,FRAME
cmiw5yxd601qxitnt9186t1ww,"",Affordable Designs,,Heather,Black Blue,,53,17,145,,,,79.95,80,1,,,t,2025-12-07 20:17:17.419,2025-12-07 20:17:17.419,t,f,999,FRAME
cmiw5yxpx01qzitntujv9ljme,"",Affordable Designs,,Heather,Burgundy Fade,,53,17,145,,,,79.95,80,1,,,t,2025-12-07 20:17:17.877,2025-12-07 20:17:17.877,t,f,999,FRAME
cmiw5yyli01r4itntjh06y7ow,"",Eight to Eighty,,Explorer,Gunmetal,,53,17,140,,,,79.95,100,0,,,t,2025-12-07 20:17:19.015,2025-12-07 20:17:19.015,t,f,999,FRAME
cmiw5yys001r5itnt43321vgz,"",Eight to Eighty,,Explorer,Brown,,53,17,140,,,,79.95,100,0,,,t,2025-12-07 20:17:19.249,2025-12-07 20:17:19.249,t,f,999,FRAME
cmiw5yyzs01r6itntttx329te,"",Eight to Eighty,,Elona,Green,,53,17,145,810040608827,,,79.95,100,0,,,t,2025-12-07 20:17:19.483,2025-12-07 20:17:19.483,t,f,999,FRAME
cmiw5yz6801r7itnty4z0y1jx,"",Eight to Eighty,,Elona,Demi Viloet,,53,17,145,810040608834,,,79.95,100,0,,,t,2025-12-07 20:17:19.761,2025-12-07 20:17:19.761,t,f,999,FRAME
cmiw5yzd801r8itntpfrbx3y0,"",Tory Burch,,TY1075,ANTIQUE BLUSH,3329,51,22,140,725125389655,,,82.07,246,0,,,t,2025-12-07 20:17:20.012,2025-12-07 20:17:20.012,t,f,999,FRAME
cmiw5yzjl01r9itntjrkua5yj,"",Ray-Ban Rx,,RX7046 ERIKA,TRANSPARENT PINK,8338,51,18,140,7895653280496,,,62.31,187,1,,,t,2025-12-07 20:17:20.241,2025-12-07 20:17:20.241,t,f,999,FRAME
cmiw5yzxu01rbitntmokls2h5,"",Tory Burch,,TY2135U,TRANSPARENT NAVY,1656,52,19,140,725125397520,,,79.54,227,1,,,t,2025-12-07 20:17:20.754,2025-12-07 20:17:20.754,t,f,999,FRAME
cmiw5z13b01rditntou5oamcb,"",Tory Burch,,TY1077,SHINY SILVER,3161,53,17,140,725125389853,,,82.07,246,0,,,t,2025-12-07 20:17:22.248,2025-12-07 20:17:22.248,t,f,999,FRAME
cmiw5z19s01reitnt7qwvhe5a,"",Tory Burch,,TY1077,SHINY GOLD / DARK TORTOI,3344,51,17,140,725125389945,,,82.07,246,1,,,t,2025-12-07 20:17:22.48,2025-12-07 20:17:22.48,t,f,999,FRAME
cmiw5z1n201rgitnttk3z0uos,"",Tory Burch,,TY1074,SHINY ROSE GOLD,3317,52,18,140,725125381307,,,75.75,227,1,,,t,2025-12-07 20:17:22.958,2025-12-07 20:17:22.958,t,f,999,FRAME
cmiw5z1zo01riitntwi7zv12g,"",Tory Burch,,TY1076,SHINY LIGHT GOLD,3357,53,18,140,725125461191,,,91.48,274,1,,,t,2025-12-07 20:17:23.413,2025-12-07 20:17:23.413,t,f,999,FRAME
cmiw5z2ch01rkitntvd01kyin,"",Tory Burch,,TY2131U,TRANSPARENT NAVY,1656,53,17,140,725125389785,,,79.54,239,1,,,t,2025-12-07 20:17:23.873,2025-12-07 20:17:23.873,t,f,999,FRAME
cmiw5z2p901rmitntbgr4xlqc,"",Tory Burch,,TY2132U,CLEAR TRANSPARENT,1821,53,16,140,725125397476,,,77.04,231,2,,,t,2025-12-07 20:17:24.334,2025-12-07 20:17:24.334,t,f,999,FRAME
cmiw5z32601rpitntx38xxvqn,"",Tory Burch,,TY2140U,BLUE TORT,1957,55,18,145,725125449700,,,72.81,218,0,,,t,2025-12-07 20:17:24.798,2025-12-07 20:17:24.798,t,f,999,FRAME
cmiw5z38n01rqitnt376azjgh,"",Tory Burch,,TY1083,SHINY ROSE GOLD,3340,54,17,140,725125449854,,,82.07,246,1,,,t,2025-12-07 20:17:25.032,2025-12-07 20:17:25.032,t,f,999,FRAME
cmiw5z3lh01rsitntkdt5wdne,"",Michael Kors,,MK3032 COCONUT GROVE,DARK RED,3949,51,19,140,725125449885,,,71.81,215,1,,,t,2025-12-07 20:17:25.493,2025-12-07 20:17:25.493,t,f,999,FRAME
cmiw5z3y501ruitnt9b4m6odg,"",Michael Kors,,MK4054,Dark Red,3949,54,20,140,,,,75.52,227,0,,,t,2025-12-07 20:17:25.949,2025-12-07 20:17:25.949,t,f,999,FRAME
cmiw5z44i01rvitnttussmlhg,"",Michael Kors,,MK3070 CRESTED BUTTE,ROSE GOLD,1108,55,17,140,725125402811,,,54.58,164,0,,,t,2025-12-07 20:17:26.179,2025-12-07 20:17:26.179,t,f,999,FRAME
cmiw5z4b001rwitntvzsvw334,"",Michael Kors,,MK4106U WESTPORT,CLEAR TRANSPARENT,3255,54,17,140,725125396240,,,69.9,210,0,,,t,2025-12-07 20:17:26.412,2025-12-07 20:17:26.412,t,f,999,FRAME
cmiw5z4he01rxitnt89e6yo1a,"",Michael Kors,,MK4102U AMAGANSETT,MILKY PINK,3449,53,16,140,725125395458,,,53.35,160,1,,,t,2025-12-07 20:17:26.643,2025-12-07 20:17:26.643,t,f,999,FRAME
cmiw5z4ua01rzitntgt3ql4pj,"",Eight to Eighty,,Magnolia,Demi Violet,,53,16,145,810040609091,,,79.95,80,0,,,t,2025-12-07 20:17:27.106,2025-12-07 20:17:27.106,t,f,999,FRAME
cmiw5z50s01s0itnte2nvu55i,"",Eight to Eighty,,Magnolia,Teal,,53,16,145,810040609107,,,79.95,80,0,,,t,2025-12-07 20:17:27.341,2025-12-07 20:17:27.341,t,f,999,FRAME
cmiw5z57f01s1itnt7gxcig0k,"",Affordable Designs,,Liam,Grey,,55,15,145,,,,79.95,80,1,,,t,2025-12-07 20:17:27.579,2025-12-07 20:17:27.579,t,f,999,FRAME
cmiw5z5k901s3itntibxtqpzu,"",Affordable Designs,,Liam,Black Matte,,55,15,145,,,,79.95,80,1,,,t,2025-12-07 20:17:28.041,2025-12-07 20:17:28.041,t,f,999,FRAME
cmiw5z5wr01s5itntd7junco6,"",Eight to Eighty,,Saylor,Peach,,52,17,145,810040609190,,,79.95,80,0,,,t,2025-12-07 20:17:28.492,2025-12-07 20:17:28.492,t,f,999,FRAME
cmiw5z63801s6itntxch8x5ep,"",Eight to Eighty,,Saylor,Crystal,,52,17,145,810040609176,,,79.95,80,1,,,t,2025-12-07 20:17:28.724,2025-12-07 20:17:28.724,t,f,999,FRAME
cmiw5z6g101s8itntgdkxga0c,"",Eight to Eighty,,Texas,GunMetal,,58,16,140,,,,79.95,100,0,,,t,2025-12-07 20:17:29.186,2025-12-07 20:17:29.186,t,f,999,FRAME
cmiw5z6mo01s9itntdfb7q7cv,"",Eight to Eighty,,Texas,Gold,,58,16,140,,,,79.95,100,0,,,t,2025-12-07 20:17:29.425,2025-12-07 20:17:29.425,t,f,999,FRAME
cmiw5z6t901saitntm5lehr2b,"",Eight to Eighty,,Thomas,Gunmetal,,54,19,145,810040609275,,,79.95,100,0,,,t,2025-12-07 20:17:29.661,2025-12-07 20:17:29.661,t,f,999,FRAME
cmiw5z76c01sbitntfngbsqno,"",Eight to Eighty,,Thomas,Blue,,54,19,145,810040609268,,,79.95,100,0,,,t,2025-12-07 20:17:30.133,2025-12-07 20:17:30.133,t,f,999,FRAME
cmiw5z7d601scitntenukeajx,"",Affordable Designs,,Larry,Gunmetal,,55,17,140,,,,79.95,80,0,,,t,2025-12-07 20:17:30.378,2025-12-07 20:17:30.378,t,f,999,FRAME
cmiw5z7k101sditntcmvev6tc,"",Affordable Designs,,Larry,Gold,,55,17,140,,,,79.95,80,1,,,t,2025-12-07 20:17:30.625,2025-12-07 20:17:30.625,t,f,999,FRAME
cmiw5z7xf01sfitntnq1oft9d,"",Affordable Designs,,Finn,Black Fade,,56,18,150,,,,79.95,85,1,,,t,2025-12-07 20:17:31.107,2025-12-07 20:17:31.107,t,f,999,FRAME
cmiw5z8ai01shitnt1qv2xf95,"",Affordable Designs,,Finn,Grey Fade,,56,18,150,,,,79.95,85,1,,,t,2025-12-07 20:17:31.578,2025-12-07 20:17:31.578,t,f,999,FRAME
cmiw5z8n801sjitntv6p375hi,"",Affordable Designs,,Penny,Grey,,55,17,145,407797020851,,,79.95,100,1,,,t,2025-12-07 20:17:32.036,2025-12-07 20:17:32.036,t,f,999,FRAME
cmiw5z8zx01slitnt3cuv4jzn,"",Affordable Designs,,Penny,Blue,,55,17,145,810040604522,,,79.95,100,0,,,t,2025-12-07 20:17:32.493,2025-12-07 20:17:32.493,t,f,999,FRAME
cmiw5z96f01smitnthiq1es8n,"",Affordable Designs,,Noelle,Blue,,46,17,130,812539038566,,,79.95,85,1,,,t,2025-12-07 20:17:32.727,2025-12-07 20:17:32.727,t,f,999,FRAME
cmiw5z9iv01soitntjm1vzg0z,"",Affordable Designs,,Noelle,Pink,,46,17,130,812539038559,,,79.95,85,0,,,t,2025-12-07 20:17:33.175,2025-12-07 20:17:33.175,t,f,999,FRAME
cmiw5z9pb01spitntfocnyw1t,"",Affordable Designs,,Noelle,Purple,,46,17,130,812539038573,,,79.95,85,0,,,t,2025-12-07 20:17:33.408,2025-12-07 20:17:33.408,t,f,999,FRAME
cmiw5z9vq01sqitntx028o2ys,"",Affordable Designs,,Paul,Brown Fade,,50,18,145,812539033462,,,79.95,80,0,,,t,2025-12-07 20:17:33.639,2025-12-07 20:17:33.639,t,f,999,FRAME
cmiw5za2601sritnt15wwp6y6,"",Affordable Designs,,Paul,Grey Fade,,50,18,145,,,,79.95,80,0,,,t,2025-12-07 20:17:33.87,2025-12-07 20:17:33.87,t,f,999,FRAME
cmiw5za8i01ssitntefap91u1,"",Affordable Designs,,Kia,Burgundy,,52,17,140,,,,79.95,100,1,,,t,2025-12-07 20:17:34.099,2025-12-07 20:17:34.099,t,f,999,FRAME
cmiw5zamj01suitnthsvi73bd,"",Affordable Designs,,Kia,Violet,,52,17,140,,,,79.95,100,1,,,t,2025-12-07 20:17:34.558,2025-12-07 20:17:34.558,t,f,999,FRAME
cmiw5zazb01switnt54svtv0s,"",Affordable Designs,,Karter,Gold,,50,16,130,810040600166,,,79.95,85,0,,,t,2025-12-07 20:17:35.063,2025-12-07 20:17:35.063,t,f,999,FRAME
cmiw5zb5g01sxitnty619t0ao,"",Affordable Designs,,Karter,Ligh Gun,,50,16,130,810040600173,,,79.95,85,1,,,t,2025-12-07 20:17:35.285,2025-12-07 20:17:35.285,t,f,999,FRAME
cmiw5zbij01szitnt5uiqsqxx,"",Affordable Designs,,Karter,Rose,,50,16,130,810040600159,,,79.95,85,1,,,t,2025-12-07 20:17:35.756,2025-12-07 20:17:35.756,t,f,999,FRAME
cmiw5zbvf01t1itntyb3amp0w,"",Affordable Designs,,Kent,Crystal,,52,19,145,810040600371,,,79.95,90,0,,,t,2025-12-07 20:17:36.22,2025-12-07 20:17:36.22,t,f,999,FRAME
cmiw5zc1r01t2itntcgkvtlt9,"",Affordable Designs,,Kent,Grey,,52,19,145,810040600388,,,79.95,90,1,,,t,2025-12-07 20:17:36.447,2025-12-07 20:17:36.447,t,f,999,FRAME
cmiw5zcep01t4itntbnrv6qb2,"",Affordable Designs,,Pam,BlackSilver,,52,17,140,,,,79.95,90,0,,,t,2025-12-07 20:17:36.913,2025-12-07 20:17:36.913,t,f,999,FRAME
cmiw5zckx01t5itntbkp48ws8,"",Affordable Designs,,Pam,Gold Tortoise,,52,17,140,,,,79.95,90,0,,,t,2025-12-07 20:17:37.138,2025-12-07 20:17:37.138,t,f,999,FRAME
cmiw5zcrd01t6itnt2kmwcoiu,"",Affordable Designs,,Gloria,Crystal Black,,56,16,140,407797021377,,,79.95,80,1,,,t,2025-12-07 20:17:37.37,2025-12-07 20:17:37.37,t,f,999,FRAME
cmiw5zd4301t8itnt2yzm127a,"",Affordable Designs,,Gloria,Blue,,56,16,140,407797021384,,,79.95,80,1,,,t,2025-12-07 20:17:37.828,2025-12-07 20:17:37.828,t,f,999,FRAME
cmiw5zdgx01taitntgjc2ar6m,"",Affordable Designs,,Quinn,Blue,,50,18,140,,,,79.95,80,0,,,t,2025-12-07 20:17:38.29,2025-12-07 20:17:38.29,t,f,999,FRAME
cmiw5zdn801tbitntpdjj31b0,"",Affordable Designs,,Quinn,Crystal,,50,18,140,,,,79.95,80,1,,,t,2025-12-07 20:17:38.516,2025-12-07 20:17:38.516,t,f,999,FRAME
cmiw5ze1b01tditnt190t1kd1,"",Affordable Designs,,Quinn,Red,,50,18,140,,,,79.95,80,0,,,t,2025-12-07 20:17:39.023,2025-12-07 20:17:39.023,t,f,999,FRAME
cmiw5ze7i01teitntmx81o1uz,"",Affordable Designs,,Shelli,Peach,,54,17,140,810040600210,,,79.95,80,1,,,t,2025-12-07 20:17:39.247,2025-12-07 20:17:39.247,t,f,999,FRAME
cmiw5zek901tgitntt4u3gma8,"",Affordable Designs,,Shelli,Rose,,54,17,140,810040600227,,,79.95,80,2,,,t,2025-12-07 20:17:39.706,2025-12-07 20:17:39.706,t,f,999,FRAME
cmiw5zewy01tjitnt0ob1ckpx,"",Affordable Designs,,Rhoda,Blue,,54,16,145,,,,79.95,80,0,,,t,2025-12-07 20:17:40.162,2025-12-07 20:17:40.162,t,f,999,FRAME
cmiw5zf3g01tkitntiq7r6dxf,"",Affordable Designs,,Rhoda,Plum,,54,16,145,,,,79.95,80,0,,,t,2025-12-07 20:17:40.396,2025-12-07 20:17:40.396,t,f,999,FRAME
cmiw5zf9p01tlitnteooee53y,"",Affordable Designs,,Fergie,Black,,54,17,140,407797022282,,,79.95,100,0,,,t,2025-12-07 20:17:40.621,2025-12-07 20:17:40.621,t,f,999,FRAME
cmiw5zfg601tmitntgnjgvxld,"",Affordable Designs,,Fergie,Brown,,54,17,140,407797022299,,,79.95,100,0,,,t,2025-12-07 20:17:40.855,2025-12-07 20:17:40.855,t,f,999,FRAME
cmiw5zfmh01tnitntkrllw64y,"",Affordable Designs,,Executive,Brown,,58,18,150,,,,79.95,80,0,,,t,2025-12-07 20:17:41.082,2025-12-07 20:17:41.082,t,f,999,FRAME
cmiw5zfss01toitnt1xpa5tr5,"",Affordable Designs,,Executive,Black,,58,18,150,812539032137,,,79.95,80,0,,,t,2025-12-07 20:17:41.309,2025-12-07 20:17:41.309,t,f,999,FRAME
cmiw5zfzd01tpitnt9q9hh8n7,"",Affordable Designs,,Eleanor,Black,,55,17,145,407797021407,,,79.95,100,0,,,t,2025-12-07 20:17:41.546,2025-12-07 20:17:41.546,t,f,999,FRAME
cmiw5zg5s01tqitntnze8gm04,"",Affordable Designs,,Eleanor,Brown,,55,17,145,407797021414,,,79.95,100,0,,,t,2025-12-07 20:17:41.776,2025-12-07 20:17:41.776,t,f,999,FRAME
cmiw5zgc201tritntqq1bfego,"",Affordable Designs,,Dodge,Black,,53,18,140,,,,49.99,65,0,,,t,2025-12-07 20:17:42.002,2025-12-07 20:17:42.002,t,f,999,FRAME
cmiw5zgie01tsitnt6vqmxnc3,"",Affordable Designs,,Dodge,Gunmetal,,53,18,140,,,,49.99,65,0,,,t,2025-12-07 20:17:42.231,2025-12-07 20:17:42.231,t,f,999,FRAME
cmiw5zgoq01ttitntkmt91ppo,"",Eight to Eighty,,Jess,Crystal Beige,,54,16,140,810040600609,,,79.95,80,0,,,t,2025-12-07 20:17:42.459,2025-12-07 20:17:42.459,t,f,999,FRAME
cmiw5zgv701tuitntey3z0i5w,"",Eight to Eighty,,Jess,Tortoise,,54,16,140,810040600616,,,79.95,80,0,,,t,2025-12-07 20:17:42.691,2025-12-07 20:17:42.691,t,f,999,FRAME
cmiw5zh1f01tvitntj53rse9p,"",Costa Optical,,Rincondo,Black,,61,12,140,,,,106,213,1,,,t,2025-12-07 20:17:42.915,2025-12-07 20:17:42.915,t,f,999,FRAME
cmiw5zhdz01txitntzh28ogow,"",Eight to Eighty,,Little Bit,Red/Navy,,42,14,115,,,,29.99,120,0,,,t,2025-12-07 20:17:43.367,2025-12-07 20:17:43.367,t,f,999,FRAME
cmiw5zhkc01tyitntrl6e7i6z,"",Affordable Designs,,William,Black/Grey,,58,18,150,,,,79.95,100,0,,,t,2025-12-07 20:17:43.596,2025-12-07 20:17:43.596,t,f,999,FRAME
cmiw5zhqw01tzitntsb3427b1,"",Affordable Designs,,William,Tortoise/Brn,,58,18,150,,,,79.95,100,1,,,t,2025-12-07 20:17:43.832,2025-12-07 20:17:43.832,t,f,999,FRAME
cmiw5zi3h01u1itnttpb96pg4,"",Eight to Eighty,,Archie,Red,,48,16,135,,,,79.95,90,1,,,t,2025-12-07 20:17:44.286,2025-12-07 20:17:44.286,t,f,999,FRAME
cmiw5zigc01u3itnthaudd00y,"",Eight to Eighty,,Archie,Grey,,48,16,135,,,,79.95,90,0,,,t,2025-12-07 20:17:44.749,2025-12-07 20:17:44.749,t,f,999,FRAME
cmiw5zimr01u4itnt8hmhnmij,"",Eight to Eighty,,Archie,Blue,,48,16,135,,,,79.95,90,1,,,t,2025-12-07 20:17:44.979,2025-12-07 20:17:44.979,t,f,999,FRAME
cmiw5zizf01u6itntf5z2i1en,"",Eight to Eighty,,Isabella,Fuchsia,,44,15,130,812539035428,,,79.95,90,0,,,t,2025-12-07 20:17:45.435,2025-12-07 20:17:45.435,t,f,999,FRAME
cmiw5zj5u01u7itntfw54perq,"",Eight to Eighty,,Isabella,Blue,,44,15,130,,,,79.95,90,1,,,t,2025-12-07 20:17:45.666,2025-12-07 20:17:45.666,t,f,999,FRAME
cmiw5zjin01u9itntoewjey4c,"",Eight to Eighty,,Isabella,Pink,,44,15,130,,,,79.95,90,0,,,t,2025-12-07 20:17:46.128,2025-12-07 20:17:46.128,t,f,999,FRAME
cmiw5zjpa01uaitnterj5fbd9,"",Eight to Eighty,,Baby Girl,Grey,,51,17,140,407797020998,,,79.95,80,0,,,t,2025-12-07 20:17:46.366,2025-12-07 20:17:46.366,t,f,999,FRAME
cmiw5zjvg01ubitnteglfbfnt,"",Affordable Designs,,Memphis,Pink,,54,16,145,,,,79.95,100,0,,,t,2025-12-07 20:17:46.588,2025-12-07 20:17:46.588,t,f,999,FRAME
cmiw5zk1p01ucitnt00l7ckhd,"",Affordable Designs,,Memphis,Grey,,54,16,145,,,,79.95,100,1,,,t,2025-12-07 20:17:46.813,2025-12-07 20:17:46.813,t,f,999,FRAME
cmiw5zkee01ueitnt00svuuyu,"",Affordable Designs,,Marge,Brown,,53,18,138,,,,79.95,100,2,,,t,2025-12-07 20:17:47.271,2025-12-07 20:17:47.271,t,f,999,FRAME
cmiw5zkr901uhitntm3m90j1n,"",Affordable Designs,,Marge,Gold,,53,18,138,,,,79.95,100,1,,,t,2025-12-07 20:17:47.734,2025-12-07 20:17:47.734,t,f,999,FRAME
cmiw5zl4801ujitnt2088lsph,"",Affordable Designs,,Moira,Gold,,53,17,140,810040605086,,,69.95,95,1,,,t,2025-12-07 20:17:48.2,2025-12-07 20:17:48.2,t,f,999,FRAME
cmiw5zlhz01ulitnt3wg0yb6g,"",Affordable Designs,,Moira,Blue,,53,17,140,810040605109,,,69.95,95,1,,,t,2025-12-07 20:17:48.695,2025-12-07 20:17:48.695,t,f,999,FRAME
cmiw5zluu01unitntpddhjxg9,"",Affordable Designs,,Monty,Black,,58,18,150,,,,79.95,80,1,,,t,2025-12-07 20:17:49.158,2025-12-07 20:17:49.158,t,f,999,FRAME
cmiw5zm8z01upitnty2up6juu,"",Affordable Designs,,Monty,Navy,,58,18,150,,,,79.95,80,1,,,t,2025-12-07 20:17:49.622,2025-12-07 20:17:49.622,t,f,999,FRAME
cmiw5zmlt01uritntofatvh6d,"",Eight to Eighty,,Margo,Brown,,56,16,140,810040600722,,,79.95,85,0,,,t,2025-12-07 20:17:50.13,2025-12-07 20:17:50.13,t,f,999,FRAME
cmiw5zmtc01usitnt35rahzwm,"",Eight to Eighty,,Margo,Navy,,56,16,140,810040600739,,,79.95,85,0,,,t,2025-12-07 20:17:50.4,2025-12-07 20:17:50.4,t,f,999,FRAME
cmiw5zn1201utitntrdem87xz,"",Eight to Eighty,,Millie,Demi Blue,,52,17,145,812539030799,,,79.95,85,0,,,t,2025-12-07 20:17:50.679,2025-12-07 20:17:50.679,t,f,999,FRAME
cmiw5znbn01uuitntjgefix61,"",Eight to Eighty,,Millie,Demi Gray,,52,17,145,812539030805,,,79.95,85,1,,,t,2025-12-07 20:17:51.06,2025-12-07 20:17:51.06,t,f,999,FRAME
cmiw5znx501uwitntb48e8q4d,"",Eight to Eighty,,Maverick,Crystal,,58,16,150,810040603297,,,79.95,85,1,,,t,2025-12-07 20:17:51.834,2025-12-07 20:17:51.834,t,f,999,FRAME
cmiw5zowh01uyitntk6psok0f,"",Eight to Eighty,,Maverick,Denim,,58,16,150,810040603280,,,79.95,85,0,,,t,2025-12-07 20:17:53.105,2025-12-07 20:17:53.105,t,f,999,FRAME
cmiw5zpm401uzitntpe4xhmkn,"",Eight to Eighty,,Annie,Brown,,52,18,140,810040608674,,,79.95,120,1,,,t,2025-12-07 20:17:54.028,2025-12-07 20:17:54.028,t,f,999,FRAME
cmiw5zqtp01v1itnt7k3g5io4,"",Affordable Designs,,Bambi,Crystal Pink,,50,17,135,,,,79.95,80,0,,,t,2025-12-07 20:17:55.597,2025-12-07 20:17:55.597,t,f,999,FRAME
cmiw5zra201v2itntnui3v96u,"",Affordable Designs,,Bambi,Tortoise Red,,50,17,135,,,,79.95,80,1,,,t,2025-12-07 20:17:56.187,2025-12-07 20:17:56.187,t,f,999,FRAME
cmiw5zs9t01v4itntvzdix7sq,"",Affordable Designs,,Bambi,Black Plum,,50,17,135,,,,79.95,80,0,,,t,2025-12-07 20:17:57.473,2025-12-07 20:17:57.473,t,f,999,FRAME
cmiw5zsz301v5itntr0qtziev,"",Michael Kors,,MK4110U AVILA,CLEAR TRANSPARENT,3957,53,17,140,725125403313,,,53.35,160,0,,,t,2025-12-07 20:17:58.384,2025-12-07 20:17:58.384,t,f,999,FRAME
cmiw5ztso01v6itntmt1dabof,"",Michael Kors,,MK4115U CASTELLO,BLACK/AMBER TORTOISE,3950,54,17,140,725125405690,,,64.84,195,2,,,t,2025-12-07 20:17:59.449,2025-12-07 20:17:59.449,t,f,999,FRAME
cmiw5zuf801v9itntv0ite1mg,"",Tory Burch,,TY2139U,DARK GREEN,1959,53,17,145,725125449717,,,72.81,218,0,,,t,2025-12-07 20:18:00.261,2025-12-07 20:18:00.261,t,f,999,FRAME
cmiw5zunn01vaitnt8xbex2xy,"",Michael Kors,,MK3071 AVIGNON,ROSE GOLD,1108,54,17,140,725125402866,,,54.58,164,0,,,t,2025-12-07 20:18:00.563,2025-12-07 20:18:00.563,t,f,999,FRAME
cmiw5zuxr01vbitnt1lmitbz3,"",Oakley Youth,,OY8025D KICK OVER,SATIN BLACK,802501,52,15,131,888392590053,,,48.71,146,0,,,t,2025-12-07 20:18:00.927,2025-12-07 20:18:00.927,t,f,999,FRAME
cmiw5zv6101vcitnt68xrik4d,"",Ray-Ban Rx,,RX5417,HAVANA ON TRASPARENT,5082,52,19,145,8056597826952,,,83,249,0,,,t,2025-12-07 20:18:01.226,2025-12-07 20:18:01.226,t,f,999,FRAME
cmiw5zvcl01vditntn8r085lm,"",Ray-Ban Rx,,RX6511,BLACK ON SILVER,2861,55,19,145,8056597937900,,,83.88,252,0,,,t,2025-12-07 20:18:01.461,2025-12-07 20:18:01.461,t,f,999,FRAME
cmiw5zvj901veitntz22yh2s0,"",Michael Kors,,MK4112 POLANCO,BLACK,3005,54,16,140,725125403436,,,58.27,175,1,,,t,2025-12-07 20:18:01.701,2025-12-07 20:18:01.701,t,f,999,FRAME
cmiw5zvwd01vgitntdc5isxnb,"",Michael Kors,,MK4114 PUNTA MITA,BLUE TORTOISE,3952,53,16,135,725125405768,,,64.84,195,2,,,t,2025-12-07 20:18:02.173,2025-12-07 20:18:02.173,t,f,999,FRAME
cmiw5zw9601viitntgdkb4et4,"",Michael Kors,,MK5007,ROSE GOLD WHITE,104525,59,14,135,,,,69.46,238,0,,,t,2025-12-07 20:18:02.635,2025-12-07 20:18:02.635,t,f,999,FRAME
cmiw5zwg901vjitntxy06n9er,"",Tory Burch,,TY1084,BLUSH,3340,53,17,140,725125439626,,,82.07,246,0,,,t,2025-12-07 20:18:02.89,2025-12-07 20:18:02.89,t,f,999,FRAME
cmiw5zwpq01vkitntafx3zg93,"",Michael Kors,,MK4109U WESTMINSTER,GREEN TRANSPARENT,3944,54,16,140,725125403184,,,53.35,160,1,,,t,2025-12-07 20:18:03.231,2025-12-07 20:18:03.231,t,f,999,FRAME
cmiw5zx6a01vmitntyji0ae1z,"",Michael Kors,,MK3075D JAIPUR,LIGHT GOLD,1014,55,17,145,725125403108,,,54.58,164,1,,,t,2025-12-07 20:18:03.827,2025-12-07 20:18:03.827,t,f,999,FRAME
cmiw5zxn501voitnty01us0uk,"",Georgio Armani,,AR7249,TRANSPARENT GREY,6036,57,17,145,8056597942393,,,139.74,419,0,,,t,2025-12-07 20:18:04.434,2025-12-07 20:18:04.434,t,f,999,FRAME
cmiw5zxwl01vpitnt5rjnfrut,"",Georgio Armani,,AR7250,TRASPARENT BLUE,6035,53,18,145,8056597942584,,,139.74,200,0,,,t,2025-12-07 20:18:04.718,2025-12-07 20:18:04.718,t,f,999,FRAME
cmiw5zy4f01vqitntkyatze7c,"",Georgio Armani,,AR7216,TRANSPARENT CRYSTAL,5893,52,20,145,8056597853637,,,129.39,388,0,,,t,2025-12-07 20:18:05.055,2025-12-07 20:18:05.055,t,f,999,FRAME
cmiw5zydq01vritnthwso13lc,"",Georgio Armani,,AR5108,MATTE BLACK,3001,59,19,150,8056597337700,,,98.34,295,0,,,t,2025-12-07 20:18:05.391,2025-12-07 20:18:05.391,t,f,999,FRAME
cmiw5zymb01vsitntud4n2rn9,"",Georgio Armani,,AR7202,TRASPARENT BLUE,6003,53,19,145,8056597974707,,,108.69,326,0,,,t,2025-12-07 20:18:05.699,2025-12-07 20:18:05.699,t,f,999,FRAME
cmiw5zyuo01vtitnt4vw85vji,"",Michael Kors,,MK4113 GARGANO,BLACK,3005,55,16,140,725125403412,,,58.27,175,1,,,t,2025-12-07 20:18:06,2025-12-07 20:18:06,t,f,999,FRAME
cmiw5zz7b01vvitnt1a94nawx,"",Michael Kors,,MK4058 CARACAS,BURGUNDY CRYSTAL INJECTE,3502,54,17,135,725125000406,,,56.22,169,0,,,t,2025-12-07 20:18:06.456,2025-12-07 20:18:06.456,t,f,999,FRAME
cmiw5zzdn01vwitnte357unqa,"",Georgio Armani,,AR5010,MATTE BLACK,3001,54,18,140,8053672122268,,,119.05,357,0,,,t,2025-12-07 20:18:06.683,2025-12-07 20:18:06.683,t,f,999,FRAME
cmiw5zzjx01vxitntb0o3ip2t,"",Oakley,,OO9231,Black,,61,16,129,,,,68,204,0,,,t,2025-12-07 20:18:06.909,2025-12-07 20:18:06.909,t,f,999,FRAME
cmiw5zzr101vyitntcpi175nk,"",Costa,,06S4006,Silver/White,,56,14,126,,,,192,192,1,,,t,2025-12-07 20:18:07.165,2025-12-07 20:18:07.165,t,f,999,FRAME
cmiw6005l01w0itntm9xazjat,"",Oakley Frame,,OX5113 LIZARD,Pewter,511302,54,18,135,888392071842,,,125.69,377,0,,,t,2025-12-07 20:18:07.689,2025-12-07 20:18:07.689,t,f,999,FRAME
cmiw600eb01w1itntvluuu2o1,"",Ray-Ban Rx,,RX6335,Black,2503,56,17,145,8053672402087,,,83,249,1,,,t,2025-12-07 20:18:08.004,2025-12-07 20:18:08.004,t,f,999,FRAME
cmiw600vd01w3itntjvf1l73k,"",Tom Ford,,FT5514,Dark Havana,052,54,15,140,664689942688,,,150,450,0,,,t,2025-12-07 20:18:08.618,2025-12-07 20:18:08.618,t,f,999,FRAME
cmiw6015401w4itntn55czhhb,"",Guess?,,GU2687,Shiny Rose Gold,028,53,17,135,664689953561,,,87,261,0,,,t,2025-12-07 20:18:08.968,2025-12-07 20:18:08.968,t,f,999,FRAME
cmiw601fk01w5itntoj21x7rg,"",Tory Burch,,TY1075,TRANSPARENT CLEAR,3335,51,22,140,725125389679,,,82.07,246,0,,,t,2025-12-07 20:18:09.345,2025-12-07 20:18:09.345,t,f,999,FRAME
cmiw601qm01w6itntk43nl7sm,"",Georgio Armani,,AR 112MJ,BROWN HAVANA/MATTE GUNME,3003,49,22,145,8056597352567,,,139.74,349,0,,,t,2025-12-07 20:18:09.742,2025-12-07 20:18:09.742,t,f,999,FRAME
cmiw6025f01w7itnt9wdu77y1,"",Georgio Armani,,AR7248,HAVANA RED/OPALE OLIVE G,5988,50,22,145,8056597942171,,,170.79,295,0,,,t,2025-12-07 20:18:10.275,2025-12-07 20:18:10.275,t,f,999,FRAME
cmiw602e601w8itntg7ec86ub,"",marciano,,GM733,PINK TORT,74F,55,16,135,,,,74,100,0,,,t,2025-12-07 20:18:10.59,2025-12-07 20:18:10.59,t,f,999,FRAME
cmiw602mj01w9itntrsdwhxkx,"",Guess?,,GM0399,blue/other,092,54,16,140,889214456373,,,87,261,1,,,t,2025-12-07 20:18:10.891,2025-12-07 20:18:10.891,t,f,999,FRAME
cmiw602zf01wbitnthk675cco,"",Guess?,,GM50001,shiny black,001,56,16,145,889214490919,,,90,270,1,,,t,2025-12-07 20:18:11.355,2025-12-07 20:18:11.355,t,f,999,FRAME
cmiw603cj01wditntvr3djx0e,"",Polo,,PH1219,SHINY NEW PORT NAVY,9273,56,17,150,8056597839853,,,69.55,209,1,,,t,2025-12-07 20:18:11.828,2025-12-07 20:18:11.828,t,f,999,FRAME
cmiw603p801wfitnt10v1wnly,"",Polo,,PH1220,SHINY BLACK,9223,54,17,150,8056597837224,,,62.37,187,0,,,t,2025-12-07 20:18:12.284,2025-12-07 20:18:12.284,t,f,999,FRAME
cmiw603vk01wgitntve7ddgbj,"",Polo,,PH1220,SHINY DARK BROWN,9013,54,17,150,8056597837200,,,62.37,187,0,,,t,2025-12-07 20:18:12.512,2025-12-07 20:18:12.512,t,f,999,FRAME
cmiw6041v01whitnttka3g432,"",Polo,,PH1215,SHINY BLUE + GUN METAL,9273,56,17,150,8056597731157,,,75.39,226,0,,,t,2025-12-07 20:18:12.74,2025-12-07 20:18:12.74,t,f,999,FRAME
cmiw6048c01wiitntz52kur1j,"",Polo,,PH1216,SEMISHINY PALE GOLD,9211,55,18,145,8056597721028,,,72.78,218,0,,,t,2025-12-07 20:18:12.973,2025-12-07 20:18:12.973,t,f,999,FRAME
cmiw604ej01wjitntboby0fm8,"",Polo,,PH1223,SEMISHINY SILVER,9316,57,19,145,8056597915489,,,67.58,203,1,,,t,2025-12-07 20:18:13.195,2025-12-07 20:18:13.195,t,f,999,FRAME
cmiw604s101wlitntebf4h6gy,"",Polo,,PH1164,Matte Dark Gunmetal,9157,56,17,145,8053672599824,,,69.71,209,0,,,t,2025-12-07 20:18:13.681,2025-12-07 20:18:13.681,t,f,999,FRAME
cmiw604yh01wmitntmsdg3vgo,"",Polo,,PH1164,Matte Black,9038,56,17,145,8053672599800,,,69.71,209,3,,,t,2025-12-07 20:18:13.914,2025-12-07 20:18:13.914,t,f,999,FRAME
cmiw605bq01wpitntm4y5t1qv,"",Polo,,PH1219,SEMISHINY BLACK,9325,56,17,150,8056597839877,,,69.55,209,1,,,t,2025-12-07 20:18:14.39,2025-12-07 20:18:14.39,t,f,999,FRAME
cmiw605on01writnthgatr6sm,"",Polo,,PH2223,TRANSPARENT GREY,5111,58,17,150,8056597812597,,,75.39,226,1,,,t,2025-12-07 20:18:14.855,2025-12-07 20:18:14.855,t,f,999,FRAME
cmiw6061c01wtitntkvihz3sc,"",Polo,,PH2212,MATTE TRASPARENT GREY,5763,55,19,145,8056597105545,,,69.55,209,0,,,t,2025-12-07 20:18:15.312,2025-12-07 20:18:15.312,t,f,999,FRAME
cmiw6067x01wuitnt5escf2fz,"",Polo,,PH2269,SHINY CRYSTAL,5331,53,18,145,8056597912778,,,77.98,234,0,,,t,2025-12-07 20:18:15.549,2025-12-07 20:18:15.549,t,f,999,FRAME
cmiw606ek01wvitntdnpjdq3r,"",Versace,,VE3338,BLACK,GB1,52,18,140,8056597831444,,,124.77,374,0,,,t,2025-12-07 20:18:15.788,2025-12-07 20:18:15.788,t,f,999,FRAME
cmiw606l001wwitntslendfin,"",Polo,,PH1217,BRUSHED SILVER,9423,50,19,145,8056597839082,,,82.14,246,0,,,t,2025-12-07 20:18:16.02,2025-12-07 20:18:16.02,t,f,999,FRAME
cmiw606ru01wxitnt7kie60ey,"",Polo,,PH1215,SHINY BLACK + GUN METAL,9003,56,17,150,8056597731119,,,75.39,226,0,,,t,2025-12-07 20:18:16.266,2025-12-07 20:18:16.266,t,f,999,FRAME
cmiw606y801wyitntasszffai,"",Oakley Frame,,OX3173,MATTE BLACK,317301,52,17,139,700285854809,,,90.7,272,1,,,t,2025-12-07 20:18:16.496,2025-12-07 20:18:16.496,t,f,999,FRAME
cmiw607ax01x0itntjhlf1uwc,"",Oakley Frame,,OX8145D INGRESS,SATIN BLACK,814501,56,18,144,888392613516,,,84.82,254,1,,,t,2025-12-07 20:18:16.953,2025-12-07 20:18:16.953,t,f,999,FRAME
cmiw607o701x2itntfr8dk64d,"",Oakley Frame,,OX8056 ADMISSION,MATTE CLEAR SPACEDUST,805606,54,17,139,888392609250,,,66.18,199,1,,,t,2025-12-07 20:18:17.431,2025-12-07 20:18:17.431,t,f,999,FRAME
cmiw6081n01x4itnt4s221xbh,"",Oakley Frame,,OX8137A FROGSKINS RX A,MATTE BLACK CAMO,813704,55,17,138,888392600479,,,64.23,193,0,,,t,2025-12-07 20:18:17.916,2025-12-07 20:18:17.916,t,f,999,FRAME
cmiw6088201x5itntoih0susn,"",Oakley,,OO4142,Satin Chrome,,58,16,139,,,,105,315,0,,,t,2025-12-07 20:18:18.146,2025-12-07 20:18:18.146,t,f,999,FRAME
cmiw608ec01x6itntofl3xand,"",Versace,,VE2236,Gold,,59,14,145,,,,132.14,396,0,,,t,2025-12-07 20:18:18.372,2025-12-07 20:18:18.372,t,f,999,FRAME
cmiw608kw01x7itntxkjsrf94,"",Versace,,VE4442,BLACK W/DARK GREY,GB,55,20,140,,,,132.14,396,0,,,t,2025-12-07 20:18:18.609,2025-12-07 20:18:18.609,t,f,999,FRAME
cmiw608r401x8itntpndvowaf,"",Oakley Frame,,OX8028 NXTLVL,TRANS BALSAM,802808,56,17,123,888392609205,,,85.8,257,1,,,t,2025-12-07 20:18:18.833,2025-12-07 20:18:18.833,t,f,999,FRAME
cmiw6094101xaitntw69epz6l,"",Oakley Frame,,OX8060 OVERHEAD,POLISHED TRANS JADE,806005,57,16,138,888392609359,,,67.98,204,0,,,t,2025-12-07 20:18:19.297,2025-12-07 20:18:19.297,t,f,999,FRAME
cmiw609af01xbitnt5d7ijgmj,"",Oakley Frame,,OX8178 RAFTER,SATIN BLACK,817801,57,18,142,888392612830,,,68,204,1,,,t,2025-12-07 20:18:19.527,2025-12-07 20:18:19.527,t,f,999,FRAME
cmiw609op01xditntpsy74ydy,"",Tory Burch,,TY2049,DARK TORTOISE,1728,53,17,135,725125016223,,,90.48,271,1,,,t,2025-12-07 20:18:19.998,2025-12-07 20:18:19.998,t,f,999,FRAME
cmiw60a1q01xfitnt082eqkui,"",Tory Burch,,TY2107,BLUE PEARL TORTOISE,1876,52,15,140,725125373890,,,86.28,259,0,,,t,2025-12-07 20:18:20.511,2025-12-07 20:18:20.511,t,f,999,FRAME
cmiw60a8401xgitnt7hq43nu9,"",Tory Burch,,TY2137U,TRANSPARENT PINOT,1952,53,18,140,725125449793,,,84.44,253,0,,,t,2025-12-07 20:18:20.741,2025-12-07 20:18:20.741,t,f,999,FRAME
cmiw60aer01xhitntae1oodt6,"",Tory Burch,,TY2138U,GRADIENT BURGUNDY,1946,53,17,140,725125437196,,,75.75,239,1,,,t,2025-12-07 20:18:20.979,2025-12-07 20:18:20.979,t,f,999,FRAME
cmiw60as601xjitntx9m128nd,"",Tory Burch,,TY2136U,BLACK,1709,54,16,140,725125439466,,,79.54,239,0,,,t,2025-12-07 20:18:21.463,2025-12-07 20:18:21.463,t,f,999,FRAME
cmiw60ayr01xkitntor0u1ubn,"",Michael Kors,,MK4114 PUNTA MITA,PINK PEARLIZED TORTOISE,3946,53,16,135,725125404365,,,64.84,195,0,,,t,2025-12-07 20:18:21.699,2025-12-07 20:18:21.699,t,f,999,FRAME
cmiw60b5d01xlitntmffpovsh,"",Tory Burch,,TY1080,ROSE GOLD,3340,53,18,140,725125397841,,,82.07,246,1,,,t,2025-12-07 20:18:21.938,2025-12-07 20:18:21.938,t,f,999,FRAME
cmiw60bic01xnitntrjzu56l1,"",Tory Burch,,TY2135U,BLUE TORT,1904,52,19,140,725125460514,,,79.54,227,0,,,t,2025-12-07 20:18:22.404,2025-12-07 20:18:22.404,t,f,999,FRAME
cmiw60bok01xoitntze9a6f2l,"",Tory Burch,,TY2132U,TRANSPARENT BEIGE,1983,51,16,140,725125461269,,,77.04,231,1,,,t,2025-12-07 20:18:22.629,2025-12-07 20:18:22.629,t,f,999,FRAME
cmiw60c1301xqitntx8svi9oc,"",Ray-Ban Rx,,RX8903,Matte Trasparent Grey,5244,53,18,145,8053672667738,,,109.09,327,1,,,t,2025-12-07 20:18:23.079,2025-12-07 20:18:23.079,t,f,999,FRAME
cmiw60cdl01xsitnt6o13kicd,"",Ray-Ban Rx,,RX7230,SAND BLUE,5207,52,19,145,8056597938303,,,88.67,266,0,,,t,2025-12-07 20:18:23.53,2025-12-07 20:18:23.53,t,f,999,FRAME
cmiw60ck901xtitnth1o0khlz,"",Ray-Ban Rx,,RX8908,TRANSPARENT GREY,8061,55,18,145,8056597624619,,,109.09,327,0,,,t,2025-12-07 20:18:23.77,2025-12-07 20:18:23.77,t,f,999,FRAME
cmiw60cqj01xuitntam8si3kl,"",Ray-Ban Rx,,RX6363,SILVER TOP ON BLACK,2861,54,18,145,8053672602531,,,83,249,0,,,t,2025-12-07 20:18:23.996,2025-12-07 20:18:23.996,t,f,999,FRAME
cmiw60cwv01xvitntfz13lbca,"",Polo,,PH2268,SHINY DARK HAVANA,5003,51,20,145,8056597912280,,,77.98,234,0,,,t,2025-12-07 20:18:24.224,2025-12-07 20:18:24.224,t,f,999,FRAME
cmiw60d3401xwitntlpzeuhrl,"",Polo,,PH2257U,SHINY NAVY BLUE,5620,55,16,145,8056597735117,,,69.55,209,0,,,t,2025-12-07 20:18:24.448,2025-12-07 20:18:24.448,t,f,999,FRAME
cmiw60d9f01xxitntulmfmt9s,"",Polo,,PH2257U,SHINY TRANSPARENT GREY,5407,55,16,145,8056597735087,,,69.55,209,0,,,t,2025-12-07 20:18:24.676,2025-12-07 20:18:24.676,t,f,999,FRAME
cmiw60dfo01xyitnto535tvwt,"",Polo,,PH2272,SHINY LIGHT BROWN STRIPE,6138,52,21,145,8056597916271,,,83.18,250,0,,,t,2025-12-07 20:18:24.901,2025-12-07 20:18:24.901,t,f,999,FRAME
cmiw60dm201xzitntki80m8c0,"",Polo,,PH2272,SHINY STRIPED BLUE HAVAN,6139,52,21,145,8056597916295,,,83.18,250,0,,,t,2025-12-07 20:18:25.131,2025-12-07 20:18:25.131,t,f,999,FRAME
cmiw60dsh01y0itntnbpro95c,"",Michael Kors,,MK4111U BERNAL,CLEAR TRANSPARENT,3957,54,16,140,725125403399,,,53.35,160,1,,,t,2025-12-07 20:18:25.361,2025-12-07 20:18:25.361,t,f,999,FRAME
cmiw60e5k01y2itntojjpvkfb,"",Tory Burch,,TY2133U,BLACK,1709,51,18,140,725125397490,,,72.81,218,0,,,t,2025-12-07 20:18:25.833,2025-12-07 20:18:25.833,t,f,999,FRAME
cmiw60edr01y3itnt7xohjuns,"",Versace,,VE1285,BLACK,1443,58,17,150,8056597943451,,,99.82,299,0,,,t,2025-12-07 20:18:26.128,2025-12-07 20:18:26.128,t,f,999,FRAME
cmiw60ek701y4itntd8blkskv,"",Michael Kors,,MK4106U WESTPORT,DARK TORTOISE,3006,54,17,140,725125396233,,,69.9,210,1,,,t,2025-12-07 20:18:26.36,2025-12-07 20:18:26.36,t,f,999,FRAME
cmiw60ewu01y6itnt7s4e9oxs,"",Michael Kors,,MK4102U AMAGANSETT,BLACK,3005,53,16,140,725125395410,,,53.35,160,0,,,t,2025-12-07 20:18:26.814,2025-12-07 20:18:26.814,t,f,999,FRAME
cmiw60f3401y7itntf296fkni,"",Polo,,PH2271U,SHINY TRANSPARENT BLUE,5698,53,18,145,8056597913294,,,67.58,203,0,,,t,2025-12-07 20:18:27.041,2025-12-07 20:18:27.041,t,f,999,FRAME
cmiw60f9g01y8itnt0luz6hp9,"",Tory Burch,,TY2084,CRYSTAL TORT,1560,52,17,140,725125461160,,,84.44,253,0,,,t,2025-12-07 20:18:27.268,2025-12-07 20:18:27.268,t,f,999,FRAME
cmiw60ffr01y9itntf5741z2b,"",Versace,,VE4307,GB1/87,,58,17,145,,,,115,345,1,,,t,2025-12-07 20:18:27.496,2025-12-07 20:18:27.496,t,f,999,FRAME
cmiw60fsh01ybitntvf8u3efg,"",Oakley,,OO4143,0658,,58,16,136,,,,117,351,0,,,t,2025-12-07 20:18:27.954,2025-12-07 20:18:27.954,t,f,999,FRAME
cmiw60fyv01ycitntj58hvioj,"",Polo,,PH1222,SEMISHINY SILVER,9316,56,18,145,8056597913409,,,80.8,242,0,,,t,2025-12-07 20:18:28.183,2025-12-07 20:18:28.183,t,f,999,FRAME
cmiw60g5a01yditnt5elinex2,"",Polo,,PH1224,SEMISHINY PALE GOLD,9211,54,19,145,8056597912839,,,67.58,203,0,,,t,2025-12-07 20:18:28.414,2025-12-07 20:18:28.414,t,f,999,FRAME
cmiw60gc201yeitntoon3105e,"",Tory Burch,,TY1077,SHINY ROSE GOLD / BLUSH,3340,53,17,140,725125389938,,,82.07,246,1,,,t,2025-12-07 20:18:28.659,2025-12-07 20:18:28.659,t,f,999,FRAME
cmiw60gpm01ygitntq3s300qx,"",Tory Burch,,TY2110U,BLACK TORTOISE,1824,53,17,140,725125180092,,,75.75,227,1,,,t,2025-12-07 20:18:29.146,2025-12-07 20:18:29.146,t,f,999,FRAME
cmiw60h2q01yiitntpgy5ltxb,"",Tory Burch,,TY2139U,BLACK,1709,53,17,145,725125428224,,,72.81,218,0,,,t,2025-12-07 20:18:29.619,2025-12-07 20:18:29.619,t,f,999,FRAME
cmiw60h9901yjitnt2m2ehfba,"",Polo,,PH2270U,SHINY BLACK,5001,54,18,145,8056597912198,,,77.98,234,0,,,t,2025-12-07 20:18:29.854,2025-12-07 20:18:29.854,t,f,999,FRAME
cmiw60hfr01ykitntuv2q5mlr,"",Tom Ford,,FT5696-B,shiny black,001,56,16,145,889214181718,,,163,489,1,,,t,2025-12-07 20:18:30.088,2025-12-07 20:18:30.088,t,f,999,FRAME
cmiw60hve01ymitntf8c6v1e8,"",Tom Ford,,FT5766-B,black/other,005,54,19,140,889214268839,,,172,516,0,,,t,2025-12-07 20:18:30.65,2025-12-07 20:18:30.65,t,f,999,FRAME
cmiw60i1s01ynitnth8w2ruye,"",Tom Ford,,FT5801-B,shiny black,001,54,19,145,889214327123,,,200,604,0,,,t,2025-12-07 20:18:30.88,2025-12-07 20:18:30.88,t,f,999,FRAME
cmiw60i8901yoitntqz97ovq7,"",Tom Ford,,FT5844-B,black/other,005,55,15,140,889214360915,,,189,567,1,,,t,2025-12-07 20:18:31.113,2025-12-07 20:18:31.113,t,f,999,FRAME
cmiw60ilb01yqitntb0opdp96,"",Tom Ford,,FT5776-D-B,shiny black,001,53,22,145,889214269195,,,181,543,1,,,t,2025-12-07 20:18:31.583,2025-12-07 20:18:31.583,t,f,999,FRAME
cmiw60ixz01ysitnt7ndnhbai,"",Tom Ford,,FT5831-B,grey/other,020,53,18,145,889214358448,,,158,474,0,,,t,2025-12-07 20:18:32.04,2025-12-07 20:18:32.04,t,f,999,FRAME
cmiw60j4b01ytitntskhvlx0n,"",Tom Ford,,FT5882-B,violet/other,083,55,15,135,889214416087,,,200,600,1,,,t,2025-12-07 20:18:32.268,2025-12-07 20:18:32.268,t,f,999,FRAME
cmiw60jh201yvitnt9ej3srl8,"",Tom Ford,,FT5636-B,shiny light brown,045,52,16,140,889214073013,,,149,447,1,,,t,2025-12-07 20:18:32.726,2025-12-07 20:18:32.726,t,f,999,FRAME
cmiw60jtw01yxitntqgc9axwx,"",Tom Ford,,FT5904-B,black/other,005,50,21,145,889214443571,,,190,570,1,,,t,2025-12-07 20:18:33.188,2025-12-07 20:18:33.188,t,f,999,FRAME
cmiw60k6l01yzitntbglbw7jf,"",Tom Ford,,FT5514,Dark Brown/Other,050,54,15,140,664689942671,,,150,450,0,,,t,2025-12-07 20:18:33.646,2025-12-07 20:18:33.646,t,f,999,FRAME
cmiw60kcx01z0itntof0ltpqg,"",Tom Ford,,FT5912-B,violet/other,083,57,15,140,889214443922,,,181,543,1,,,t,2025-12-07 20:18:33.873,2025-12-07 20:18:33.873,t,f,999,FRAME
cmiw60kpr01z2itnt4xtbevkc,"",Tom Ford,,FT5841-B,shiny black,001,59,10,135,889214358899,,,215,645,0,,,t,2025-12-07 20:18:34.336,2025-12-07 20:18:34.336,t,f,999,FRAME
cmiw60kw601z3itntuzsod1fj,"",Tory Burch,,TY4013U,BURGUNDY,1948,54,15,140,725125449670,,,82.07,246,0,,,t,2025-12-07 20:18:34.566,2025-12-07 20:18:34.566,t,f,999,FRAME
cmiw60l2i01z4itnt7vwcuhfn,"",Tory Burch,,TY2136U,TRANSPARENT SAGE,1941,51,16,140,725125439411,,,79.54,239,1,,,t,2025-12-07 20:18:34.794,2025-12-07 20:18:34.794,t,f,999,FRAME
cmiw60lgi01z6itntx8bos493,"",Michael Kors,,MK4097 GREVE,PINK TORTOISE,3251,54,16,140,725125387927,,,71.81,215,0,,,t,2025-12-07 20:18:35.251,2025-12-07 20:18:35.251,t,f,999,FRAME
cmiw60lmv01z7itntgc7v5adv,"",Polo,,PH1157,SHINY GUNMETAL,9216,55,17,145,8056597839976,,,80.8,242,0,,,t,2025-12-07 20:18:35.527,2025-12-07 20:18:35.527,t,f,999,FRAME
cmiw60ltd01z8itnt03sagvhr,"",Polo,,PH2126,Matte Blue,5506,55,16,145,8053672312096,,,76.41,229,0,,,t,2025-12-07 20:18:35.762,2025-12-07 20:18:35.762,t,f,999,FRAME
cmiw60lzv01z9itntknhjxqg2,"",Polo,,PH2258F,SHINY CRYSTAL,5331,51,21,145,8056597851732,,,67.58,203,0,,,t,2025-12-07 20:18:35.996,2025-12-07 20:18:35.996,t,f,999,FRAME
cmiw60m6301zaitntr0cgx8mb,"",Polo,,PH1175,MATTE NAVY BLUE,9119,56,18,145,8053672756111,,,75.39,226,1,,,t,2025-12-07 20:18:36.22,2025-12-07 20:18:36.22,t,f,999,FRAME
cmiw60miw01zcitntp24oo882,"",Polo,,PH2263U,SHINY NEW PORT NAVY,5620,55,18,145,8056597846288,,,62.37,187,0,,,t,2025-12-07 20:18:36.68,2025-12-07 20:18:36.68,t,f,999,FRAME
cmiw60mp401zditnt7qewkopf,"",Polo,,PH2259,SHINY BLACK,5001,56,17,150,8056597820240,,,72.78,218,0,,,t,2025-12-07 20:18:36.904,2025-12-07 20:18:36.904,t,f,999,FRAME
cmiw60mvw01zeitntwbni1hsc,"",Polo,,PH2259,SHINY CAMO HAVANA,6087,54,17,145,8056597820295,,,72.78,218,0,,,t,2025-12-07 20:18:37.149,2025-12-07 20:18:37.149,t,f,999,FRAME
cmiw60n2801zfitntcraqxsr8,"",Polo,,PH2126,MATTE BLACK,5534,58,16,145,8056597599528,,,76.41,229,0,,,t,2025-12-07 20:18:37.377,2025-12-07 20:18:37.377,t,f,999,FRAME
cmiw60n8r01zgitntb66hohbe,"",Polo,,PH1222,SEMISHINY GUNMETAL,9273,56,18,145,8056597913348,,,80.8,242,0,,,t,2025-12-07 20:18:37.611,2025-12-07 20:18:37.611,t,f,999,FRAME
cmiw60nfb01zhitntfwqby2ln,"",Polo,,PH1223,SEMISHINY PALE GOLD,9211,57,19,145,8056597915434,,,67.58,203,0,,,t,2025-12-07 20:18:37.848,2025-12-07 20:18:37.848,t,f,999,FRAME
cmiw60nlt01ziitntvjg5u1fp,"",Polo,,PH2261U,SHINY CAMO HAVANA,6087,51,20,145,8056597820950,,,72.78,218,1,,,t,2025-12-07 20:18:38.082,2025-12-07 20:18:38.082,t,f,999,FRAME
cmiw60nyu01zkitntefxa3309,"",Polo,,PH1175,MATTE BLACK,9038,56,18,145,8053672756050,,,75.39,226,2,,,t,2025-12-07 20:18:38.55,2025-12-07 20:18:38.55,t,f,999,FRAME
cmiw60obw01znitntlmbp2ejo,"",Polo,,PH1175,MATTE RED RIMS/BLACK BAR,9191,56,18,145,8056597559195,,,75.39,226,0,,,t,2025-12-07 20:18:39.021,2025-12-07 20:18:39.021,t,f,999,FRAME
cmiw60oi701zoitntg0dmp4g4,"",Polo,,PH2123,SHINY BLACK CRYSTAL,5536,56,17,145,8053672777024,,,79.02,237,1,,,t,2025-12-07 20:18:39.247,2025-12-07 20:18:39.247,t,f,999,FRAME
cmiw60ov301zqitntluo5xwq1,"",Polo,,PH2123,SHINY TRANSP. BLUE,5470,56,17,145,8056597921183,,,79.02,237,0,,,t,2025-12-07 20:18:39.712,2025-12-07 20:18:39.712,t,f,999,FRAME
cmiw60p1n01zritntoixsipur,"",Polo,,PH2255U,SHINY BLACK,5001,55,17,145,8056597721592,,,77.98,234,0,,,t,2025-12-07 20:18:39.948,2025-12-07 20:18:39.948,t,f,999,FRAME
cmiw60p8c01zsitntvyp8w8cm,"",Polo,,PH2255U,SHINY DARK HAVANA,5003,55,17,145,8056597721615,,,77.98,234,0,,,t,2025-12-07 20:18:40.188,2025-12-07 20:18:40.188,t,f,999,FRAME
cmiw60peh01ztitntl0bws164,"",Ray-Ban Rx,,RX8908,BLACK,2000,55,18,145,8056597624565,,,109.09,327,1,,,t,2025-12-07 20:18:40.41,2025-12-07 20:18:40.41,t,f,999,FRAME
cmiw60prp01zvitntt5z7l7z8,"",Tory Burch,,TY2140U,HORN BROWN-IVORY,1942,55,18,145,725125428231,,,72.81,218,1,,,t,2025-12-07 20:18:40.885,2025-12-07 20:18:40.885,t,f,999,FRAME
cmiw60q4s01zxitntyylaeg9c,"",Tory Burch,,TY2135U,DARK TORTOISE,1728,52,19,140,725125397582,,,79.54,227,0,,,t,2025-12-07 20:18:41.357,2025-12-07 20:18:41.357,t,f,999,FRAME
cmiw60qbd01zyitntq1abhsh7,"",Michael Kors,,MK4030 VIVIANNA II,TRANSPARENT CLEAR,3998,52,16,135,725125030632,,,56.22,169,4,,,t,2025-12-07 20:18:41.594,2025-12-07 20:18:41.594,t,f,999,FRAME
cmiw60qoa0200itnt87x741yf,"",Michael Kors,,MK4030 VIVIANNA II,Pink Tortoise,3162,52,16,135,725125961295,,,56.22,169,1,,,t,2025-12-07 20:18:42.058,2025-12-07 20:18:42.058,t,f,999,FRAME
cmiw60r180202itntw0dqfphu,"",Oakley Frame,,OX8058 THE CUT,POLISHED TRANS STONEWASH,805806,56,17,140,888392609427,,,64.23,193,0,,,t,2025-12-07 20:18:42.525,2025-12-07 20:18:42.525,t,f,999,FRAME
cmiw60r7q0203itntd292otha,"",Oakley Youth,,OY8026 BUNT,MATTE SEA GLASS,802604,50,15,129,888392604644,,,49.2,148,0,,,t,2025-12-07 20:18:42.758,2025-12-07 20:18:42.758,t,f,999,FRAME
cmiw60re80204itnt0bd0kzp0,"",Oakley Frame,,OX3184 TINCUP,Powder Coal,318401,54,17,135,888392145727,,,128.95,387,2,,,t,2025-12-07 20:18:42.993,2025-12-07 20:18:42.993,t,f,999,FRAME
cmiw60rrb0207itntcfaj4u5o,"",Oakley Frame,,OX8153 METALINK,SATIN BLACK,815306,55,17,136,888392463555,,,100.79,302,1,,,t,2025-12-07 20:18:43.463,2025-12-07 20:18:43.463,t,f,999,FRAME
cmiw60s480209itntz4p9v3mw,"",Oakley Frame,,OX5080 SWAY BAR 0.5,SATIN BLACK,508001,54,16,136,888392616524,,,137.28,412,0,,,t,2025-12-07 20:18:43.928,2025-12-07 20:18:43.928,t,f,999,FRAME
cmiw60sao020aitntvjpk99z2,"",Oakley Frame,,OX5153 METAL PLATE TI,SATIN LIGHT STEEL,515304,54,18,138,888392575036,,,112.76,338,0,,,t,2025-12-07 20:18:44.16,2025-12-07 20:18:44.16,t,f,999,FRAME
cmiw60sh3020bitntkt5k1mch,"",Oakley Frame,,OX3227 FULLER,PEWTER,322702,55,17,139,888392287922,,,95.65,287,1,,,t,2025-12-07 20:18:44.392,2025-12-07 20:18:44.392,t,f,999,FRAME
cmiw60str020ditntmwo1tejz,"",Oakley Frame,,OX8062D DISSIPATE,MATTE BLACK CAMO,806204,55,17,143,888392603197,,,84.82,254,0,,,t,2025-12-07 20:18:44.848,2025-12-07 20:18:44.848,t,f,999,FRAME
cmiw60t01020eitnteelopfza,"",Oakley Frame,,OX3173,PEWTER,317302,52,17,139,700285854823,,,90.7,272,0,,,t,2025-12-07 20:18:45.073,2025-12-07 20:18:45.073,t,f,999,FRAME
cmiw60t6g020fitntuypc4438,"",Oakley Frame,,OX8059 CTRLNK,SATIN BLACK,805904,55,17,136,888392591739,,,90.21,271,0,,,t,2025-12-07 20:18:45.305,2025-12-07 20:18:45.305,t,f,999,FRAME
cmiw60tcx020gitntfnt36z03,"",Oakley Frame,,OX8091 MARSHAL MNP,Satin Grey Smoke,809102,53,17,144,888392231307,,,90.21,271,0,,,t,2025-12-07 20:18:45.537,2025-12-07 20:18:45.537,t,f,999,FRAME
cmiw60tj9020hitntf85nahr0,"",Oakley Frame,,OX8164 PORT BOW,POLISHED CLEAR,816402,53,17,141,888392490391,,,69.61,209,0,,,t,2025-12-07 20:18:45.765,2025-12-07 20:18:45.765,t,f,999,FRAME
cmiw60tpp020iitnt5d23zkjn,"",Oakley Frame,,OX3012 ADDAMS,SATIN LIGHT STEEL,301203,54,17,140,888392613004,,,89.72,269,1,,,t,2025-12-07 20:18:45.998,2025-12-07 20:18:45.998,t,f,999,FRAME
cmiw60u2g020kitnte6d5k0ee,"",Polo,,PH2258F,SHINY TRANSP. LIGHT BROW,6085,51,21,145,8056597851756,,,67.58,203,0,,,t,2025-12-07 20:18:46.456,2025-12-07 20:18:46.456,t,f,999,FRAME
cmiw60u92020litnt9wyrfoz1,"",Ray-Ban Rx,,RX6375,GOLD TOP IN BLACK,2890,51,18,145,8053672767902,,,74.7,224,0,,,t,2025-12-07 20:18:46.694,2025-12-07 20:18:46.694,t,f,999,FRAME
cmiw60ufe020mitntc7n3ov6d,"",Polo,,PH2212,MATTE NAVY BLUE,5303,55,19,145,8056597105521,,,69.55,209,1,,,t,2025-12-07 20:18:46.922,2025-12-07 20:18:46.922,t,f,999,FRAME
cmiw60uru020oitnt6zqvoebh,"",Polo,,PH2263U,SHINY TRANSPARENT GREY,5902,55,18,145,8056597846318,,,62.37,187,0,,,t,2025-12-07 20:18:47.371,2025-12-07 20:18:47.371,t,f,999,FRAME
cmiw60uy1020pitntssj37wv6,"",Guess?,,GU2855-S,black/other,005,54,15,140,889214255907,,,87,261,0,,,t,2025-12-07 20:18:47.593,2025-12-07 20:18:47.593,t,f,999,FRAME
cmiw60v4k020qitntkrf20n94,"",Adidas Sport,,SP5042,matte black,002,56,15,145,889214400703,,,66,198,0,,,t,2025-12-07 20:18:47.828,2025-12-07 20:18:47.828,t,f,999,FRAME
cmiw60vaw020ritnt58qv7pi9,"",Adidas Sport,,SP5058,crystal,026,54,15,145,889214458988,,,66,198,1,,,t,2025-12-07 20:18:48.056,2025-12-07 20:18:48.056,t,f,999,FRAME
cmiw60vo6020titnt62mkpugv,"",Adidas Sport,,SP5028,matte black,002,55,17,135,889214368232,,,67,201,0,,,t,2025-12-07 20:18:48.534,2025-12-07 20:18:48.534,t,f,999,FRAME
cmiw60vvc020uitntia8in7nw,"",Adidas Originals,,OR5038,black/other,005,54,19,145,889214364326,,,75,225,1,,,t,2025-12-07 20:18:48.792,2025-12-07 20:18:48.792,t,f,999,FRAME
cmiw60w7x020witntlwrh8t5u,"",Adidas Sport,,SP5035,black/other,005,55,17,145,889214377036,,,74,222,0,,,t,2025-12-07 20:18:49.245,2025-12-07 20:18:49.245,t,f,999,FRAME
cmiw60weg020xitnt47e3a3e8,"",Adidas Sport,,SP5027,grey/other,020,54,16,135,889214368171,,,65,195,2,,,t,2025-12-07 20:18:49.48,2025-12-07 20:18:49.48,t,f,999,FRAME
cmiw60wre020zitnthnsqdy2y,"",Adidas Sport,,SP5048,black/other,005,57,15,145,889214400765,,,68,204,0,,,t,2025-12-07 20:18:49.946,2025-12-07 20:18:49.946,t,f,999,FRAME
cmiw60wy20210itnt2uljinzu,"",Adidas Originals,,OR5040,black/other,005,54,16,150,889214364395,,,75,225,0,,,t,2025-12-07 20:18:50.186,2025-12-07 20:18:50.186,t,f,999,FRAME
cmiw60x5r0211itnt02m89x91,"",Adidas Sport,,SP5050,matte blue,091,55,16,145,889214400970,,,68,204,1,,,t,2025-12-07 20:18:50.418,2025-12-07 20:18:50.418,t,f,999,FRAME
cmiw60xij0213itnteppof1gq,"",Guess?,,GM0390,light green/other,095,54,16,140,889214428301,,,90,270,0,,,t,2025-12-07 20:18:50.923,2025-12-07 20:18:50.923,t,f,999,FRAME
cmiw60xot0214itntoeqief9n,"",Guess?,,GM50007,violet/other,083,54,17,145,889214490698,,,108,324,1,,,t,2025-12-07 20:18:51.149,2025-12-07 20:18:51.149,t,f,999,FRAME
cmiw60y1i0216itnttuggli6l,"",Guess?,,GM0389,havana/other,056,55,17,140,889214428226,,,90,270,0,,,t,2025-12-07 20:18:51.606,2025-12-07 20:18:51.606,t,f,999,FRAME
cmiw60y800217itntop1phdb3,"",Guess?,,GM0389,pink /other,074,55,17,140,889214428233,,,90,270,2,,,t,2025-12-07 20:18:51.84,2025-12-07 20:18:51.84,t,f,999,FRAME
cmiw60yko021aitntpptn73gp,"",Guess?,,GU2674,Shiny Light Brown,045,53,19,140,664689956890,,,77,231,0,,,t,2025-12-07 20:18:52.297,2025-12-07 20:18:52.297,t,f,999,FRAME
cmiw60yqz021bitntf3ayfxef,"",Guess?,,GM50001,beige/other,059,56,16,145,889214490933,,,90,270,1,,,t,2025-12-07 20:18:52.524,2025-12-07 20:18:52.524,t,f,999,FRAME
cmiw60z3w021ditntmy24juvl,"",Guess?,,GU2677,Coloured Havana,055,53,17,135,664689956661,,,87,261,1,,,t,2025-12-07 20:18:52.989,2025-12-07 20:18:52.989,t,f,999,FRAME
cmiw60zhg021fitntmd4xi8i0,"",Guess?,,GU2943,shiny black,001,52,15,140,889214391605,,,80,240,1,,,t,2025-12-07 20:18:53.476,2025-12-07 20:18:53.476,t,f,999,FRAME
cmiw60zu2021hitnthsd2yz24,"",Polo,,PH2257U,SHINY BLACK,5001,55,16,145,8056597734974,,,69.55,209,0,,,t,2025-12-07 20:18:53.93,2025-12-07 20:18:53.93,t,f,999,FRAME
cmiw6100e021iitnt2fkp0ya9,"",Guess?,,GU2958,pink /other,074,54,15,140,889214427069,,,77,231,1,,,t,2025-12-07 20:18:54.158,2025-12-07 20:18:54.158,t,f,999,FRAME
cmiw610d2021kitntzpxlwzgg,"",Adidas Originals,,OR5061,shiny gunmetal,008,57,17,145,889214404350,,,77,231,0,,,t,2025-12-07 20:18:54.614,2025-12-07 20:18:54.614,t,f,999,FRAME
cmiw610jk021litnt6cn1u0g6,"",Ray-Ban Rx,,RX6422,PINK GOLD ON TOP MATTE B,3007,51,19,140,8053672915198,,,74.29,223,0,,,t,2025-12-07 20:18:54.849,2025-12-07 20:18:54.849,t,f,999,FRAME
cmiw610pw021mitntubflzz0l,"",Tom Ford,,FT5766-B,shiny black,001,54,19,140,889214268822,,,172,516,1,,,t,2025-12-07 20:18:55.076,2025-12-07 20:18:55.076,t,f,999,FRAME
cmiw6112w021oitntule1uzve,"",Tom Ford,,FT5912-B,black/other,005,57,15,140,889214443908,,,181,543,2,,,t,2025-12-07 20:18:55.545,2025-12-07 20:18:55.545,t,f,999,FRAME
cmiw611fr021ritntf1qw4blt,"",Tom Ford,,FT5906-B,shiny bordeaux,069,55,15,140,889214443687,,,190,570,1,,,t,2025-12-07 20:18:56.008,2025-12-07 20:18:56.008,t,f,999,FRAME
cmiw611sp021titnt1562evb1,"",Tom Ford,,FT5898-B,grey/other,020,52,19,145,889214443366,,,149,447,1,,,t,2025-12-07 20:18:56.474,2025-12-07 20:18:56.474,t,f,999,FRAME
cmiw6125m021vitntfa6tewbo,"",Tom Ford,,FT5909-B,blue/other,092,53,18,140,889214453310,,,181,543,1,,,t,2025-12-07 20:18:56.939,2025-12-07 20:18:56.939,t,f,999,FRAME
cmiw612im021xitntra02yxl8,"",Oakley,,OO9417,Black,16,59,18,137,,,,113.5,341,1,,,t,2025-12-07 20:18:57.407,2025-12-07 20:18:57.407,t,f,999,FRAME
cmiw612vl021zitntyelsrlyn,"",Oakley Youth,,OY3003 FLIP KICK,MATTE MIDNIGHT,300303,49,15,126,888392619037,,,51.03,153,0,,,t,2025-12-07 20:18:57.874,2025-12-07 20:18:57.874,t,f,999,FRAME
cmiw6132g0220itntwh4zly3q,"",Oakley Frame,,OX8105 PITCHMAN R,POLISHED TRANSLUCENT GIN,810524,52,19,140,888392620644,,,100.79,302,0,,,t,2025-12-07 20:18:58.12,2025-12-07 20:18:58.12,t,f,999,FRAME
cmiw6138q0221itntybwqszen,"",Oakley Frame,,OX8144 KNOLLS,POLISHED BLACK INK,814405,55,18,143,888392619884,,,69.61,209,0,,,t,2025-12-07 20:18:58.346,2025-12-07 20:18:58.346,t,f,999,FRAME
cmiw613fa0222itnto7a7d5iz,"",Oakley Youth,,OY8007 FIELD DAY,POLISHED GREY SMOKE,800711,46,14,118,888392619983,,,57.6,173,0,,,t,2025-12-07 20:18:58.583,2025-12-07 20:18:58.583,t,f,999,FRAME
cmiw613lq0223itntw0zwm5gt,"",Oakley Frame,,OX8184 EXCHANGE R,SATIN GREY SMOKE,818402,53,16,135,888392618931,,,85.8,257,1,,,t,2025-12-07 20:18:58.815,2025-12-07 20:18:58.815,t,f,999,FRAME
cmiw613zg0225itntkegp0es9,"",Oakley Frame,,OX8052 FUTURITY,TRANS DARK VIRIDIAN,805206,55,14,139,888392619891,,,80.9,243,1,,,t,2025-12-07 20:18:59.309,2025-12-07 20:18:59.309,t,f,999,FRAME
cmiw614cr0227itntebfm8cw2,"",Oakley Frame,,OX8166 WHEEL HOUSE,MATTE OLIVE,816607,54,16,140,888392620682,,,95.65,287,0,,,t,2025-12-07 20:18:59.788,2025-12-07 20:18:59.788,t,f,999,FRAME
cmiw614jf0228itnttc166d7x,"",Oakley Frame,,OX8183 BAT FLIP,GREY SHADOW,818302,56,18,148,888392618733,,,73.91,222,0,,,t,2025-12-07 20:19:00.028,2025-12-07 20:19:00.028,t,f,999,FRAME
cmiw614pu0229itnt8krdms7d,"",Ray-Ban Youth,,RY9075V,TRANSPARENT ON RUBBER FU,3878,35,16,120,8056597548199,,,31.02,93,1,,,t,2025-12-07 20:19:00.258,2025-12-07 20:19:00.258,t,f,999,FRAME
cmiw6152o022bitntxawhl2go,"",Ray-Ban Youth,,RY9074V,FUCHSIA ON RUBBER PINK,3877,37,16,120,8056597547710,,,31.02,93,0,,,t,2025-12-07 20:19:00.72,2025-12-07 20:19:00.72,t,f,999,FRAME
cmiw61596022citntheampe19,"",Ray-Ban Youth,,RY1627,TOP PURPLE/PINK/BEIGE,3944,46,16,135,8056597941198,,,35.34,106,0,,,t,2025-12-07 20:19:00.954,2025-12-07 20:19:00.954,t,f,999,FRAME
cmiw615fn022ditnttelzgsyl,"",Ray-Ban Rx,,RX6494,MATTE GUNMETAL ON GUNMET,3135,54,18,145,8056262061169,,,93.68,281,0,,,t,2025-12-07 20:19:01.187,2025-12-07 20:19:01.187,t,f,999,FRAME
cmiw615m6022eitntc7q6rvly,"",Ray-Ban Rx,,RX6493,GUNMETAL,2502,53,18,140,8056597960212,,,83,249,0,,,t,2025-12-07 20:19:01.422,2025-12-07 20:19:01.422,t,f,999,FRAME
cmiw615sv022fitntxof7ho8t,"",Ray-Ban,,RB4101,BLACK,601,58,58,135,,,,85.46,256,1,,,t,2025-12-07 20:19:01.664,2025-12-07 20:19:01.664,t,f,999,FRAME
cmiw6165m022hitntowslqkvk,"",Ralph Lauren,,PH 4202,Black,5001/71,55,21,145,,,,83.08,249,0,,,t,2025-12-07 20:19:02.122,2025-12-07 20:19:02.122,t,f,999,FRAME
cmiw616bq022iitntyf89a31x,"",Guess?,,GM50003,shiny black,001,52,17,140,889214490490,,,87,261,1,,,t,2025-12-07 20:19:02.342,2025-12-07 20:19:02.342,t,f,999,FRAME
cmiw616of022kitntq4r46w4u,"",Guess?,,GU50114,grey/other,020,51,17,140,889214494313,,,71,213,0,,,t,2025-12-07 20:19:02.799,2025-12-07 20:19:02.799,t,f,999,FRAME
cmiw616us022litntvkg36y0u,"",Guess?,,GU2915-D,pale gold,032,53,18,145,889214341297,,,72,216,0,,,t,2025-12-07 20:19:03.029,2025-12-07 20:19:03.029,t,f,999,FRAME
cmiw61719022mitntxqtooexb,"",Guess?,,GM50008,shiny black,001,55,17,145,889214490711,,,93,279,1,,,t,2025-12-07 20:19:03.261,2025-12-07 20:19:03.261,t,f,999,FRAME
cmiw617e5022oitntu0yhuovt,"",Guess?,,GU2977,black/other,005,49,13,140,889214475398,,,60,180,2,,,t,2025-12-07 20:19:03.725,2025-12-07 20:19:03.725,t,f,999,FRAME
cmiw617qr022qitntpcwp28ns,"",Guess?,,GU50121,black/other,005,55,16,145,889214494955,,,75,225,1,,,t,2025-12-07 20:19:04.179,2025-12-07 20:19:04.179,t,f,999,FRAME
cmiw6183m022sitntldoynxd1,"",Guess?,,GU50122,grey/other,020,54,16,145,889214495020,,,72,216,0,,,t,2025-12-07 20:19:04.642,2025-12-07 20:19:04.642,t,f,999,FRAME
cmiw6189t022titntsp07rvbi,"",Ray-Ban Rx,,RX5414,TRANSPARENT GREY,5174,54,19,145,8056597948234,,,78.12,234,1,,,t,2025-12-07 20:19:04.865,2025-12-07 20:19:04.865,t,f,999,FRAME
cmiw618mn022vitntqeriukph,"",Oakley Frame,,OX3026 VOON,SATIN BLACK,302601,57,17,139,888392617446,,,84.82,254,0,,,t,2025-12-07 20:19:05.327,2025-12-07 20:19:05.327,t,f,999,FRAME
cmiw618ui022witntqfy2v13x,"",Oakley Frame,,OX3026 VOON,MATTE GUNMETAL,302604,55,17,139,888392617507,,,84.82,254,0,,,t,2025-12-07 20:19:05.565,2025-12-07 20:19:05.565,t,f,999,FRAME
cmiw61911022xitnt1136kcom,"",Tom Ford,,FT5891-F-B,grey/other,020,51,20,145,889214435309,,,190,570,0,,,t,2025-12-07 20:19:05.846,2025-12-07 20:19:05.846,t,f,999,FRAME
cmiw6197e022yitntiiu90xzw,"",Tom Ford,,FT5818-B,grey/other,020,53,19,145,889214336965,,,149,447,0,,,t,2025-12-07 20:19:06.074,2025-12-07 20:19:06.074,t,f,999,FRAME
cmiw619dp022zitntaa95pwap,"",Tom Ford,,FT5901-B-N,shiny black,001,55,15,145,889214443489,,,181,543,0,,,t,2025-12-07 20:19:06.302,2025-12-07 20:19:06.302,t,f,999,FRAME
cmiw619k80230itntj0hj5ehz,"",Tom Ford,,FT5868-B,blue/other,092,53,18,145,889214415547,,,158,474,0,,,t,2025-12-07 20:19:06.536,2025-12-07 20:19:06.536,t,f,999,FRAME
cmiw619qm0231itntlmr5r0sa,"",Tom Ford,,FT5949-B,dark brown/other,050,56,15,140,889214488862,,,172,516,0,,,t,2025-12-07 20:19:06.766,2025-12-07 20:19:06.766,t,f,999,FRAME
cmiw619wx0232itnt7n4e8j3w,"",Adidas Originals,,OR5054,pale gold,032,55,16,145,889214373472,,,75,225,1,,,t,2025-12-07 20:19:06.993,2025-12-07 20:19:06.993,t,f,999,FRAME
cmiw61a9s0234itntbkj1bta6,"",Adidas Originals,,OR5054,matte gunmetal,009,55,16,145,889214373458,,,75,225,0,,,t,2025-12-07 20:19:07.457,2025-12-07 20:19:07.457,t,f,999,FRAME
cmiw61ag90235itntst08jcc6,"",Adidas Originals,,OR5062,shiny gunmetal,008,55,16,140,889214423177,,,77,231,1,,,t,2025-12-07 20:19:07.689,2025-12-07 20:19:07.689,t,f,999,FRAME
cmiw61at60237itntsa7m1eko,"",Adidas Originals,,OR5061,pale gold,032,57,17,145,889214404374,,,77,231,0,,,t,2025-12-07 20:19:08.154,2025-12-07 20:19:08.154,t,f,999,FRAME
cmiw61azc0238itntaos4o67j,"",Adidas Originals,,OR5081,black/other,005,52,16,145,889214485120,,,75,225,0,,,t,2025-12-07 20:19:08.376,2025-12-07 20:19:08.376,t,f,999,FRAME
cmiw61b5r0239itnt6pv7myez,"",Adidas Originals,,OR5076,grey/other,020,54,16,145,889214460875,,,67,201,0,,,t,2025-12-07 20:19:08.608,2025-12-07 20:19:08.608,t,f,999,FRAME
cmiw61bc8023aitntwz1f3z3r,"",Adidas Sport,,SP5036,black/other,005,54,16,145,889214377074,,,75,225,1,,,t,2025-12-07 20:19:08.84,2025-12-07 20:19:08.84,t,f,999,FRAME
cmiw61bp8023citntd8dfyo50,"",Adidas Originals,,OR5036,black/other,005,49,19,145,889214364241,,,75,225,0,,,t,2025-12-07 20:19:09.309,2025-12-07 20:19:09.309,t,f,999,FRAME
cmiw61bvr023ditntdlebn3pe,"",Adidas Originals,,OR5087,grey/other,020,55,15,145,889214485373,,,67,195,0,,,t,2025-12-07 20:19:09.543,2025-12-07 20:19:09.543,t,f,999,FRAME
cmiw61c25023eitnt1ykwpj7v,"",Adidas Sport,,SP5039,matte black,002,53,15,145,889214400895,,,66,198,0,,,t,2025-12-07 20:19:09.773,2025-12-07 20:19:09.773,t,f,999,FRAME
cmiw61c8m023fitntvl213osh,"",Adidas Sport,,SP5073,blue/other,092,56,14,145,889214485816,,,65,195,0,,,t,2025-12-07 20:19:10.006,2025-12-07 20:19:10.006,t,f,999,FRAME
cmiw61cez023gitntovoajpo6,"",Adidas Sport,,SP5058,matte black,002,54,15,145,889214458971,,,66,198,0,,,t,2025-12-07 20:19:10.235,2025-12-07 20:19:10.235,t,f,999,FRAME
cmiw61cl7023hitntcueimzab,"",Adidas Originals,,OR5021,grey/other,020,56,16,145,889214302472,,,70,210,0,,,t,2025-12-07 20:19:10.46,2025-12-07 20:19:10.46,t,f,999,FRAME
cmiw61cum023iitntibsi6fml,"",Adidas Sport,,SP5050,matte black,002,55,16,145,889214400956,,,68,204,0,,,t,2025-12-07 20:19:10.798,2025-12-07 20:19:10.798,t,f,999,FRAME
cmiw61d4g023jitnt9lq19nc6,"",Adidas Sport,,SP5059,blue/other,092,58,16,145,889214459022,,,76,228,0,,,t,2025-12-07 20:19:11.152,2025-12-07 20:19:11.152,t,f,999,FRAME
cmiw61ddr023kitntbk141wno,"",Adidas Sport,,SP5033,matte black,002,55,15,145,889214376947,,,66,198,0,,,t,2025-12-07 20:19:11.487,2025-12-07 20:19:11.487,t,f,999,FRAME
cmiw61dnd023litntd4edh2dx,"",Adidas Originals,,OR5027,crystal,026,54,15,145,889214326188,,,72,210,1,,,t,2025-12-07 20:19:11.834,2025-12-07 20:19:11.834,t,f,999,FRAME
cmiw61e6q023nitnt6yxooexp,"",Adidas Sport,,SP5036,matte black,002,54,16,145,889214377067,,,75,225,0,,,t,2025-12-07 20:19:12.53,2025-12-07 20:19:12.53,t,f,999,FRAME
cmiw61egs023oitnt16p37svp,"",Adidas Sport,,SP5035,shiny gunmetal,008,55,17,145,889214377043,,,74,222,1,,,t,2025-12-07 20:19:12.892,2025-12-07 20:19:12.892,t,f,999,FRAME
cmiw61f0y023qitnt3kvgjvy4,"",Adidas Sport,,SP5042,dark havana,052,56,15,145,889214400710,,,66,198,0,,,t,2025-12-07 20:19:13.618,2025-12-07 20:19:13.618,t,f,999,FRAME
cmiw61f8w023ritnt713qreu1,"",Adidas Sport,,SP5048,matte blue,091,57,15,145,889214400789,,,68,204,0,,,t,2025-12-07 20:19:13.904,2025-12-07 20:19:13.904,t,f,999,FRAME
cmiw61ff5023sitnt91msaf7d,"",Adidas Originals,,OR5031,matte blue,091,52,19,145,889214326355,,,73,219,0,,,t,2025-12-07 20:19:14.13,2025-12-07 20:19:14.13,t,f,999,FRAME
cmiw61flm023titntsgx0st4i,"",Ray-Ban Youth,,RY9074V,TRANSPARENT ON RUBBER BL,3881,37,16,120,8056597547772,,,31.02,93,1,,,t,2025-12-07 20:19:14.362,2025-12-07 20:19:14.362,t,f,999,FRAME
cmiw61fya023vitntjubin14r,"",Oakley Frame,,OX8182 HIP TONE,SATIN BLACK,818201,60,16,155,888392618641,,,80.9,243,1,,,t,2025-12-07 20:19:14.818,2025-12-07 20:19:14.818,t,f,999,FRAME
cmiw61gaz023xitnt1gf86ypd,"",Michael Kors,,MK3012 ADRIANNA IV,SHINY MINK,1213,51,17,135,725125518253,,,64.84,195,1,,,t,2025-12-07 20:19:15.275,2025-12-07 20:19:15.275,t,f,999,FRAME
cmiw61go0023zitntg3avs6qk,"",Michael Kors,,MK4125BU FORMENTERA,DARK TORTOISE,3006,54,16,140,725125517614,,,82.08,246,1,,,t,2025-12-07 20:19:15.744,2025-12-07 20:19:15.744,t,f,999,FRAME
cmiw61h0p0241itnt6d78ak7c,"",Michael Kors,,MK4119U NASSAU,TEAL GRAPHIC TORTOISE,4000,53,17,140,725125517775,,,64.84,195,1,,,t,2025-12-07 20:19:16.202,2025-12-07 20:19:16.202,t,f,999,FRAME
cmiw61hdg0243itnt4e00zqy2,"",Tory Burch,,TY2135U,TORY RED,1893,52,19,140,725125397629,,,79.54,227,0,,,t,2025-12-07 20:19:16.66,2025-12-07 20:19:16.66,t,f,999,FRAME
cmiw61hjw0244itntgzpi883l,"",Tory Burch,,TY2136U,DARK TORTOISE,1728,54,16,140,725125439442,,,79.54,239,0,,,t,2025-12-07 20:19:16.892,2025-12-07 20:19:16.892,t,f,999,FRAME
cmiw61hro0245itnturpk8gdn,"",Tory Burch,,TY2136U,BLUE TORT,1957,51,16,140,725125449809,,,79.54,239,0,,,t,2025-12-07 20:19:17.173,2025-12-07 20:19:17.173,t,f,999,FRAME
cmiw61hy00246itntob1l21tl,"",Tory Burch,,TY2107,HONEY TORT,1949,50,15,140,725125519540,,,86.28,259,2,,,t,2025-12-07 20:19:17.401,2025-12-07 20:19:17.401,t,f,999,FRAME
cmiw61iav0248itntfmdkh0pw,"",Oakley Frame,,OX8060 OVERHEAD,MATTE OLIVE INK,806008,57,16,138,888392620781,,,67.98,204,0,,,t,2025-12-07 20:19:17.863,2025-12-07 20:19:17.863,t,f,999,FRAME
cmiw61iha0249itntr4wh1a5w,"",Oakley Frame,,OX8183 BAT FLIP,SATIN BLACK,818301,58,18,148,888392618726,,,73.91,222,1,,,t,2025-12-07 20:19:18.094,2025-12-07 20:19:18.094,t,f,999,FRAME
cmiw61iws024bitntqgx4tbyv,"",Polo,,PH2263U,SHINY BLACK,5001,55,18,145,8056597846264,,,62.37,187,0,,,t,2025-12-07 20:19:18.652,2025-12-07 20:19:18.652,t,f,999,FRAME
cmiw61j32024citnt5loi0lmt,"",Michael Kors,,MK4125BU FORMENTERA,BLACK,3005,54,16,140,725125520348,,,82.08,246,2,,,t,2025-12-07 20:19:18.878,2025-12-07 20:19:18.878,t,f,999,FRAME
cmiw61jgg024fitntazd9uaee,"",Michael Kors,,MK4117U BIRMINGHAM,BLUE,3971,54,16,140,725125517607,,,56.22,169,3,,,t,2025-12-07 20:19:19.361,2025-12-07 20:19:19.361,t,f,999,FRAME
cmiw61jth024iitnt6fq7ynog,"",Tory Burch,,TY2144U,TRANSPARENT SAGE,1941,53,17,140,725125518543,,,77.04,231,1,,,t,2025-12-07 20:19:19.829,2025-12-07 20:19:19.829,t,f,999,FRAME
cmiw61k6g024kitnt6xekn06d,"",Tory Burch,,TY2140U,BORDEAUX,1960,55,18,145,725125463669,,,72.81,218,0,,,t,2025-12-07 20:19:20.296,2025-12-07 20:19:20.296,t,f,999,FRAME
cmiw61kdh024litnt1xp1a6jf,"",Tory Burch,,TY2144U,TRANSPARENT BROWN,1954,51,17,140,725125518611,,,77.04,231,2,,,t,2025-12-07 20:19:20.55,2025-12-07 20:19:20.55,t,f,999,FRAME
cmiw61ks8024oitntb7zyc47k,"",Tory Burch,,TY2137U,BLACK,1709,53,18,140,725125439381,,,84.44,253,1,,,t,2025-12-07 20:19:21.081,2025-12-07 20:19:21.081,t,f,999,FRAME
cmiw61l58024qitntibqhamp1,"",Tory Burch,,TY2147U,BLACK/IVORY,2004,51,16,145,725125520270,,,91.48,274,1,,,t,2025-12-07 20:19:21.549,2025-12-07 20:19:21.549,t,f,999,FRAME
cmiw61li2024sitntf9h8a8hs,"",Oakley Frame,,OX5080 SWAY BAR 0.5,MATTE MIDNIGHT,508004,54,16,136,888392616586,,,137.28,412,0,,,t,2025-12-07 20:19:22.01,2025-12-07 20:19:22.01,t,f,999,FRAME
cmiw61lof024titntbt3j4pmb,"",Tory Burch,,TY2144U,BLACK/IVORY,1988,53,17,140,725125519632,,,77.04,231,1,,,t,2025-12-07 20:19:22.24,2025-12-07 20:19:22.24,t,f,999,FRAME
cmiw61m1b024vitntwk8bpxn1,"",Ray-Ban,,RB3044,Gold,L0207,52,14,135,,,,91.33,274,1,,,t,2025-12-07 20:19:22.704,2025-12-07 20:19:22.704,t,f,999,FRAME
cmiw61mea024xitntghyy3ni0,"",Polo,,PH2212,MATTE BLACK,5504,55,19,145,8056262050798,,,69.55,209,3,,,t,2025-12-07 20:19:23.171,2025-12-07 20:19:23.171,t,f,999,FRAME
cmiw61mrb0250itntjwgqa78z,"",Polo,,PH2126,MATTE TRANSPARENT GREY,5763,55,16,145,8056262050804,,,76.41,229,0,,,t,2025-12-07 20:19:23.639,2025-12-07 20:19:23.639,t,f,999,FRAME
cmiw61mxo0251itntsy1twauy,"",Polo,,PH1231,HAVANA/ANTIQUE GOLD,9449,54,22,145,8056262036587,,,93.58,281,0,,,t,2025-12-07 20:19:23.868,2025-12-07 20:19:23.868,t,f,999,FRAME
cmiw61n410252itntrrg7pw7t,"",Polo,,PH2257U,SHINY TRANSPARENT LIGHT,5755,55,16,145,8056262050019,,,69.55,209,1,,,t,2025-12-07 20:19:24.097,2025-12-07 20:19:24.097,t,f,999,FRAME
cmiw61ngy0254itntawruw0ku,"",Polo,,PH2223,SHINY CRYSTAL,5331,56,17,145,8056262050781,,,75.39,226,1,,,t,2025-12-07 20:19:24.562,2025-12-07 20:19:24.562,t,f,999,FRAME
cmiw61nu40256itntfpjakge4,"",Polo,,PH2275U,SHINY BLACK,5001,57,16,145,8056262050118,,,77.98,234,0,,,t,2025-12-07 20:19:25.037,2025-12-07 20:19:25.037,t,f,999,FRAME
cmiw61o0h0257itntrda77olh,"",Oakley,,oo9146,Black,,64,17,132,,,,0,390,1,,,t,2025-12-07 20:19:25.265,2025-12-07 20:19:25.265,t,f,999,FRAME
cmiw61odj0259itntlu6tn9n6,"",Michael Kors,,MK4067U SANTA CLARA,PLUM GRAPHIC TORTOISE,3998,53,16,140,725125518277,,,56.22,169,1,,,t,2025-12-07 20:19:25.736,2025-12-07 20:19:25.736,t,f,999,FRAME
cmiw61oqd025bitnt4gtup892,"",Polo,,PH2230,SHINY BLACK,5001,56,17,145,8056597341301,,,65.12,195,1,,,t,2025-12-07 20:19:26.198,2025-12-07 20:19:26.198,t,f,999,FRAME
cmiw61p34025ditnt92rdzyih,"",Ray-Ban Rx,,RX7211F,BLACK,2000,53,19,145,8056597726184,,,70.46,211,0,,,t,2025-12-07 20:19:26.656,2025-12-07 20:19:26.656,t,f,999,FRAME
cmiw61p9c025eitnt2op58uec,"",Vogue Junior Optical,,VY2011,VIOLET ON RUBBER VIOLET,2976,37,14,115,8056597526869,,,24.07,67,1,,,t,2025-12-07 20:19:26.88,2025-12-07 20:19:26.88,t,f,999,FRAME
cmiw61pm6025gitnt4bbvdk6t,"",Vogue Junior Optical,,VY2016,BLUE ON CREAM RUBBER,2974,39,14,115,8056597713009,,,25.38,76,0,,,t,2025-12-07 20:19:27.343,2025-12-07 20:19:27.343,t,f,999,FRAME
cmiw61psm025hitnteaownyk1,"",Vogue Junior Optical,,VY2026,BLACK,W44,47,16,130,8056262011492,,,33.98,102,0,,,t,2025-12-07 20:19:27.575,2025-12-07 20:19:27.575,t,f,999,FRAME
cmiw61pz7025iitntgu0joxwj,"",Vogue Junior Optical,,VY2020,TRANSPARENT BLUE,3068,45,16,125,8056597821711,,,29.27,88,0,,,t,2025-12-07 20:19:27.811,2025-12-07 20:19:27.811,t,f,999,FRAME
cmiw61q5m025jitntpi6vsxbc,"",Vogue Junior Optical,,VY2001,TOP LIGHT HAVANA/TRANSPA,1916,47,16,130,8056597200202,,,36.15,104,0,,,t,2025-12-07 20:19:28.042,2025-12-07 20:19:28.042,t,f,999,FRAME
cmiw61qby025kitntqwnqaxky,"",Vogue Junior Optical,,VY2024,TRANSPARENT VIOLET,3064,47,16,125,8056262011720,,,33.98,102,0,,,t,2025-12-07 20:19:28.27,2025-12-07 20:19:28.27,t,f,999,FRAME
cmiw61qi5025litntk4xygs3k,"",Vogue®,,VO5519,FULL RED,3080,54,17,140,8056597926836,,,53.35,160,0,,,t,2025-12-07 20:19:28.494,2025-12-07 20:19:28.494,t,f,999,FRAME
cmiw61qpa025mitnt49kx6c8s,"",Vogue®,,VO4297T,TOP BLACK/LIGHT GOLD,5195,53,17,140,8056597934565,,,81.1,243,1,,,t,2025-12-07 20:19:28.75,2025-12-07 20:19:28.75,t,f,999,FRAME
cmiw61r2b025oitntbyeq3ift,"",Vogue®,,VO5522,TOP BROWN/FULL NUDE,3101,54,16,140,8056597934022,,,68.58,206,1,,,t,2025-12-07 20:19:29.219,2025-12-07 20:19:29.219,t,f,999,FRAME
cmiw61rff025qitntgcro4qex,"",Vogue®,,VO5276,TOP GRAD BROWN/CRYSTAL,2736,53,17,140,8056597062602,,,68.58,206,1,,,t,2025-12-07 20:19:29.691,2025-12-07 20:19:29.691,t,f,999,FRAME
cmiw61rsl025sitntt8kqddqk,"",Vogue®,,VO5372,TRANSPARENT,W745,51,18,140,8056597418416,,,53.55,191,1,,,t,2025-12-07 20:19:30.166,2025-12-07 20:19:30.166,t,f,999,FRAME
cmiw61s5x025uitnt0szkihyp,"",Vogue®,,VO4271B,TOP PINK/PALE GOLD,5141,52,16,135,8056597814607,,,80.09,240,0,,,t,2025-12-07 20:19:30.646,2025-12-07 20:19:30.646,t,f,999,FRAME
cmiw61scm025vitnt275a08j5,"",Vogue®,,VO5305B,TRANSPARENT BLUE,2762,54,17,135,8056597236041,,,80.09,240,1,,,t,2025-12-07 20:19:30.887,2025-12-07 20:19:30.887,t,f,999,FRAME
cmiw61sql025xitntzi0emyr2,"",Vogue®,,VO5378,TOP VIOLET/PINK,2909,51,17,140,8056597419079,,,68.58,206,1,,,t,2025-12-07 20:19:31.389,2025-12-07 20:19:31.389,t,f,999,FRAME
cmiw61t3j025zitntipwgeg2o,"",Vogue®,,VO5518,FULL DARK GREEN,3050,53,16,140,8056597926546,,,56.64,170,0,,,t,2025-12-07 20:19:31.855,2025-12-07 20:19:31.855,t,f,999,FRAME
cmiw61t9w0260itntzujjkzyk,"",Vogue®,,VO5516B,TRANSPARENT CHERRY,2989,53,16,140,8056597931007,,,69.9,210,1,,,t,2025-12-07 20:19:32.084,2025-12-07 20:19:32.084,t,f,999,FRAME
cmiw61tmg0262itntk88ouxg8,"",Vogue®,,VO5559,BLUE TORTOISE,3147,53,18,140,8056262006641,,,69.9,210,0,,,t,2025-12-07 20:19:32.536,2025-12-07 20:19:32.536,t,f,999,FRAME
cmiw61tt20263itntsp59z5rq,"",Vogue®,,VO5563,BLACK,W44,51,17,140,8056262005361,,,62.39,187,0,,,t,2025-12-07 20:19:32.775,2025-12-07 20:19:32.775,t,f,999,FRAME
cmiw61tz80264itntvcapfhxl,"",Vogue®,,VO5452,TRANSPARENT PINK,2942,53,17,140,8056597711494,,,56.64,170,0,,,t,2025-12-07 20:19:32.997,2025-12-07 20:19:32.997,t,f,999,FRAME
cmiw61u5k0265itnt69rjjgun,"",Vogue®,,VO5420,TRANSPARENT BROWN,2940,53,17,140,8056597602150,,,53.35,160,0,,,t,2025-12-07 20:19:33.225,2025-12-07 20:19:33.225,t,f,999,FRAME
cmiw61ubx0266itnt5wgs41qg,"",Vogue®,,VO5420,TRANSPARENT GREY,2726,51,17,140,8056597826143,,,53.35,160,0,,,t,2025-12-07 20:19:33.453,2025-12-07 20:19:33.453,t,f,999,FRAME
cmiw61uic0267itntkuiws2nh,"",Vogue®,,VO5523,GREEN HAVANA,3088,54,17,140,8056597927222,,,58.69,176,1,,,t,2025-12-07 20:19:33.685,2025-12-07 20:19:33.685,t,f,999,FRAME
cmiw61uut0269itntr0uknuue,"",Vogue®,,VO5477B,BLACK,W44,52,18,140,8056597815215,,,69.9,210,1,,,t,2025-12-07 20:19:34.134,2025-12-07 20:19:34.134,t,f,999,FRAME
cmiw61v7b026bitnt5t1kpo0u,"",Vogue®,,VO4249,TOP BORDEAUX/ROSE GOLD,5170,53,18,140,8056597718998,,,66.58,200,1,,,t,2025-12-07 20:19:34.584,2025-12-07 20:19:34.584,t,f,999,FRAME
cmiw61vjw026ditntv02jyg99,"",Vogue®,,VO4050,Brown/Pale Gold,997,53,17,140,8053672724431,,,73.89,222,1,,,t,2025-12-07 20:19:35.036,2025-12-07 20:19:35.036,t,f,999,FRAME
cmiw61vwp026fitntuzbjdadl,"",Vogue®,,VO3845B,Brown/Pink,896,52,16,135,8053672014327,,,75.75,227,0,,,t,2025-12-07 20:19:35.497,2025-12-07 20:19:35.497,t,f,999,FRAME
cmiw61w32026gitntxt4jb1gi,"",Vogue,,VO3813-B,COPPER,,51,17,135,,,,75.75,227,0,,,t,2025-12-07 20:19:35.727,2025-12-07 20:19:35.727,t,f,999,FRAME
cmiw61wat026hitntksxek8cn,"",Polo,,PH2250U,MATTE BOTTLE GREEN,5508,56,16,145,8056597939683,,,76.41,229,1,,,t,2025-12-07 20:19:35.953,2025-12-07 20:19:35.953,t,f,999,FRAME
cmiw61wnk026jitntuk4wdakm,"",Polo,,PH1147,Matte Blue,9303,56,16,150,8053672612059,,,89.12,267,0,,,t,2025-12-07 20:19:36.464,2025-12-07 20:19:36.464,t,f,999,FRAME
cmiw61wtt026kitntm3uaoon8,"",Polo,,PH2271U,SHINY CRYSTAL,5002,53,18,145,8056597913270,,,67.58,203,0,,,t,2025-12-07 20:19:36.69,2025-12-07 20:19:36.69,t,f,999,FRAME
cmiw61x08026litnt4yjw2oxp,"",Vogue Junior Optical,,VY2016,PINK ON AZURE RUBBER,2568,42,14,115,8056597712972,,,25.38,76,0,,,t,2025-12-07 20:19:36.921,2025-12-07 20:19:36.921,t,f,999,FRAME
cmiw61x6x026mitnt0lpx6nbd,"",Oakley Frame,,OX5140 TIE BAR 0.5,SATIN BLACK,514001,56,16,135,888392443021,,,152.96,459,0,,,t,2025-12-07 20:19:37.161,2025-12-07 20:19:37.161,t,f,999,FRAME
cmiw61xdc026nitntc7rpufj5,"",Polo,,PH1229,SEMISHINY SILVER,9001,56,17,145,8056262043905,,,98.71,296,1,,,t,2025-12-07 20:19:37.393,2025-12-07 20:19:37.393,t,f,999,FRAME
cmiw61xqh026pitntk393rguq,"",Vogue Junior Optical,,VY2021,TRANSPARENT DARK GREY,3108,48,17,130,8056597933933,,,33.98,102,0,,,t,2025-12-07 20:19:37.866,2025-12-07 20:19:37.866,t,f,999,FRAME
cmiw61xxd026qitnth6bh1hj1,"",Vogue®,,VO5519,TRANSPARENT CARAMEL,2940,52,17,140,8056597982252,,,53.35,160,1,,,t,2025-12-07 20:19:38.114,2025-12-07 20:19:38.114,t,f,999,FRAME
cmiw61yac026sitntcq8p8dyt,"",Vogue Junior Optical,,VY2023,TRANSPARENT PINK,2780,48,15,125,8056597933384,,,29.27,88,0,,,t,2025-12-07 20:19:38.58,2025-12-07 20:19:38.58,t,f,999,FRAME
cmiw61ygy026titnttqluidzx,"",Vogue Junior Optical,,VY2001,TOP VIOLET/FUXIA,2587,49,16,130,8056262031360,,,36.15,104,1,,,t,2025-12-07 20:19:38.818,2025-12-07 20:19:38.818,t,f,999,FRAME
cmiw61ytr026vitntkmgvbfd8,"",Vogue®,,VO5487B,TRANSPARENT GREY,2726,54,17,140,8056597814898,,,75.75,227,1,,,t,2025-12-07 20:19:39.28,2025-12-07 20:19:39.28,t,f,999,FRAME
cmiw61z6o026xitnt76o1zhsv,"",Vogue®,,VO5556,BROWN/TRANSP ROSE GLITTE,3136,53,18,140,8056262012420,,,56.64,170,0,,,t,2025-12-07 20:19:39.745,2025-12-07 20:19:39.745,t,f,999,FRAME
cmiw61zcx026yitntug6z69xy,"",Vogue®,,VO4108,BLACK/GOLD,280,51,18,135,8053672967944,,,69.9,210,2,,,t,2025-12-07 20:19:39.97,2025-12-07 20:19:39.97,t,f,999,FRAME
cmiw61zpn0270itntb4fm8pxc,"",Vogue Junior Optical,,VY2011,BLUE ON RUBBER CREAM,2974,40,14,115,8056597526838,,,24.07,67,0,,,t,2025-12-07 20:19:40.427,2025-12-07 20:19:40.427,t,f,999,FRAME
cmiw61zw10271itnt9l8hzjbc,"",Guess?,,GU2948,violet/other,083,50,14,140,889214424037,,,65,195,0,,,t,2025-12-07 20:19:40.657,2025-12-07 20:19:40.657,t,f,999,FRAME
cmiw6202g0272itntb84ddta6,"",Guess?,,GU9231,black/other,005,45,16,130,889214440938,,,48,144,1,,,t,2025-12-07 20:19:40.889,2025-12-07 20:19:40.889,t,f,999,FRAME
cmiw620f30274itntci0zsk69,"",Guess?,,GU9228,shiny black,001,49,14,135,889214362865,,,49,147,1,,,t,2025-12-07 20:19:41.343,2025-12-07 20:19:41.343,t,f,999,FRAME
cmiw620tz0276itntnfpaf632,"",Guess?,,GU9235,dark havana,052,48,13,130,889214441119,,,48,144,1,,,t,2025-12-07 20:19:41.879,2025-12-07 20:19:41.879,t,f,999,FRAME
cmiw6216p0278itnty1yzi8ix,"",Guess?,,GU2965,blue/other,092,55,18,140,889214439895,,,71,213,1,,,t,2025-12-07 20:19:42.338,2025-12-07 20:19:42.338,t,f,999,FRAME
cmiw621jm027aitntm9bdx7dp,"",Guess?,,GU2965,pink /other,074,55,18,140,889214439871,,,71,213,1,,,t,2025-12-07 20:19:42.802,2025-12-07 20:19:42.802,t,f,999,FRAME
cmiw621x1027citnt846lvx43,"",Guess?,,GU2980,grey/other,020,50,17,140,889214480248,,,80,240,2,,,t,2025-12-07 20:19:43.285,2025-12-07 20:19:43.285,t,f,999,FRAME
cmiw6229q027fitntkwaiz8z4,"",Guess?,,GU50116,matte blue,091,53,18,135,889214494634,,,72,216,1,,,t,2025-12-07 20:19:43.743,2025-12-07 20:19:43.743,t,f,999,FRAME
cmiw622mh027hitntix5dkbgj,"",Guess?,,GU50116,matte beige,058,53,18,135,889214494627,,,72,216,0,,,t,2025-12-07 20:19:44.201,2025-12-07 20:19:44.201,t,f,999,FRAME
cmiw622st027iitnt8l6udtr1,"",Guess?,,GU2953,grey/other,020,53,17,140,889214424457,,,71,213,1,,,t,2025-12-07 20:19:44.43,2025-12-07 20:19:44.43,t,f,999,FRAME
cmiw6235r027kitnty5kfw9pr,"",Guess?,,GU2674,Black/Other,005,53,19,140,664689956876,,,77,231,2,,,t,2025-12-07 20:19:44.896,2025-12-07 20:19:44.896,t,f,999,FRAME
cmiw623il027mitnt5gfwtczz,"",Vogue®,,VO4177,TOP BLACK/GOLD,280,52,19,135,8056597234238,,,62.39,187,0,,,t,2025-12-07 20:19:45.357,2025-12-07 20:19:45.357,t,f,999,FRAME
cmiw623ox027nitntcteb84ck,"",Tory Burch,,TY2136U,GRADIENT NAVY,1945,51,16,140,725125439398,,,79.54,239,0,,,t,2025-12-07 20:19:45.585,2025-12-07 20:19:45.585,t,f,999,FRAME
cmiw623vj027oitntv5e0cgoe,"",Vogue®,,VO5563,TRANSPARENT CARAMEL,2990,53,17,140,8056262005354,,,62.39,187,1,,,t,2025-12-07 20:19:45.824,2025-12-07 20:19:45.824,t,f,999,FRAME
cmiw6248c027qitnt8h7kmfcy,"",Vogue Junior Optical,,VY2026,TRANSPARENT DARK GREEN,3067,49,16,130,8056262011560,,,33.98,102,0,,,t,2025-12-07 20:19:46.284,2025-12-07 20:19:46.284,t,f,999,FRAME
cmiw624ev027ritntc27liaf6,"",Guess?,,GU50059,crystal,026,53,15,150,889214340795,,,76,228,0,,,t,2025-12-07 20:19:46.52,2025-12-07 20:19:46.52,t,f,999,FRAME
cmiw624ld027sitntoctopf45,"",Oakley,,OO9188,Black,,59,12,133,,,,0,379,0,,,t,2025-12-07 20:19:46.754,2025-12-07 20:19:46.754,t,f,999,FRAME
cmiw624ry027titnt6t322zah,"",Vogue Junior Optical,,VY2001,TOP TRANSPARENT VIOLET,2686,49,16,130,8056262031308,,,36.15,104,0,,,t,2025-12-07 20:19:46.99,2025-12-07 20:19:46.99,t,f,999,FRAME
cmiw624yc027uitntjfsu0k2g,"",Polo,,PH1228,SEMISHINY GUNMETAL,9266,57,17,145,8056262042823,,,93.06,279,1,,,t,2025-12-07 20:19:47.221,2025-12-07 20:19:47.221,t,f,999,FRAME
cmiw625b8027witnt3ogg4xm0,"",Oakley,,OO9452,Black,,65,10,142,,,,105.31,316,1,,,t,2025-12-07 20:19:47.685,2025-12-07 20:19:47.685,t,f,999,FRAME
cmiw625o7027yitntgx47w8ni,"",Oakley Frame,,OX8050 PITCHMAN,Grey Smoke,805006,55,18,140,888392127723,,,109.09,327,1,,,t,2025-12-07 20:19:48.152,2025-12-07 20:19:48.152,t,f,999,FRAME
cmiw626220280itnt9nlth5gx,"",Oakley Frame,,OX8143 CHAMFER SQUARED,SATIN BLACK,814305,54,16,140,888392373465,,,90.21,271,1,,,t,2025-12-07 20:19:48.65,2025-12-07 20:19:48.65,t,f,999,FRAME
cmiw626eu0282itntmn39ji44,"",Oakley Frame,,OX8145D INGRESS,SATIN GREY SMOKE,814502,58,18,144,888392613509,,,84.82,254,1,,,t,2025-12-07 20:19:49.11,2025-12-07 20:19:49.11,t,f,999,FRAME
cmiw626rm0284itntm10q9c0r,"",Oakley,,OO9189,Black,28,60,16,137,,,,133.5,401,0,,,t,2025-12-07 20:19:49.571,2025-12-07 20:19:49.571,t,f,999,FRAME
cmiw626y00285itntk9avuodi,"",Michael Kors,,MK4112 POLANCO,DARK RED TRANSPARENT,3949,52,16,140,725125405720,,,58.27,175,0,,,t,2025-12-07 20:19:49.801,2025-12-07 20:19:49.801,t,f,999,FRAME
cmiw6274h0286itnt9myovwuh,"",Oakley Frame,,OX8137A FROGSKINS RX A,POLISHED CLEAR,813702,55,17,138,888392600455,,,64.23,193,1,,,t,2025-12-07 20:19:50.033,2025-12-07 20:19:50.033,t,f,999,FRAME
cmiw627h30288itnty4w4jr3x,"",Oakley Youth,,OY8016 WHIPBACK,POLISHED PINK,801603,47,14,128,888392518040,,,46.38,139,0,,,t,2025-12-07 20:19:50.488,2025-12-07 20:19:50.488,t,f,999,FRAME
cmiw627nb0289itntsmrn91t2,"",Oakley Youth,,OY8029F HUMBLY A,POLISHED TRANSPARENT BLU,802902,46,17,127,888392619099,,,46.38,139,0,,,t,2025-12-07 20:19:50.712,2025-12-07 20:19:50.712,t,f,999,FRAME
cmiw627ti028aitnte1know99,"",Oakley Youth,,OY8017 ROUND OFF,TRANSPARENT INDIGO,801705,46,16,128,888392592439,,,46.38,139,0,,,t,2025-12-07 20:19:50.934,2025-12-07 20:19:50.934,t,f,999,FRAME
cmiw62812028bitntmo5ng2va,"",Oakley Frame,,OX8100F HOLBROOK RX A,MATTE BLACK CAMO,810004,58,17,137,888392602978,,,69.61,209,0,,,t,2025-12-07 20:19:51.161,2025-12-07 20:19:51.161,t,f,999,FRAME
cmiw6287h028citntsty0i66c,"",Tory Burch,,TY2145U,BLACK,1709,54,17,140,725125519373,,,86.28,259,1,,,t,2025-12-07 20:19:51.437,2025-12-07 20:19:51.437,t,f,999,FRAME
cmiw628k0028eitntv867ee0m,"",Tory Burch,,TY2148U,TORTOISE/CORAL,2000,52,18,145,725125520164,,,86.28,259,0,,,t,2025-12-07 20:19:51.889,2025-12-07 20:19:51.889,t,f,999,FRAME
cmiw628qf028fitntgzhijdje,"",Guess?,,GU2811,shiny black,001,54,17,140,889214214089,,,65,195,0,,,t,2025-12-07 20:19:52.12,2025-12-07 20:19:52.12,t,f,999,FRAME
cmiw628x3028gitnt5h0n6qdz,"",Tory Burch,,TY2144U,VINTAGE TORTOISE,1995,51,17,140,725125519885,,,77.04,231,1,,,t,2025-12-07 20:19:52.359,2025-12-07 20:19:52.359,t,f,999,FRAME
cmiw6299v028iitnt2l0vepme,"",Tory Burch,,TY2145U,DARK TORTOISE,1964,52,17,140,725125519441,,,86.28,259,2,,,t,2025-12-07 20:19:52.82,2025-12-07 20:19:52.82,t,f,999,FRAME
cmiw629mi028kitntix5swm45,"",Tory Burch,,TY2146U,DARK BLUE,1993,51,16,140,725125519946,,,90.48,271,1,,,t,2025-12-07 20:19:53.275,2025-12-07 20:19:53.275,t,f,999,FRAME
cmiw629za028mitntkj399vrn,"",Tory Burch,,TY2148U,BROWN/IVORY,2001,52,18,145,725125520201,,,86.28,259,0,,,t,2025-12-07 20:19:53.735,2025-12-07 20:19:53.735,t,f,999,FRAME
cmiw62a5l028nitntfqnzofzx,"",Tory Burch,,TY2142U,BLUE TORTOISE,1957,51,17,145,725125519472,,,77.04,231,0,,,t,2025-12-07 20:19:53.962,2025-12-07 20:19:53.962,t,f,999,FRAME
cmiw62ac2028oitntb3343xod,"",Tory Burch,,TY2142U,BLACK,1709,53,17,145,725125518482,,,77.04,231,2,,,t,2025-12-07 20:19:54.194,2025-12-07 20:19:54.194,t,f,999,FRAME
cmiw62aor028ritntos06fcxi,"",Tory Burch,,TY4014U,BLACK,1966,55,15,140,725125518918,,,90.48,271,0,,,t,2025-12-07 20:19:54.651,2025-12-07 20:19:54.651,t,f,999,FRAME
cmiw62avf028sitnt3bohe3i2,"",Tory Burch,,TY1086,ROSE GOLD,3353,52,18,140,725125519830,,,90.48,271,1,,,t,2025-12-07 20:19:54.892,2025-12-07 20:19:54.892,t,f,999,FRAME
cmiw62b8i028uitntp0i67hwx,"",Michael Kors,,MK3065J EMPIRE SQUARE 3,LIGHT GOLD / DARK TORTOI,1016,54,17,140,725125395571,,,82.08,246,0,,,t,2025-12-07 20:19:55.363,2025-12-07 20:19:55.363,t,f,999,FRAME
cmiw62bex028vitntrwjz0m0u,"",Michael Kors,,MK4125BU FORMENTERA,PINK TORTOISE,3009,54,16,140,725125517645,,,82.08,246,1,,,t,2025-12-07 20:19:55.593,2025-12-07 20:19:55.593,t,f,999,FRAME
cmiw62brq028xitntnshnfv0f,"",Ray-Ban Rx,,RX3637V NEW ROUND,BLACK,2509,53,21,140,8056597659239,,,82.92,249,0,,,t,2025-12-07 20:19:56.054,2025-12-07 20:19:56.054,t,f,999,FRAME
cmiw62by3028yitnt7aqckpjx,"",Oakley,,OO9449,Matte Black,,61,17,132,,,,75.68,227,0,,,t,2025-12-07 20:19:56.284,2025-12-07 20:19:56.284,t,f,999,FRAME
cmiw62c4h028zitntscy4j4b0,"",Guess?,,GM0389,blue/other,092,55,17,140,889214428240,,,90,270,0,,,t,2025-12-07 20:19:56.514,2025-12-07 20:19:56.514,t,f,999,FRAME
cmiw62cav0290itntwis7qovz,"",Polo,,PH1231,BLACK/GUNMETAL,9216,54,22,145,8056262036525,,,93.58,281,0,,,t,2025-12-07 20:19:56.744,2025-12-07 20:19:56.744,t,f,999,FRAME
cmiw62ch40291itntxn2z5nu1,"",Tory Burch,,TY2146U,BLACK,1709,53,16,140,725125519403,,,90.48,271,1,,,t,2025-12-07 20:19:56.968,2025-12-07 20:19:56.968,t,f,999,FRAME
cmiw62cu30293itntnofdftlm,"",Tory Burch,,TY2142U,CLEAR,1984,53,17,145,725125518505,,,77.04,231,3,,,t,2025-12-07 20:19:57.435,2025-12-07 20:19:57.435,t,f,999,FRAME
cmiw62d6s0295itnteb4om7a2,"",Vogue®,,VO5518,TRANSPARENT PINK,2942,53,16,140,8056597926522,,,56.64,170,1,,,t,2025-12-07 20:19:57.893,2025-12-07 20:19:57.893,t,f,999,FRAME
cmiw62djd0297itntj65id9zs,"",Vogue®,,VO5502D,FULL BORDEAUX,3158,54,16,145,8056262013090,,,51.22,154,1,,,t,2025-12-07 20:19:58.346,2025-12-07 20:19:58.346,t,f,999,FRAME
cmiw62dwz0299itntgl9oj20i,"",Vogue®,,VO5487B,TOP HAVANA/LIGHT BROWN,2386,52,17,140,8056597814867,,,75.75,227,0,,,t,2025-12-07 20:19:58.836,2025-12-07 20:19:58.836,t,f,999,FRAME
cmiw62e3g029aitnthntxrcu5,"",Vogue®,,VO4273,TOP HAVANA/PALE GOLD,5078,53,17,135,8056597814515,,,53.35,160,0,,,t,2025-12-07 20:19:59.069,2025-12-07 20:19:59.069,t,f,999,FRAME
cmiw62ea5029bitnt8zohidem,"",Vogue®,,VO4050,Black/Silver,352,53,17,140,8053672724417,,,73.89,222,0,,,t,2025-12-07 20:19:59.309,2025-12-07 20:19:59.309,t,f,999,FRAME
cmiw62egk029citntzn9510le,"",Tom Ford,,FT5934-B,shiny rose gold,028,54,18,145,889214488404,,,198,594,0,,,t,2025-12-07 20:19:59.541,2025-12-07 20:19:59.541,t,f,999,FRAME
cmiw62en0029ditnt9vsk5i72,"",Tom Ford,,FT5938-B,matte blue,091,54,18,145,889214488527,,,150,450,1,,,t,2025-12-07 20:19:59.773,2025-12-07 20:19:59.773,t,f,999,FRAME
cmiw62f0i029fitntjzv1nwuu,"",Tom Ford,,FT5945-B,shiny palladium,016,56,16,140,889214488732,,,200,600,0,,,t,2025-12-07 20:20:00.258,2025-12-07 20:20:00.258,t,f,999,FRAME
cmiw62f6x029gitntjy8yb75f,"",Tom Ford,,FT5949-B,blue/other,092,56,15,140,889214488886,,,172,516,0,,,t,2025-12-07 20:20:00.489,2025-12-07 20:20:00.489,t,f,999,FRAME
cmiw62fdp029hitntf0f2txw3,"",Tom Ford,,FT5951-B,blue/other,092,54,16,140,889214488961,,,200,600,0,,,t,2025-12-07 20:20:00.734,2025-12-07 20:20:00.734,t,f,999,FRAME
cmiw62fk8029iitntraigu5j9,"",Tom Ford,,FT5948-B,shiny violet,081,55,15,140,889214488848,,,167,501,0,,,t,2025-12-07 20:20:00.969,2025-12-07 20:20:00.969,t,f,999,FRAME
cmiw62fqz029jitnthk9yequu,"",Tom Ford,,FT5953-B,shiny bordeaux,069,55,13,140,889214489043,,,190,570,0,,,t,2025-12-07 20:20:01.211,2025-12-07 20:20:01.211,t,f,999,FRAME
cmiw62fxl029kitntyi4ah7x6,"",Tom Ford,,FT5699-B,black/other,005,55,19,145,889214182005,,,181,543,1,,,t,2025-12-07 20:20:01.449,2025-12-07 20:20:01.449,t,f,999,FRAME
cmiw62gap029mitnthgojhifg,"",Adidas Originals,,OR5022,blue/other,092,55,17,145,889214302526,,,70,210,0,,,t,2025-12-07 20:20:01.921,2025-12-07 20:20:01.921,t,f,999,FRAME
cmiw62ghc029nitnt2y83engc,"",Adidas Originals,,OR5062,black/other,005,55,16,140,889214423160,,,77,231,0,,,t,2025-12-07 20:20:02.16,2025-12-07 20:20:02.16,t,f,999,FRAME
cmiw62gnt029oitnt1351mzdg,"",Adidas Sport,,SP5023,matte black,002,54,15,140,889214368003,,,67,201,1,,,t,2025-12-07 20:20:02.393,2025-12-07 20:20:02.393,t,f,999,FRAME
cmiw62h0h029qitnt5e2qbcqd,"",Adidas Originals,,OR5087,matte light blue,085,55,15,145,889214485397,,,67,195,1,,,t,2025-12-07 20:20:02.85,2025-12-07 20:20:02.85,t,f,999,FRAME
cmiw62hd8029sitnttxnh64v1,"",Adidas Sport,,SP5021,shiny gunmetal,008,54,18,140,889214367907,,,65,195,0,,,t,2025-12-07 20:20:03.309,2025-12-07 20:20:03.309,t,f,999,FRAME
cmiw62hjx029titntgqje7clr,"",Adidas Sport,,SP5043,matte black,002,55,15,145,889214400734,,,66,198,0,,,t,2025-12-07 20:20:03.549,2025-12-07 20:20:03.549,t,f,999,FRAME
cmiw62hq6029uitntb2bjvev0,"",Adidas Sport,,SP5076,grey/other,020,57,15,145,889214485892,,,66,198,1,,,t,2025-12-07 20:20:03.775,2025-12-07 20:20:03.775,t,f,999,FRAME
cmiw62i3l029witnt9j9b3d6o,"",Adidas Originals,,OR5074,shiny black,001,55,16,145,889214460783,,,77,231,2,,,t,2025-12-07 20:20:04.257,2025-12-07 20:20:04.257,t,f,999,FRAME
cmiw62iga029yitntzzxs8xlt,"",Adidas Originals,,OR5027,matte black,002,54,15,145,889214326164,,,72,210,0,,,t,2025-12-07 20:20:04.714,2025-12-07 20:20:04.714,t,f,999,FRAME
cmiw62imn029zitntr17bb0dr,"",guess,,GU7878,Grey,20W,55,16,140,,,,44,138,0,,,t,2025-12-07 20:20:04.944,2025-12-07 20:20:04.944,t,f,999,FRAME
cmiw62it702a0itntosod7ito,"",Tory Burch,,TY2131U,TRANSPARENT SAGE,1941,53,17,140,725125519595,,,79.54,239,0,,,t,2025-12-07 20:20:05.18,2025-12-07 20:20:05.18,t,f,999,FRAME
cmiw62izm02a1itntf8xnsiqp,"",Tory Burch,,TY1086,SHINY LIGHT GOLD,3349,52,18,140,725125518864,,,90.48,271,0,,,t,2025-12-07 20:20:05.411,2025-12-07 20:20:05.411,t,f,999,FRAME
cmiw62j6902a2itnt16uzg7h9,"",Vogue®,,VO5518,BLACK,W44,53,16,140,8056597926584,,,56.64,170,0,,,t,2025-12-07 20:20:05.649,2025-12-07 20:20:05.649,t,f,999,FRAME
cmiw62jco02a3itntq35i1j79,"",Tom Ford,,FT5943-B,dark brown/other,050,56,15,150,889214488688,,,231,693,0,,,t,2025-12-07 20:20:05.88,2025-12-07 20:20:05.88,t,f,999,FRAME
cmiw62jj602a4itntgd2ogqv4,"",guess,,GU7554,Shiny Black,01B,54,17,140,,,,45,135,0,,,t,2025-12-07 20:20:06.114,2025-12-07 20:20:06.114,t,f,999,FRAME
cmiw62jqz02a5itntg9y3j951,"",Polo,,PH1217,SEMISHINY GUNMETAL,9266,52,19,145,8056597839037,,,82.14,246,1,,,t,2025-12-07 20:20:06.35,2025-12-07 20:20:06.35,t,f,999,FRAME
cmiw62k3p02a7itntnhb3vkvg,"",Polo,,PH2274U,SHINY NAVY BLUE,5620,56,17,147,8056262044469,,,87.05,261,1,,,t,2025-12-07 20:20:06.854,2025-12-07 20:20:06.854,t,f,999,FRAME
cmiw62kge02a9itnt795j9xfo,"",Polo,,PH2274U,SHINY CRYSTAL,5869,56,17,147,8056262044483,,,87.05,261,0,,,t,2025-12-07 20:20:07.311,2025-12-07 20:20:07.311,t,f,999,FRAME
cmiw62kms02aaitntujwtkg2e,"",Oakley,,OO9449,POLISHED CLEAR,,61,17,132,,,,75.68,227,0,,,t,2025-12-07 20:20:07.541,2025-12-07 20:20:07.541,t,f,999,FRAME
cmiw62ktj02abitntrgj9x5wp,"",Rayban,,RB3548,Gold,,51,21,145,,,,89.97,270,1,,,t,2025-12-07 20:20:07.783,2025-12-07 20:20:07.783,t,f,999,FRAME
cmiw62l6d02aditntie4ewq2m,"",Guess?,,GM0390,havana/other,056,54,16,140,889214428271,,,90,270,0,,,t,2025-12-07 20:20:08.246,2025-12-07 20:20:08.246,t,f,999,FRAME
cmiw62lcj02aeitntjq0xiccv,"",Ray-Ban Rx,,RX7190,BLACK,2000,51,19,140,8056597434560,,,60.39,181,0,,,t,2025-12-07 20:20:08.468,2025-12-07 20:20:08.468,t,f,999,FRAME
cmiw62lkc02afitnttg50n0h5,"",Oakley Frame,,OX8039 CHAMFER,Satin Black,803901,53,18,140,700285887807,,,84.82,254,3,,,t,2025-12-07 20:20:08.749,2025-12-07 20:20:08.749,t,f,999,FRAME
cmiw62lxk02aiitnth22yjt1y,"",Oakley Frame,,OX5077 CONTRAIL TI RX,SATIN BLACK,507701,55,14,144,888392613073,,,144.14,432,1,,,t,2025-12-07 20:20:09.225,2025-12-07 20:20:09.225,t,f,999,FRAME
cmiw62mbj02akitntdm7r4lse,"",Tom Ford,,FT5574-B,shiny bordeaux,069,55,16,140,889214043337,,,200,600,1,,,t,2025-12-07 20:20:09.727,2025-12-07 20:20:09.727,t,f,999,FRAME
cmiw62moh02amitntex5zobua,"",Tom Ford,,FT5353,Shiny Fuschia,075,52,15,140,664689675630,,,190,570,0,,,t,2025-12-07 20:20:10.194,2025-12-07 20:20:10.194,t,f,999,FRAME
cmiw62muv02anitnter0nghbl,"",Tom Ford,,FT5965-B,coloured havana,055,53,17,140,889214500748,,,144,432,0,,,t,2025-12-07 20:20:10.424,2025-12-07 20:20:10.424,t,f,999,FRAME
cmiw62n1802aoitnttyonlfzj,"",Tom Ford,,FT5965-B,shiny fuxia,075,53,17,140,889214500755,,,144,432,0,,,t,2025-12-07 20:20:10.652,2025-12-07 20:20:10.652,t,f,999,FRAME
cmiw62n7b02apitntypp51yhr,"",Tom Ford,,FT5954-B,coloured havana,055,54,14,140,889214496157,,,254,762,1,,,t,2025-12-07 20:20:10.872,2025-12-07 20:20:10.872,t,f,999,FRAME
cmiw62njs02aritnt398umzmj,"",Polo,,PH2268,SHINY TRANSP. BLUE,5470,51,20,145,8056597912341,,,77.98,234,0,,,t,2025-12-07 20:20:11.321,2025-12-07 20:20:11.321,t,f,999,FRAME
cmiw62nq702asitntday98cx8,"",Tom Ford,,FT5937-B,shiny dark brown,048,52,18,145,889214488466,,,155,465,1,,,t,2025-12-07 20:20:11.551,2025-12-07 20:20:11.551,t,f,999,FRAME
cmiw62o2v02auitntnwieyue8,"",Oakley Frame,,OX8137A FROGSKINS RX A,MATTE BLACK,813703,55,17,138,888392600462,,,64.23,193,0,,,t,2025-12-07 20:20:12.007,2025-12-07 20:20:12.007,t,f,999,FRAME
cmiw62o9502avitntl43ycq2h,"",Oakley Youth,,OY8009 FROGSKINS XS RX,POLISHED TRANS STONEWASH,800910,48,15,133,888392611468,,,57.6,173,1,,,t,2025-12-07 20:20:12.233,2025-12-07 20:20:12.233,t,f,999,FRAME
cmiw62olw02axitntj1b77a45,"",Oakley Youth,,OY3003 FLIP KICK,SATIN BLACK,300301,49,15,126,888392618993,,,51.03,153,0,,,t,2025-12-07 20:20:12.692,2025-12-07 20:20:12.692,t,f,999,FRAME
cmiw62osb02ayitnty7feqvv9,"",Oakley Youth,,OY8028D FIELDER,SATIN BLACK,802801,51,18,130,888392613868,,,51.03,153,1,,,t,2025-12-07 20:20:12.924,2025-12-07 20:20:12.924,t,f,999,FRAME
cmiw62p5202b0itntgfvxzv58,"",Adidas Originals,,OR5076,shiny black,001,54,16,145,889214460868,,,67,201,0,,,t,2025-12-07 20:20:13.382,2025-12-07 20:20:13.382,t,f,999,FRAME
cmiw62pbq02b1itnt3wwtnsuo,"",Adidas Sport,,SP5070,shiny black,001,54,15,145,889214485700,,,68,204,0,,,t,2025-12-07 20:20:13.623,2025-12-07 20:20:13.623,t,f,999,FRAME
cmiw62pi802b2itntoqgafjd0,"",Adidas Originals,,OR5044,grey/other,020,53,16,145,889214364555,,,70,210,0,,,t,2025-12-07 20:20:13.856,2025-12-07 20:20:13.856,t,f,999,FRAME
cmiw62pq802b3itntx75eorkh,"",Adidas Originals,,OR5074,grey/other,020,55,16,145,889214460790,,,77,231,0,,,t,2025-12-07 20:20:14.144,2025-12-07 20:20:14.144,t,f,999,FRAME
cmiw62pyv02b4itntiehfxwrq,"",Adidas Sport,,SP5049,grey/other,020,53,14,145,889214400819,,,66,198,0,,,t,2025-12-07 20:20:14.455,2025-12-07 20:20:14.455,t,f,999,FRAME
cmiw62q9k02b5itntl4y4leg7,"",Adidas Sport,,SP5049,matte gunmetal,009,53,14,145,889214400802,,,66,198,0,,,t,2025-12-07 20:20:14.84,2025-12-07 20:20:14.84,t,f,999,FRAME
cmiw62qja02b6itnti7qrjsq3,"",Adidas Originals,,OR5087,shiny black,001,55,15,145,889214485366,,,67,195,0,,,t,2025-12-07 20:20:15.19,2025-12-07 20:20:15.19,t,f,999,FRAME
cmiw62qr202b7itnt8avw8gh2,"",Adidas Sport,,SP5003,grey/other,020,58,15,140,889214230218,,,63,189,1,,,t,2025-12-07 20:20:15.471,2025-12-07 20:20:15.471,t,f,999,FRAME
cmiw62r4i02b9itntm0aivk30,"",Adidas Originals,,OR5089,matte dark ruthenium,013,55,16,145,889214486158,,,65,195,0,,,t,2025-12-07 20:20:15.955,2025-12-07 20:20:15.955,t,f,999,FRAME
cmiw62rb102baitnt5nr7agj5,"",Adidas Originals,,OR5089,black/other,005,55,16,145,889214486141,,,65,195,0,,,t,2025-12-07 20:20:16.19,2025-12-07 20:20:16.19,t,f,999,FRAME
cmiw62rhe02bbitntnqrw5a99,"",Adidas Sport,,SP5026,black/other,005,55,17,140,889214368133,,,65,195,0,,,t,2025-12-07 20:20:16.418,2025-12-07 20:20:16.418,t,f,999,FRAME
cmiw62roh02bcitntaemofx63,"",Adidas Sport,,SP5025,matte black,002,55,17,140,889214368089,,,65,195,0,,,t,2025-12-07 20:20:16.674,2025-12-07 20:20:16.674,t,f,999,FRAME
cmiw62rv302bditnt4g3p3om5,"",Adidas Originals,,OR5088,shiny black,001,53,16,145,889214485403,,,65,195,1,,,t,2025-12-07 20:20:16.912,2025-12-07 20:20:16.912,t,f,999,FRAME
cmiw62s7o02bfitntd0shb3dt,"",Guess?,,GM50013,turquoise/other,089,55,16,140,889214509659,,,98,294,1,,,t,2025-12-07 20:20:17.364,2025-12-07 20:20:17.364,t,f,999,FRAME
cmiw62ski02bhitnty4r2vezd,"",Guess?,,GU50194,violet/other,083,53,16,140,889214528704,,,65,195,1,,,t,2025-12-07 20:20:17.827,2025-12-07 20:20:17.827,t,f,999,FRAME
cmiw62sxa02bjitntlslqxvhl,"",Guess?,,GU50120,coloured havana,055,52,16,140,889214494818,,,84,210,1,,,t,2025-12-07 20:20:18.286,2025-12-07 20:20:18.286,t,f,999,FRAME
cmiw62tap02blitntbtkaaqem,"",Guess?,,GU50120,shiny black,001,52,16,140,889214494771,,,84,210,0,,,t,2025-12-07 20:20:18.77,2025-12-07 20:20:18.77,t,f,999,FRAME
cmiw62th002bmitnt3l43rfji,"",Guess?,,GU50112,shiny violet,081,55,17,145,889214494238,,,65,195,1,,,t,2025-12-07 20:20:18.996,2025-12-07 20:20:18.996,t,f,999,FRAME
cmiw62tuq02boitnt3o7tediw,"",Guess?,,GU50112,shiny black,001,55,17,145,889214494184,,,65,195,0,,,t,2025-12-07 20:20:19.491,2025-12-07 20:20:19.491,t,f,999,FRAME
cmiw62u1b02bpitntfpp1w5ns,"",Guess?,,GU50112,dark havana,052,53,17,145,889214494139,,,65,195,0,,,t,2025-12-07 20:20:19.728,2025-12-07 20:20:19.728,t,f,999,FRAME
cmiw62u7q02bqitnt0411m9yq,"",Guess?,,GU50112,shiny beige,057,53,17,145,889214494153,,,65,195,1,,,t,2025-12-07 20:20:19.958,2025-12-07 20:20:19.958,t,f,999,FRAME
cmiw62ukj02bsitntfkujhbfc,"",Guess?,,GU2984,bordeaux/other,071,54,16,140,889214463654,,,80,240,1,,,t,2025-12-07 20:20:20.42,2025-12-07 20:20:20.42,t,f,999,FRAME
cmiw62uxk02buitntf30pgaoe,"",Guess?,,GM50007,havana/other,056,54,17,145,889214490681,,,108,324,1,,,t,2025-12-07 20:20:20.888,2025-12-07 20:20:20.888,t,f,999,FRAME
cmiw62vdq02bwitntijhdiyy0,"",Guess?,,GM50007,shiny black,001,54,17,145,889214490674,,,108,324,1,,,t,2025-12-07 20:20:21.425,2025-12-07 20:20:21.425,t,f,999,FRAME
cmiw62vqh02byitnt41jgxqyh,"",Guess?,,GU2980,bordeaux/other,071,53,17,140,889214463494,,,80,240,0,,,t,2025-12-07 20:20:21.929,2025-12-07 20:20:21.929,t,f,999,FRAME
cmiw62vx102bzitntg3yo7w9b,"",Guess?,,GM50012,black/other,005,55,18,140,889214509567,,,93,279,1,,,t,2025-12-07 20:20:22.165,2025-12-07 20:20:22.165,t,f,999,FRAME
cmiw62w9d02c1itntrz9vejn7,"",Guess?,,GU50132,crystal,026,54,18,145,889214495617,,,77,231,1,,,t,2025-12-07 20:20:22.61,2025-12-07 20:20:22.61,t,f,999,FRAME
cmiw62wm402c3itnt6x7rd9c3,"",Ray-Ban Youth,,RY1631,FUCSIA ON RUBBER VIOLET,3933,47,16,130,8056262097045,,,47.6,171,0,,,t,2025-12-07 20:20:23.069,2025-12-07 20:20:23.069,t,f,999,FRAME
cmiw62wsk02c4itntj2039tvg,"",Ray-Ban Youth,,RY9097V JUNIOR ELLIOT,TRANSPARENT BLU,3897,46,16,130,8056597828499,,,32.75,98,1,,,t,2025-12-07 20:20:23.301,2025-12-07 20:20:23.301,t,f,999,FRAME
cmiw62xjl02c6itntp5f54h0d,"",Ray-Ban Youth,,RY1549,BLACK,3941,50,16,130,8056597879835,,,48.8,146,1,,,t,2025-12-07 20:20:24.274,2025-12-07 20:20:24.274,t,f,999,FRAME
cmiw62xzd02c8itnt5b27gvxl,"",Ray-Ban Youth,,RY1555,TRANSPARENT BLUE,3977,48,16,130,8056262165515,,,48.8,146,1,,,t,2025-12-07 20:20:24.841,2025-12-07 20:20:24.841,t,f,999,FRAME
cmiw62yj002caitnt0120fpax,"",Ray-Ban Youth,,RY1555,TRANSPARENT PINK,3978,48,16,130,8056262165539,,,48.8,146,0,,,t,2025-12-07 20:20:25.549,2025-12-07 20:20:25.549,t,f,999,FRAME
cmiw62yr702cbitnt6827n1eh,"",Polo,,PH4189U,Grey,,55,17,145,,,,82.81,248,0,,,t,2025-12-07 20:20:25.843,2025-12-07 20:20:25.843,t,f,999,FRAME
cmiw62z0702ccitnt5qey2xnp,"",Tom Ford,,FT5453,Matte Black,002,54,20,145,664689859498,,,190,570,0,,,t,2025-12-07 20:20:26.167,2025-12-07 20:20:26.167,t,f,999,FRAME
cmiw62z9e02cditnta7xme4is,"",Ray-Ban Rx,,RX5437,LIGHT BROWN,8267,53,17,140,8056262189443,,,83,249,1,,,t,2025-12-07 20:20:26.498,2025-12-07 20:20:26.498,t,f,999,FRAME
cmiw62zn002cfitntecn2o7at,"",Guess?,,GU50135,pale gold,032,57,14,145,889214495846,,,75,225,1,,,t,2025-12-07 20:20:26.988,2025-12-07 20:20:26.988,t,f,999,FRAME
cmiw62zzu02chitntyfjtn7ak,"",Vogue®,,VO5452,DARK HAVANA,W656,53,17,140,8056597711593,,,56.64,170,0,,,t,2025-12-07 20:20:27.45,2025-12-07 20:20:27.45,t,f,999,FRAME
cmiw6306c02ciitnto0qdhx21,"",Vogue®,,VO5424B,TRANSPARENT PINK,2942,51,18,140,8056597952545,,,69.9,210,0,,,t,2025-12-07 20:20:27.685,2025-12-07 20:20:27.685,t,f,999,FRAME
cmiw630cl02cjitnttvc7rjyw,"",Vogue®,,VO5523,DARK HAVANA,W656,52,17,140,8056597927291,,,58.69,176,0,,,t,2025-12-07 20:20:27.909,2025-12-07 20:20:27.909,t,f,999,FRAME
cmiw630it02ckitntj0ki0jm6,"",Vogue®,,VO3987B,Top Bordeaux/Pale Gold,986,52,16,135,8053672486940,,,80.09,240,0,,,t,2025-12-07 20:20:28.133,2025-12-07 20:20:28.133,t,f,999,FRAME
cmiw630p702clitnt77h6ir20,"",Vogue®,,VO5562,TRANSPARENT GREY,2726,52,17,140,8056262004159,,,62.39,187,1,,,t,2025-12-07 20:20:28.364,2025-12-07 20:20:28.364,t,f,999,FRAME
cmiw6312d02cnitntwzgnb3zr,"",Vogue®,,VO5574B,TRANSPARENT GREY,3132,51,17,140,8056262006535,,,80.09,240,0,,,t,2025-12-07 20:20:28.838,2025-12-07 20:20:28.838,t,f,999,FRAME
cmiw6319902coitntclt7pfnc,"",Vogue®,,VO4283,ROSE GOLD,5152,53,17,140,8056597934305,,,68.58,206,0,,,t,2025-12-07 20:20:29.085,2025-12-07 20:20:29.085,t,f,999,FRAME
cmiw631hi02cpitntkf7vacns,"",Ray-Ban Rx,,RX6494,MATTE BLACK ON BLACK,2904,56,18,145,8056597840729,,,93.68,281,0,,,t,2025-12-07 20:20:29.383,2025-12-07 20:20:29.383,t,f,999,FRAME
cmiw631nz02cqitnt1awvjb7p,"",Vogue,,VO3940,GREEN/SILVER,5068,52,16,140,,,,56.64,170,0,,,t,2025-12-07 20:20:29.615,2025-12-07 20:20:29.615,t,f,999,FRAME
cmiw631ue02critnthvj0t9ia,"",Oakley Youth,,OY8031 FIELD MARSH,BLACK INK,803105,50,14,127,888392647979,,,51.03,153,1,,,t,2025-12-07 20:20:29.847,2025-12-07 20:20:29.847,t,f,999,FRAME
cmiw6327e02ctitnt4gijeb9w,"",Oakley Youth,,OY8005 MARSHAL XS,POLISHED CLEAR,800507,49,15,128,888392550941,,,54,162,1,,,t,2025-12-07 20:20:30.315,2025-12-07 20:20:30.315,t,f,999,FRAME
cmiw632l102cvitnt8cz78iru,"",Oakley,,OY8012 FORTNITE,Matte Cyan/Blue Colorshift,,50,15,129,,,,57.6,173,1,,,t,2025-12-07 20:20:30.806,2025-12-07 20:20:30.806,t,f,999,FRAME
cmiw632yf02cxitnt3ixggu41,"",Oakley Youth,,OY8022 HUMBLY,SATIN BLACK,802201,46,17,127,888392581068,,,46.38,139,1,,,t,2025-12-07 20:20:31.287,2025-12-07 20:20:31.287,t,f,999,FRAME
cmiw633cd02czitntgdh8374a,"",Oakley Frame,,OX8187 CEREBRAL,POLISHED CLEAR,818703,55,18,130,888392642257,,,100.79,302,1,,,t,2025-12-07 20:20:31.789,2025-12-07 20:20:31.789,t,f,999,FRAME
cmiw633oz02d1itnttpcbl4cs,"",Oakley Frame,,OX3035 ADDAMS 0.5,POLISHED STONEWASH,303503,54,18,140,888392641892,,,89.72,269,0,,,t,2025-12-07 20:20:32.244,2025-12-07 20:20:32.244,t,f,999,FRAME
cmiw633vb02d2itnt2cafjn9v,"",Oakley Frame,,OX8188D DOUBLE DOWN,BLACK INK,818804,56,16,143,888392642905,,,90.21,271,0,,,t,2025-12-07 20:20:32.472,2025-12-07 20:20:32.472,t,f,999,FRAME
cmiw6341u02d3itnt2j8qaee2,"",Ray-Ban Rx,,RX7248D,TRANSPARENT LIGHT GREY,8411,55,18,145,8056262268551,,,81.93,246,0,,,t,2025-12-07 20:20:32.706,2025-12-07 20:20:32.706,t,f,999,FRAME
cmiw6348h02d4itnttlh92ap3,"",Ray-Ban Rx,,RX5435,HAVANA GREY,8404,56,19,145,8056262270035,,,70.46,211,0,,,t,2025-12-07 20:20:32.945,2025-12-07 20:20:32.945,t,f,999,FRAME
cmiw634ex02d5itntvx0glxcb,"",Guess?,,GU50094,grey/other,020,53,19,145,889214464460,,,71,213,0,,,t,2025-12-07 20:20:33.177,2025-12-07 20:20:33.177,t,f,999,FRAME
cmiw634li02d6itntshdayap6,"",Oakley Frame,,OX8105 PITCHMAN R,SATIN BLACK,810501,52,19,140,888392556349,,,100.79,302,0,,,t,2025-12-07 20:20:33.415,2025-12-07 20:20:33.415,t,f,999,FRAME
cmiw634rv02d7itnt3ozzqmyp,"",Guess?,,GU50120,havana/other,056,54,16,140,889214494887,,,84,210,0,,,t,2025-12-07 20:20:33.643,2025-12-07 20:20:33.643,t,f,999,FRAME
cmiw634ya02d8itntjilnz3pr,"",Polo,,PH2274U,SHINY TRANSPARENT GREY,5902,56,17,147,8056262044506,,,87.05,261,2,,,t,2025-12-07 20:20:33.875,2025-12-07 20:20:33.875,t,f,999,FRAME
cmiw635b102dbitnt7v66ry3m,"",Polo,,PH1232,SHINY BLACK,9223,57,16,145,8056262190203,,,93.06,279,0,,,t,2025-12-07 20:20:34.333,2025-12-07 20:20:34.333,t,f,999,FRAME
cmiw635he02dcitnt87ow9fiz,"",Polo,,PH1232,SEMISHINY GUNMETAL,9266,55,16,145,8056262190210,,,93.06,279,0,,,t,2025-12-07 20:20:34.562,2025-12-07 20:20:34.562,t,f,999,FRAME
cmiw635np02dditntd3uqx0ks,"",Polo,,PH1147,SHINY DARK GUNMETAL,9215,56,16,150,8056262228869,,,89.12,267,4,,,t,2025-12-07 20:20:34.79,2025-12-07 20:20:34.79,t,f,999,FRAME
cmiw6360i02dgitnt9gpgelpo,"",Polo,,PH2274U,SHINY BLACK,5001,56,17,147,8056262044421,,,87.05,261,1,,,t,2025-12-07 20:20:35.251,2025-12-07 20:20:35.251,t,f,999,FRAME
cmiw636dc02diitntqqj8kh60,"",Ray Ban,,RX3016,Grey,,51,21,145,,,,85.46,256,0,,,t,2025-12-07 20:20:35.713,2025-12-07 20:20:35.713,t,f,999,FRAME
cmiw636jx02djitntdxnhcmfc,"",Oakley Frame,,OX8050 PITCHMAN,BLACK INK,805015,55,18,140,888392472267,,,109.09,327,1,,,t,2025-12-07 20:20:35.949,2025-12-07 20:20:35.949,t,f,999,FRAME
cmiw636ww02dlitntm5h18n2w,"",Oakley Frame,,OX5124,Satin Pewter,512402,55,17,143,888392246349,,,129.2,258,0,,,t,2025-12-07 20:20:36.416,2025-12-07 20:20:36.416,t,f,999,FRAME
cmiw6374h02dmitnt1t6jy06c,"",Vogue®,,VO5603,TRANSPARENT PINK,2942,52,16,140,8056262227671,,,52.65,158,0,,,t,2025-12-07 20:20:36.644,2025-12-07 20:20:36.644,t,f,999,FRAME
cmiw637b602dnitnt9g0wqqqq,"",Vogue®,,VO5603,TOTAL DARK HAVANA,2718,54,16,140,8056262227640,,,52.65,158,0,,,t,2025-12-07 20:20:36.93,2025-12-07 20:20:36.93,t,f,999,FRAME
cmiw637hi02doitntfutcssnw,"",Vogue®,,VO5522,BLACK,W44,54,16,140,8056597934114,,,68.58,206,0,,,t,2025-12-07 20:20:37.158,2025-12-07 20:20:37.158,t,f,999,FRAME
cmiw637nw02dpitnt2fmppn1z,"",Michael Kors,,MK4124U SORENGO,BLACK GRADIENT TORTOISE,3942,55,19,145,725125518376,,,64.84,195,1,,,t,2025-12-07 20:20:37.388,2025-12-07 20:20:37.388,t,f,999,FRAME
cmiw6380k02dritntc7gyaqah,"",Michael Kors,,MK4133D HAINAN,BLACK,3005,54,17,145,725125523448,,,56.22,169,1,,,t,2025-12-07 20:20:37.844,2025-12-07 20:20:37.844,t,f,999,FRAME
cmiw638dp02dtitntta1iab1l,"",Michael Kors,,MK4136 MAKENA BEACH,CLEAR,3015,54,17,140,725125524704,,,82.08,246,1,,,t,2025-12-07 20:20:38.318,2025-12-07 20:20:38.318,t,f,999,FRAME
cmiw638rs02dvitnty76f2d78,"",Michael Kors,,MK4140U BIERZO,DARK TORTOISE,3006,54,17,140,725125524438,,,75.52,227,2,,,t,2025-12-07 20:20:38.824,2025-12-07 20:20:38.824,t,f,999,FRAME
cmiw6394m02dyitnt7tvpouua,"",Michael Kors,,MK3085 PARIS,LIGHT GOLD,1014,56,16,140,725125523837,,,58.27,175,0,,,t,2025-12-07 20:20:39.287,2025-12-07 20:20:39.287,t,f,999,FRAME
cmiw639b302dzitntzn8bpogi,"",Michael Kors,,MK3079 MÉRIBEL,SHINY GOLD,1899,56,18,145,725125507646,,,58.27,175,0,,,t,2025-12-07 20:20:39.519,2025-12-07 20:20:39.519,t,f,999,FRAME
cmiw639hk02e0itnt2evimbfn,"",Michael Kors,,MK3084 TORDRILLO,SHINY GOLD,1899,56,18,145,725125510554,,,58.27,175,0,,,t,2025-12-07 20:20:39.752,2025-12-07 20:20:39.752,t,f,999,FRAME
cmiw639o302e1itntvzvhz4dn,"",Michael Kors,,MK4122U RIOJA,BLACK,3005,56,18,145,725125517997,,,58.27,175,1,,,t,2025-12-07 20:20:39.987,2025-12-07 20:20:39.987,t,f,999,FRAME
cmiw63a0v02e3itntb3jw7swz,"",Michael Kors,,MK4122U RIOJA,DARK TORTOISE,3006,56,18,145,725125518000,,,58.27,175,1,,,t,2025-12-07 20:20:40.447,2025-12-07 20:20:40.447,t,f,999,FRAME
cmiw63adg02e5itnt9ep2yep6,"",Michael Kors,,MK4126 SEAVIEW,BLACK,3005,57,18,145,725125523103,,,58.27,175,0,,,t,2025-12-07 20:20:40.9,2025-12-07 20:20:40.9,t,f,999,FRAME
cmiw63ajt02e6itntn5sq4vlb,"",Michael Kors,,MK4127 KINLOCH,NUTMEG SOLID,4007,56,17,145,725125523400,,,58.27,175,0,,,t,2025-12-07 20:20:41.13,2025-12-07 20:20:41.13,t,f,999,FRAME
cmiw63aq602e7itnt0qsveekp,"",Michael Kors,,MK4128U AUGUSTA,BLACK,3005,56,17,145,725125523189,,,58.27,175,1,,,t,2025-12-07 20:20:41.359,2025-12-07 20:20:41.359,t,f,999,FRAME
cmiw63b3h02e9itntdh7yskgg,"",Michael Kors,,MK4128U AUGUSTA,NAVY SOLID,4009,54,17,145,725125523301,,,58.27,175,1,,,t,2025-12-07 20:20:41.837,2025-12-07 20:20:41.837,t,f,999,FRAME
cmiw63bgd02ebitnt2olwttxk,"",Michael Kors,,MK4121U MOSEL,BLACK HORN,3966,54,18,145,725125507509,,,58.27,175,2,,,t,2025-12-07 20:20:42.302,2025-12-07 20:20:42.302,t,f,999,FRAME
cmiw63bt102eeitnttaiasuur,"",Michael Kors,,MK4130 YELLOWSTONE,CLEAR,3015,55,18,145,725125523370,,,64.84,195,1,,,t,2025-12-07 20:20:42.757,2025-12-07 20:20:42.757,t,f,999,FRAME
cmiw63c5o02egitntqf3gvwie,"",Michael Kors,,MK4106U WESTPORT,BLACK,3005,54,17,140,725125396226,,,69.9,210,3,,,t,2025-12-07 20:20:43.212,2025-12-07 20:20:43.212,t,f,999,FRAME
cmiw63cim02ejitntgce5rn39,"",Michael Kors,,MK4129 REDWOOD,BLACK,3005,53,21,145,725125523134,,,64.84,195,1,,,t,2025-12-07 20:20:43.678,2025-12-07 20:20:43.678,t,f,999,FRAME
cmiw63cvi02elitntwl3ro9b3,"",Michael Kors,,MK4129 REDWOOD,CLEAR,3015,53,21,145,725125523172,,,64.84,195,1,,,t,2025-12-07 20:20:44.142,2025-12-07 20:20:44.142,t,f,999,FRAME
cmiw63d8b02enitnt83ewxlbe,"",Tory Burch,,TY1089,SHINY GOLD/ CAMEL,3324,52,16,140,725125524957,,,86.28,259,0,,,t,2025-12-07 20:20:44.604,2025-12-07 20:20:44.604,t,f,999,FRAME
cmiw63dem02eoitnt0uejtceq,"",Tory Burch,,TY1089,SILVER/BLACK,3274,54,16,140,725125525954,,,86.28,259,3,,,t,2025-12-07 20:20:44.83,2025-12-07 20:20:44.83,t,f,999,FRAME
cmiw63dr902eritnteua10wpm,"",Tory Burch,,TY2151U,NAVY BLUE,2008,49,16,140,725125525374,,,84.44,253,2,,,t,2025-12-07 20:20:45.286,2025-12-07 20:20:45.286,t,f,999,FRAME
cmiw63e4802euitntuhp5eoe8,"",Tory Burch,,TY2151U,DARK TORTOISE,1728,53,16,140,725125525336,,,84.44,253,1,,,t,2025-12-07 20:20:45.753,2025-12-07 20:20:45.753,t,f,999,FRAME
cmiw63eh902ewitnt4hhlvm6d,"",Tory Burch,,TY2152U,TRANSPARENT PINOT,1952,53,18,140,725125525350,,,84.44,253,0,,,t,2025-12-07 20:20:46.221,2025-12-07 20:20:46.221,t,f,999,FRAME
cmiw63enm02exitntcfqv89oi,"",Ralph Lauren Children,,PP8547U,SHINY TRANSPARENT LIGHT,5755,49,15,130,8056262239223,,,36.2,109,0,,,t,2025-12-07 20:20:46.45,2025-12-07 20:20:46.45,t,f,999,FRAME
cmiw63eu802eyitntgeow7q4l,"",Vogue®,,VO5562,TRANSPARENT PINK,2939,54,17,140,8056262004180,,,62.39,187,0,,,t,2025-12-07 20:20:46.688,2025-12-07 20:20:46.688,t,f,999,FRAME
cmiw63f0m02ezitnt4751pwvw,"",Adidas Originals,,OR5103,matte black,002,53,17,145,889214554017,,,70,210,0,,,t,2025-12-07 20:20:46.918,2025-12-07 20:20:46.918,t,f,999,FRAME
cmiw63f7702f0itnth54jhldz,"",Adidas Originals,,OR5091,shiny black,001,52,19,145,889214486226,,,70,210,0,,,t,2025-12-07 20:20:47.156,2025-12-07 20:20:47.156,t,f,999,FRAME
cmiw63fdr02f1itnt94lqvycr,"",Adidas Originals,,OR5113-D,black/other,005,53,18,145,889214554383,,,75,225,0,,,t,2025-12-07 20:20:47.391,2025-12-07 20:20:47.391,t,f,999,FRAME
cmiw63fk202f2itntnzgpzjka,"",Adidas Originals,,OR5112-D,matte black,002,52,16,145,889214554352,,,75,225,1,,,t,2025-12-07 20:20:47.619,2025-12-07 20:20:47.619,t,f,999,FRAME
cmiw63fwy02f4itntu6ia2ufa,"",Adidas Originals,,OR5107,grey/other,020,53,18,145,889214554185,,,67,201,0,,,t,2025-12-07 20:20:48.083,2025-12-07 20:20:48.083,t,f,999,FRAME
cmiw63g3h02f5itntm6xin9lo,"",Adidas Originals,,OR5107,shiny black,001,53,18,145,889214554161,,,67,201,1,,,t,2025-12-07 20:20:48.317,2025-12-07 20:20:48.317,t,f,999,FRAME
cmiw63ggi02f7itnteq9i176l,"",Adidas Sport,,SP5089-H,grey/other,020,55,16,145,889214550569,,,63,189,1,,,t,2025-12-07 20:20:48.786,2025-12-07 20:20:48.786,t,f,999,FRAME
cmiw63gt502f9itnt8k1lnj47,"",Adidas Sport,,SP5089-H,matte black,002,55,16,145,889214550552,,,63,189,1,,,t,2025-12-07 20:20:49.242,2025-12-07 20:20:49.242,t,f,999,FRAME
cmiw63h5w02fbitnt81k55vht,"",Adidas Sport,,SP5086-H,grey/other,020,55,15,145,889214550460,,,67,201,1,,,t,2025-12-07 20:20:49.701,2025-12-07 20:20:49.701,t,f,999,FRAME
cmiw63hio02fditnti2gfgvqm,"",Adidas Sport,,SP5086-H,crystal,026,55,15,145,889214550477,,,67,201,0,,,t,2025-12-07 20:20:50.161,2025-12-07 20:20:50.161,t,f,999,FRAME
cmiw63hpb02feitntevfym5o4,"",Guess?,,GM50016,grey/other,020,53,20,140,889214529558,,,105,315,1,,,t,2025-12-07 20:20:50.4,2025-12-07 20:20:50.4,t,f,999,FRAME
cmiw63i1v02fgitntia3tl7zl,"",Guess?,,GM50018,dark green/other,098,54,17,140,889214529664,,,100,300,1,,,t,2025-12-07 20:20:50.851,2025-12-07 20:20:50.851,t,f,999,FRAME
cmiw63iek02fiitnt4o24ygeo,"",Guess?,,GM50014,black/other,005,55,17,140,889214529442,,,93,279,0,,,t,2025-12-07 20:20:51.309,2025-12-07 20:20:51.309,t,f,999,FRAME
cmiw63il802fjitnt6t4tmgix,"",Guess?,,GU50183,shiny black,001,54,15,145,889214537225,,,71,213,1,,,t,2025-12-07 20:20:51.548,2025-12-07 20:20:51.548,t,f,999,FRAME
cmiw63iz902flitnt1cuftp88,"",Guess?,,GU50203-D,grey/other,020,53,18,140,889214538079,,,75,225,1,,,t,2025-12-07 20:20:52.053,2025-12-07 20:20:52.053,t,f,999,FRAME
cmiw63jby02fnitnt778vezrd,"",Guess?,,GU50203-D,shiny red,066,53,18,140,889214538086,,,75,225,0,,,t,2025-12-07 20:20:52.51,2025-12-07 20:20:52.51,t,f,999,FRAME
cmiw63jim02foitntmkt89wqb,"",Guess?,,GU50190,shiny black,001,56,16,150,889214537645,,,75,225,1,,,t,2025-12-07 20:20:52.75,2025-12-07 20:20:52.75,t,f,999,FRAME
cmiw63jvd02fqitnt4m1kf5iq,"",Guess?,,GU50181,grey/other,020,52,15,135,889214537065,,,77,231,2,,,t,2025-12-07 20:20:53.21,2025-12-07 20:20:53.21,t,f,999,FRAME
cmiw63k8a02ftitnt481kne76,"",Guess?,,GU50179,pale gold,032,55,14,140,889214536914,,,72,0,0,,,t,2025-12-07 20:20:53.674,2025-12-07 20:20:53.674,t,f,999,FRAME
cmiw63kep02fuitnt1j3wvrza,"",Guess?,,GU50174,dark green/other,098,54,16,140,889214536594,,,70,210,1,,,t,2025-12-07 20:20:53.905,2025-12-07 20:20:53.905,t,f,999,FRAME
cmiw63ks102fwitnt2or8icr0,"",Michael Kors,,MK3084 TORDRILLO,SHINY GUNMETAL,1002,56,18,145,725125510547,,,58.27,175,0,,,t,2025-12-07 20:20:54.386,2025-12-07 20:20:54.386,t,f,999,FRAME
cmiw63kyu02fxitntomogxxl2,"",Michael Kors,,MK3080 STEAMBOAT,SHINY GUNMETAL,1002,56,18,145,725125509817,,,58.27,175,1,,,t,2025-12-07 20:20:54.63,2025-12-07 20:20:54.63,t,f,999,FRAME
cmiw63w3q02hsitntsgzzfppz,"",Tom Ford,,FT5954-B,havana/other,056,54,14,140,889214496164,,,254,762,0,,,t,2025-12-07 20:21:09.063,2025-12-07 20:21:09.063,t,f,999,FRAME
cmiw63lbs02fzitntghdanmms,"",Michael Kors,,MK4123U MONTREUX,OLIVE TORTOISE,3943,57,17,145,725125518031,,,64.84,195,0,,,t,2025-12-07 20:20:55.096,2025-12-07 20:20:55.096,t,f,999,FRAME
cmiw63li402g0itntyfepghxy,"",Michael Kors,,MK4124U SORENGO,BLUE BLOCK TORTOISE,3977,55,19,145,725125518116,,,64.84,195,2,,,t,2025-12-07 20:20:55.325,2025-12-07 20:20:55.325,t,f,999,FRAME
cmiw63lv002g3itnt1d4iu7ro,"",Vogue®,,VO5605,YELLOW TORTOISE,2605,53,17,140,8056262249949,,,58.69,176,1,,,t,2025-12-07 20:20:55.789,2025-12-07 20:20:55.789,t,f,999,FRAME
cmiw63m8e02g5itnttea3rh34,"",Guess?,,GM50011,blonde havana,053,54,16,140,889214520647,,,90,270,0,,,t,2025-12-07 20:20:56.271,2025-12-07 20:20:56.271,t,f,999,FRAME
cmiw63mex02g6itntlpq9z5cy,"",Tory Burch,,TY2129U,MILKY LIGHT BLUE,1969,55,18,140,725125526968,,,77.04,231,0,,,t,2025-12-07 20:20:56.505,2025-12-07 20:20:56.505,t,f,999,FRAME
cmiw63mlb02g7itnt17dorbbm,"",Michael Kors,,MK3080 STEAMBOAT,SHINY SILVER,1893,56,18,145,725125519625,,,58.27,175,1,,,t,2025-12-07 20:20:56.736,2025-12-07 20:20:56.736,t,f,999,FRAME
cmiw63my702g9itntlz8w73gi,"",Vogue®,,VO4088,BROWN/PALE GOLD,997,52,18,140,8053672867350,,,69.9,210,0,,,t,2025-12-07 20:20:57.2,2025-12-07 20:20:57.2,t,f,999,FRAME
cmiw63n4u02gaitntllo4pcl1,"",Vogue®,,VO5559,ROSE TORTOISE,3145,53,18,140,8056262006603,,,69.9,210,0,,,t,2025-12-07 20:20:57.438,2025-12-07 20:20:57.438,t,f,999,FRAME
cmiw63nbc02gbitnt9hik4es7,"",Vogue®,,VO5569,TRANSPARENT BLUE,2764,53,19,135,8056262004685,,,62.39,187,1,,,t,2025-12-07 20:20:57.673,2025-12-07 20:20:57.673,t,f,999,FRAME
cmiw63no102gditntnp1r55mj,"",Vogue®,,VO5611B,TRANSPARENT PURPLE,3177,52,20,140,8056262232156,,,69.9,210,0,,,t,2025-12-07 20:20:58.129,2025-12-07 20:20:58.129,t,f,999,FRAME
cmiw63nub02geitntrherikzq,"",Vogue®,,VO5614,TRANSPARENT GREY,3188,53,18,145,8056262243572,,,68.58,206,0,,,t,2025-12-07 20:20:58.355,2025-12-07 20:20:58.355,t,f,999,FRAME
cmiw63o1e02gfitntkmcgcg7h,"",Vogue®,,VO5605,GREY TORTOISE,3149,53,17,140,8056262249963,,,58.69,176,0,,,t,2025-12-07 20:20:58.611,2025-12-07 20:20:58.611,t,f,999,FRAME
cmiw63o8602ggitntphvneb60,"",Rayban,,RB3687,Gunmetal W/Grey Gradient,004,61,17,145,,,,0,291,0,,,t,2025-12-07 20:20:58.854,2025-12-07 20:20:58.854,t,f,999,FRAME
cmiw63oeq02ghitntmnvcnxpi,"",Michael Kors,,MK3079 MÉRIBEL,SHINY BLACK,1005,56,18,145,725125507639,,,58.27,175,2,,,t,2025-12-07 20:20:59.091,2025-12-07 20:20:59.091,t,f,999,FRAME
cmiw63orl02gkitntijgzgvi9,"",Michael Kors,,MK4123U MONTREUX,BLACK,3005,57,17,145,725125518017,,,64.84,195,1,,,t,2025-12-07 20:20:59.553,2025-12-07 20:20:59.553,t,f,999,FRAME
cmiw63p5f02gmitntn0a829ny,"",Guess?,,GM50009,black/other,005,55,16,145,889214490766,,,93,279,0,,,t,2025-12-07 20:21:00.051,2025-12-07 20:21:00.051,t,f,999,FRAME
cmiw63pbu02gnitntpxmvoy0r,"",Vogue,,VO 5558-S,Pink,,55,19,140,,,,35.55,107,0,,,t,2025-12-07 20:21:00.283,2025-12-07 20:21:00.283,t,f,999,FRAME
cmiw63pil02goitntdbz1752a,"",Rayban,,RB4171,Trans Pink,6742/11,54,18,145,,,,83.04,249,0,,,t,2025-12-07 20:21:00.525,2025-12-07 20:21:00.525,t,f,999,FRAME
cmiw63ppg02gpitntmu8g6zqq,"",Oakley Youth,,OY8029F HUMBLY A,DUSTY ROSE,802903,46,17,127,888392619112,,,46.38,139,0,,,t,2025-12-07 20:21:00.772,2025-12-07 20:21:00.772,t,f,999,FRAME
cmiw63pvt02gqitnt6os6tzhs,"",Oakley Youth,,OY8002 CROSSLINK XS,GREY SHADOW,800215,49,14,122,888392592453,,,54,162,1,,,t,2025-12-07 20:21:01.002,2025-12-07 20:21:01.002,t,f,999,FRAME
cmiw63q8y02gsitnta7e2h5iq,"",Oakley Youth,,OY8023 QUAD OUT,SATIN GREY SMOKE,802302,49,15,130,888392579683,,,51.03,153,0,,,t,2025-12-07 20:21:01.474,2025-12-07 20:21:01.474,t,f,999,FRAME
cmiw63qg002gtitntawxhu8r9,"",Oakley Frame,,OX5148 WINGBACK SQ,MATTE DARK NAVY,514804,54,18,136,888392467430,,,118.65,356,0,,,t,2025-12-07 20:21:01.729,2025-12-07 20:21:01.729,t,f,999,FRAME
cmiw63qmk02guitnt7xdtjhi8,"",Oakley Frame,,OX8091 MARSHAL MNP,Satin Black,809101,55,17,144,888392231321,,,90.21,271,1,,,t,2025-12-07 20:21:01.965,2025-12-07 20:21:01.965,t,f,999,FRAME
cmiw63qz702gwitntviq1q68u,"",Ray-Ban Rx,,RX6494,BLU ON SILVER,3155,54,18,145,8056597840774,,,93.68,281,0,,,t,2025-12-07 20:21:02.419,2025-12-07 20:21:02.419,t,f,999,FRAME
cmiw63r5f02gxitntg3pbnvk9,"",Oakley Frame,,OX8139 HSTN RX,MATTE BLACK,813906,50,21,140,888392645845,,,69.61,209,0,,,t,2025-12-07 20:21:02.643,2025-12-07 20:21:02.643,t,f,999,FRAME
cmiw63rbp02gyitnttcspuilg,"",Oakley Frame,,OX8187 CEREBRAL,POLISHED BLACK,818705,55,18,130,888392642295,,,100.79,302,0,,,t,2025-12-07 20:21:02.87,2025-12-07 20:21:02.87,t,f,999,FRAME
cmiw63rhy02gzitntk9mkzg4e,"",guess,,GU7886,Black,01B,53,17,140,,,,54,162,0,,,t,2025-12-07 20:21:03.094,2025-12-07 20:21:03.094,t,f,999,FRAME
cmiw63rog02h0itntbycye0i4,"",Eight to Eighty,,Ramona,Burgundy,,51,17,140,,,,0,90,0,,,t,2025-12-07 20:21:03.328,2025-12-07 20:21:03.328,t,f,999,FRAME
cmiw63ruu02h1itntdbw2exbm,"",Oakley,,OO9494,Black,,59,16,140,,,,90.68,272,1,,,t,2025-12-07 20:21:03.559,2025-12-07 20:21:03.559,t,f,999,FRAME
cmiw63s7r02h3itnte9paxoun,"",Oakley Frame,,OX3035 ADDAMS 0.5,SATIN BLACK,303501,56,18,140,888392641861,,,89.72,269,0,,,t,2025-12-07 20:21:04.023,2025-12-07 20:21:04.023,t,f,999,FRAME
cmiw63se802h4itntx6t7a2lt,"",Oakley Youth,,OY8007 FIELD DAY,BLACK INK,800703,48,14,128,888392374172,,,57.6,173,0,,,t,2025-12-07 20:21:04.257,2025-12-07 20:21:04.257,t,f,999,FRAME
cmiw63skk02h5itnt8x7ukygh,"",Oakley Youth,,OY8013 FULL COUNT,SATIN BLACK CAMO,801304,51,15,126,888392487865,,,51.03,153,0,,,t,2025-12-07 20:21:04.484,2025-12-07 20:21:04.484,t,f,999,FRAME
cmiw63sr902h6itntt333zlse,"",Oakley Youth,,OY8010 CARTWHEEL,POLISHED TRANSPARENT GIN,801009,49,14,122,888392620064,,,49.2,148,1,,,t,2025-12-07 20:21:04.726,2025-12-07 20:21:04.726,t,f,999,FRAME
cmiw63t4602h8itntbsm8b7za,"",Oakley Frame,,OX8156 HOLBROOK RX,POLISHED TRANSLUCENT SEP,815614,56,18,137,888392620804,,,73.91,222,0,,,t,2025-12-07 20:21:05.191,2025-12-07 20:21:05.191,t,f,999,FRAME
cmiw63tai02h9itntm1a8m97y,"",Vogue®,,VO5477B,TRANSPARENT CHERRY,2989,52,18,140,8056597815192,,,69.9,210,0,,,t,2025-12-07 20:21:05.418,2025-12-07 20:21:05.418,t,f,999,FRAME
cmiw63tgz02haitntg52hba9r,"",Rayban,,RJ9069S,Black/Red,716687,48,16,130,,,,48.17,145,0,,,t,2025-12-07 20:21:05.651,2025-12-07 20:21:05.651,t,f,999,FRAME
cmiw63tnf02hbitntkipmcu6z,"",Oakley Frame,,OX3173 BARRELHOUSE,Pewter,317302,52,17,139,700285854823,,,102.96,309,1,,,t,2025-12-07 20:21:05.883,2025-12-07 20:21:05.883,t,f,999,FRAME
cmiw63u0e02hditntalnlj4x6,"",Tom Ford,,FT5948-B,shiny pink,072,55,15,140,889214488831,,,167,501,3,,,t,2025-12-07 20:21:06.351,2025-12-07 20:21:06.351,t,f,999,FRAME
cmiw63ud502hgitntc3yp7rps,"",Tom Ford,,FT5408,Grey/Other,020,56,16,145,664689786220,,,172,516,4,,,t,2025-12-07 20:21:06.81,2025-12-07 20:21:06.81,t,f,999,FRAME
cmiw63uuw02hjitntwhixuk0y,"",Tom Ford,,FT5893-B,shiny bordeaux,069,55,16,140,889214419071,,,190,570,2,,,t,2025-12-07 20:21:07.449,2025-12-07 20:21:07.449,t,f,999,FRAME
cmiw63v7n02hmitntg4e10q3k,"",Tom Ford,,FT5984-B,shiny pink,072,54,19,140,889214522641,,,194,582,1,,,t,2025-12-07 20:21:07.907,2025-12-07 20:21:07.907,t,f,999,FRAME
cmiw63vke02hoitnt9bklfamv,"",Tom Ford,,FT5959-B,grey/other,020,56,14,145,889214500328,,,165,495,3,,,t,2025-12-07 20:21:08.367,2025-12-07 20:21:08.367,t,f,999,FRAME
cmiw63vxg02hritntyfdy1kz3,"",Tom Ford,,FT5802-B,shiny black,001,53,17,145,889214327154,,,158,474,0,,,t,2025-12-07 20:21:08.836,2025-12-07 20:21:08.836,t,f,999,FRAME
cmiw63wa102htitntc26h4p33,"",Tom Ford,,FT5973-B,grey/other,020,49,20,145,889214522238,,,187,561,1,,,t,2025-12-07 20:21:09.29,2025-12-07 20:21:09.29,t,f,999,FRAME
cmiw63wmv02hvitnt1r5pbrxl,"",Tom Ford,,FT5638-B,shiny black,001,50,16,140,889214073112,,,149,447,1,,,t,2025-12-07 20:21:09.751,2025-12-07 20:21:09.751,t,f,999,FRAME
cmiw63wzf02hxitntetzprvmc,"",Tom Ford,,FT5986-B,havana/other,056,52,18,140,889214522726,,,144,432,0,,,t,2025-12-07 20:21:10.203,2025-12-07 20:21:10.203,t,f,999,FRAME
cmiw63x6702hyitntriw8q35y,"",Tom Ford,,FT5899-B,dark havana,052,48,19,145,889214443403,,,149,447,0,,,t,2025-12-07 20:21:10.448,2025-12-07 20:21:10.448,t,f,999,FRAME
cmiw63xcs02hzitntv02fzoly,"",Tom Ford,,FT5712-B,dark havana,052,50,15,140,889214144270,,,172,516,1,,,t,2025-12-07 20:21:10.684,2025-12-07 20:21:10.684,t,f,999,FRAME
cmiw63xpe02i1itntiwfc0iyk,"",Tom Ford,,FT5712-B,shiny pink,072,50,15,140,889214144287,,,172,516,0,,,t,2025-12-07 20:21:11.138,2025-12-07 20:21:11.138,t,f,999,FRAME
cmiw63xw302i2itntuhdvd2m5,"",Guess?,,GU50121,blue/other,092,55,16,145,889214495006,,,75,225,0,,,t,2025-12-07 20:21:11.38,2025-12-07 20:21:11.38,t,f,999,FRAME
cmiw63y2h02i3itnt4j60cbzn,"",guess,,GU00100,Brown Tortoise,52F,55,17,140,,,,49,147,0,,,t,2025-12-07 20:21:11.61,2025-12-07 20:21:11.61,t,f,999,FRAME
cmiw63y8w02i4itntxvka64px,"",Oakley Frame,,OX3026 VOON,PEWTER,302602,57,17,139,888392617460,,,84.82,254,0,,,t,2025-12-07 20:21:11.841,2025-12-07 20:21:11.841,t,f,999,FRAME
cmiw63yfd02i5itnt7ndh566b,"",Oakley Frame,,OX8032 HEX JECTOR,SATIN BLACK,803205,57,17,141,888392592712,,,73.91,222,0,,,t,2025-12-07 20:21:12.073,2025-12-07 20:21:12.073,t,f,999,FRAME
cmiw63yls02i6itntnt6q3rtv,"",Oakley Frame,,OX8058 THE CUT,SATIN BLACK,805801,56,17,140,888392590367,,,64.23,193,1,,,t,2025-12-07 20:21:12.305,2025-12-07 20:21:12.305,t,f,999,FRAME
cmiw63yyl02i8itnttdlxpsd8,"",Oakley Frame,,OX8056F ADMISSION A,SATIN BLACK CAMO,805604,57,16,140,888392587237,,,69.61,209,0,,,t,2025-12-07 20:21:12.765,2025-12-07 20:21:12.765,t,f,999,FRAME
cmiw63z5102i9itntneqqqhgs,"",Polo,,PH1215,SEMISHINY DARK GUNMETAL,9307,56,17,150,8056597731171,,,75.39,226,0,,,t,2025-12-07 20:21:12.998,2025-12-07 20:21:12.998,t,f,999,FRAME
cmiw63zbl02iaitntmuonqiep,"",Polo,,PH1229,SEMISHINY NAVY BLUE,9273,56,17,145,8056262043950,,,98.71,296,1,,,t,2025-12-07 20:21:13.234,2025-12-07 20:21:13.234,t,f,999,FRAME
cmiw63zoe02icitnt2qmtu0zv,"",Polo,,PH1229,SEMISHINY DARK GUNMETAL,9307,56,17,145,8056262043974,,,98.71,296,1,,,t,2025-12-07 20:21:13.695,2025-12-07 20:21:13.695,t,f,999,FRAME
cmiw6400v02ieitnt8tqlkdhi,"",Polo,,PH2123,Black,5489,56,17,145,8053672311778,,,79.02,237,0,,,t,2025-12-07 20:21:14.143,2025-12-07 20:21:14.143,t,f,999,FRAME
cmiw6407602ifitnt41q3uu35,"",Polo,,PH2123,SHINY CRYSTAL,5331,56,17,145,8056597921152,,,79.02,237,1,,,t,2025-12-07 20:21:14.37,2025-12-07 20:21:14.37,t,f,999,FRAME
cmiw640jw02ihitntgoa8yuyt,"",Polo,,PH1228,SEMISHINY DARK GUNMETAL,9307,54,17,145,8056262042854,,,93.06,279,2,,,t,2025-12-07 20:21:14.828,2025-12-07 20:21:14.828,t,f,999,FRAME
cmiw640wr02ikitntaxtwwyks,"",Costa,,06A8014,Black/Blue,801401,55,16,140,,,,83.4,250,2,,,t,2025-12-07 20:21:15.292,2025-12-07 20:21:15.292,t,f,999,FRAME
cmiw6419n02imitntvtysglp9,"",Costa,,06A8023,Black/Red,80230353,53,17,145,,,,55.73,167,1,,,t,2025-12-07 20:21:15.755,2025-12-07 20:21:15.755,t,f,999,FRAME
cmiw641mb02ioitnt72um213g,"",Costa,,06A8021,Black,80210155,53,14,140,,,,77.87,234,1,,,t,2025-12-07 20:21:16.211,2025-12-07 20:21:16.211,t,f,999,FRAME
cmiw641z002iqitntqeog3ltz,"",Costa,,06A8015,Pacific Blue,02,52,17,140,,,,83.4,250,0,,,t,2025-12-07 20:21:16.668,2025-12-07 20:21:16.668,t,f,999,FRAME
cmiw6425502iritntnivv006h,"",Costa,,06A2004,Abyss Blue,04,55,18,140,,,,77.87,234,0,,,t,2025-12-07 20:21:16.889,2025-12-07 20:21:16.889,t,f,999,FRAME
cmiw642bm02isitnt9znohplj,"",Costa,,06A8021,Gray Crystal,80210255,55,14,140,,,,77.87,234,2,,,t,2025-12-07 20:21:17.122,2025-12-07 20:21:17.122,t,f,999,FRAME
cmiw642oh02iuitntefsqeo3f,"",Costa,,06A8017,Matte Algae Green,80170452,52,16,140,,,,77.87,234,1,,,t,2025-12-07 20:21:17.585,2025-12-07 20:21:17.585,t,f,999,FRAME
cmiw6431302iwitntg5r7vd9l,"",Costa,,06A8017,Gray Crystal,80170354,54,16,140,,,,77.87,234,1,,,t,2025-12-07 20:21:18.039,2025-12-07 20:21:18.039,t,f,999,FRAME
cmiw643dz02iyitntanyo1k39,"",Costa,,06A8015,Fog Gray,03,54,17,140,,,,83.4,250,2,,,t,2025-12-07 20:21:18.503,2025-12-07 20:21:18.503,t,f,999,FRAME
cmiw643r402j0itntilp21e32,"",Costa,,06A8014,Fog Gray,801403,59,16,145,,,,83.4,250,1,,,t,2025-12-07 20:21:18.976,2025-12-07 20:21:18.976,t,f,999,FRAME
cmiw6443z02j2itnt1bkl1elg,"",Costa,,06A8012,Smoke Crystal,80120255,55,16,145,,,,83.4,250,2,,,t,2025-12-07 20:21:19.44,2025-12-07 20:21:19.44,t,f,999,FRAME
cmiw644gr02j4itntyqdn1p9n,"",Costa,,06A8011,Matte Black,80110153,53,17,140,,,,83.4,250,0,,,t,2025-12-07 20:21:19.899,2025-12-07 20:21:19.899,t,f,999,FRAME
cmiw644n202j5itntunr2qzd0,"",Costa,,06A3016,Matte Black,301604,53,17,145,,,,88.93,267,0,,,t,2025-12-07 20:21:20.127,2025-12-07 20:21:20.127,t,f,999,FRAME
cmiw644ta02j6itntg9qsu7mk,"",Costa,,06A3016,Black,301601,55,17,145,,,,88.93,267,2,,,t,2025-12-07 20:21:20.351,2025-12-07 20:21:20.351,t,f,999,FRAME
cmiw6455y02j8itntmcdakj7r,"",Costa,,06A3015,Pacific Blue,02,55,17,145,,,,88.93,267,4,,,t,2025-12-07 20:21:20.806,2025-12-07 20:21:20.806,t,f,999,FRAME
cmiw645ip02jaitnt3lk7msoe,"",Costa,,06A3015,Black,01,53,17,145,,,,88.93,267,2,,,t,2025-12-07 20:21:21.266,2025-12-07 20:21:21.266,t,f,999,FRAME
cmiw645va02jcitnte80uonh1,"",Costa,,06A3014,Gunmetal,301403,55,17,145,,,,83.84,252,2,,,t,2025-12-07 20:21:21.719,2025-12-07 20:21:21.719,t,f,999,FRAME
cmiw6467x02jeitnt64m3vtg0,"",Costa,,06A3005,Pacific Blue,300503,55,16,145,,,,88.93,267,0,,,t,2025-12-07 20:21:22.173,2025-12-07 20:21:22.173,t,f,999,FRAME
cmiw646fg02jfitnt6fmutr3g,"",Costa,,06A3005,Matte Gunmetal,300502,57,16,145,,,,88.93,267,1,,,t,2025-12-07 20:21:22.401,2025-12-07 20:21:22.401,t,f,999,FRAME
cmiw646sd02jhitntx5t6vq85,"",Costa,,06A2002V,Salt Marsh,20020353,53,20,140,,,,73.36,220,0,,,t,2025-12-07 20:21:22.909,2025-12-07 20:21:22.909,t,f,999,FRAME
cmiw646yw02jiitnt1uiml5ee,"",Costa,,06S4007,Shiny Rose Gold,40071057,57,15,132,,,,135,405,1,,,t,2025-12-07 20:21:23.144,2025-12-07 20:21:23.144,t,f,999,FRAME
cmiw647bq02jkitntckc3ove9,"",Costa,,06S9108,Taupe Crystal w/Cooper,91080454,54,19,136,,,,104.66,314,1,,,t,2025-12-07 20:21:23.606,2025-12-07 20:21:23.606,t,f,999,FRAME
cmiw647o902jmitntokgq3582,"",Costa,,06S9017,Brine Red Sky,90173759,59,18,130,,,,94.66,284,1,,,t,2025-12-07 20:21:24.057,2025-12-07 20:21:24.057,t,f,999,FRAME
cmiw6481702joitntuqgz0wq1,"",Costa,,06S2013,Kailano Smoke Crystal,20130253,53,17,140,,,,124.66,374,0,,,t,2025-12-07 20:21:24.524,2025-12-07 20:21:24.524,t,f,999,FRAME
cmiw6487r02jpitntdgpm4c0f,"",Costa,,06S2002,Sullivan Deep Crystal Aquamarine,20022052,53,19,140,,,,124.66,374,0,,,t,2025-12-07 20:21:24.76,2025-12-07 20:21:24.76,t,f,999,FRAME
cmiw648ec02jqitnt7g8h2602,"",Costa,,06S9051,Salina Coral Tortoise,90510553,53,20,140,,,,98.66,296,0,,,t,2025-12-07 20:21:24.996,2025-12-07 20:21:24.996,t,f,999,FRAME
cmiw648ky02jritntej487qjx,"",Costa,,06S2009,May Pink Sand,20091557,57,15,140,,,,131,393,1,,,t,2025-12-07 20:21:25.234,2025-12-07 20:21:25.234,t,f,999,FRAME
cmiw648xu02jtitntn7bxjm6w,"",Costa,,06S9114,Seadrift Shiny Tortoise,91140558,58,15,123,,,,93.21,280,0,,,t,2025-12-07 20:21:25.699,2025-12-07 20:21:25.699,t,f,999,FRAME
cmiw6494l02juitnt38k4s8f9,"",Costa,,06S9117,Matte Black,91170759,59,15,138,,,,112.5,338,1,,,t,2025-12-07 20:21:25.941,2025-12-07 20:21:25.941,t,f,999,FRAME
cmiw649h602jwitntdpym6z0w,"",Costa,,06S9116,Matte Black,91160659,59,16,127,,,,106.12,318,1,,,t,2025-12-07 20:21:26.395,2025-12-07 20:21:26.395,t,f,999,FRAME
cmiw649x102jyitnt7p2fric3,"",Costa,,06S9125,Milky Violet,04,58,19,140,,,,124.5,374,1,,,t,2025-12-07 20:21:26.965,2025-12-07 20:21:26.965,t,f,999,FRAME
cmiw64aek02k0itnthl1ten3f,"",Costa,,06S9120,Matte Tortoise,9120158,58,15,134,,,,134.66,404,1,,,t,2025-12-07 20:21:27.596,2025-12-07 20:21:27.596,t,f,999,FRAME
cmiw64avr02k2itnt53p30h0g,"",Vogue®,,VO4271B,PALE GOLD,848,52,16,135,8056597814645,,,80.09,240,1,,,t,2025-12-07 20:21:28.216,2025-12-07 20:21:28.216,t,f,999,FRAME
cmiw64beb02k4itnt99pelpvh,"",Vogue®,,VO4283,PALE GOLD,848,53,17,140,8056597934367,,,68.58,206,0,,,t,2025-12-07 20:21:28.884,2025-12-07 20:21:28.884,t,f,999,FRAME
cmiw64bn802k5itntp87hajdj,"",Vogue®,,VO5603,TRANSPARENT GREY,2726,54,16,140,8056262227664,,,52.65,158,0,,,t,2025-12-07 20:21:29.204,2025-12-07 20:21:29.204,t,f,999,FRAME
cmiw64bwd02k6itntt0xg2aqn,"",Vogue®,,VO5239,TOP BROWN/CRYSTAL,2735,54,16,140,8056597076753,,,69.9,210,0,,,t,2025-12-07 20:21:29.533,2025-12-07 20:21:29.533,t,f,999,FRAME
cmiw64c4702k7itnt9v3mnrna,"",Ray-Ban Rx,,RX7056,Shiny Black,2000,55,17,145,8053672403046,,,83,249,0,,,t,2025-12-07 20:21:29.815,2025-12-07 20:21:29.815,t,f,999,FRAME
cmiw64can02k8itntjzcc5dyy,"",Adidas Sport,,SP5086-H,matte black,002,55,15,145,889214550453,,,67,201,1,,,t,2025-12-07 20:21:30.047,2025-12-07 20:21:30.047,t,f,999,FRAME
cmiw64cnr02kaitntyg86l0fa,"",Oakley Frame,,OX5126 GAUGE 3.1,PEWTER,512602,54,18,137,888392268860,,,118.65,356,1,,,t,2025-12-07 20:21:30.519,2025-12-07 20:21:30.519,t,f,999,FRAME
cmiw64d0w02kcitntvk3bcknv,"",Oakley Frame,,OX5115 WINGFOLD EVS,Satin Black,511502,53,18,139,888392192387,,,118.65,356,0,,,t,2025-12-07 20:21:30.992,2025-12-07 20:21:30.992,t,f,999,FRAME
cmiw64d7g02kditnt0z5q3tia,"",Oakley Frame,,OX3249 EXTENDER,SATIN BLACK,324901,58,16,135,888392563798,,,77.47,232,1,,,t,2025-12-07 20:21:31.229,2025-12-07 20:21:31.229,t,f,999,FRAME
cmiw64dkq02kfitnttipe173v,"",Costa,,06S9018,Matte Deep Blue Fade,901839,63,11,140,,,,148,444,1,,,t,2025-12-07 20:21:31.706,2025-12-07 20:21:31.706,t,f,999,FRAME
cmiw64dxf02khitntiq51huit,"",Costa,,06S9054,Blackout,905404,64,17,140,,,,110.12,330,0,,,t,2025-12-07 20:21:32.163,2025-12-07 20:21:32.163,t,f,999,FRAME
cmiw64e3y02kiitntxjcsd9z8,"",Costa,,06S9020,Silver,90201065,65,12,128,,,,110.12,330,1,,,t,2025-12-07 20:21:32.399,2025-12-07 20:21:32.399,t,f,999,FRAME
cmiw64egt02kkitnt3hsn9xym,"",Costa,,06S9118,Matte Black,91180559,59,19,125,,,,77.21,232,1,,,t,2025-12-07 20:21:32.861,2025-12-07 20:21:32.861,t,f,999,FRAME
cmiw64etg02kmitntu2lggazl,"",Costa,,06S9014,Matte Black,90140762,62,17,120,,,,110.12,330,2,,,t,2025-12-07 20:21:33.317,2025-12-07 20:21:33.317,t,f,999,FRAME
cmiw64f6h02kpitnt04vhspcw,"",Costa,,06S9049,Matte Smoke Crystal,90490557,57,16,145,,,,98.66,296,0,,,t,2025-12-07 20:21:33.785,2025-12-07 20:21:33.785,t,f,999,FRAME
cmiw64fcs02kqitntbr8ddv8q,"",Costa,,06S9024,Blackout,90240661,61,10,125,,,,98.66,296,0,,,t,2025-12-07 20:21:34.013,2025-12-07 20:21:34.013,t,f,999,FRAME
cmiw64fj402kritnt5d9c53yx,"",Costa,,06S9022,Matte Grey,90221062,63,16,125,,,,106,318,1,,,t,2025-12-07 20:21:34.241,2025-12-07 20:21:34.241,t,f,999,FRAME
cmiw64fvx02ktitnteno2ycwv,"",Costa,,06S9009,Blackout,90090462,62,11,125,,,,116.5,350,1,,,t,2025-12-07 20:21:34.702,2025-12-07 20:21:34.702,t,f,999,FRAME
cmiw64g8q02kvitntlaj9ns2b,"",Costa,,06S9006,Tortoise,90061559,59,14,127,,,,110.12,330,1,,,t,2025-12-07 20:21:35.162,2025-12-07 20:21:35.162,t,f,999,FRAME
cmiw64glo02kxitnt297icf92,"",Costa,,06S9007,Matte Dark Blue,90071264,64,15,115,,,,110.12,330,0,,,t,2025-12-07 20:21:35.628,2025-12-07 20:21:35.628,t,f,999,FRAME
cmiw64gs802kyitnt17j1wayu,"",Costa,,06S9056,Blackout,90560158,58,18,122,,,,94.66,284,1,,,t,2025-12-07 20:21:35.865,2025-12-07 20:21:35.865,t,f,999,FRAME
cmiw64h4z02l0itnt4afen2sq,"",Costa,,06S9057,06S9057,900570162,61,18,12,,,,100.12,300,1,,,t,2025-12-07 20:21:36.323,2025-12-07 20:21:36.323,t,f,999,FRAME
cmiw64hhr02l2itntbnfzw6rw,"",Costa,,06S9078,Matte Black,90780160,60,16,121,,,,154.5,464,1,,,t,2025-12-07 20:21:36.784,2025-12-07 20:21:36.784,t,f,999,FRAME
cmiw64huw02l4itnt0dt25fj9,"",Costa,,06S9107,Tiger Shark,91070655,55,18,136,,,,134.66,404,1,,,t,2025-12-07 20:21:37.256,2025-12-07 20:21:37.256,t,f,999,FRAME
cmiw64i9o02l6itntokqcz8je,"",Oakley,,OX8191,Matte Blue Steel,81910455,55,15,141,,,,109.09,327,0,,,t,2025-12-07 20:21:37.788,2025-12-07 20:21:37.788,t,f,999,FRAME
cmiw64ig302l7itntvqau4nz6,"",Guess,,GU7554,Black,01B,54,17,140,,,,45,135,1,,,t,2025-12-07 20:21:38.019,2025-12-07 20:21:38.019,t,f,999,FRAME
cmiw64it702l9itntokpiuzi0,"",Oakley Frame,,OX5118 WINGFOLD EVR,Satin Midnight,511804,53,18,139,888392192707,,,118.65,356,1,,,t,2025-12-07 20:21:38.491,2025-12-07 20:21:38.491,t,f,999,FRAME
cmiw64j5t02lbitnt8eu17m9a,"",Costa,,06A8011,Pacific Blue,80110356,56,17,140,,,,83.4,250,1,,,t,2025-12-07 20:21:38.945,2025-12-07 20:21:38.945,t,f,999,FRAME
cmiw64jii02lditnthvxqismd,"",Costa,,06A8004V,Grey/Matt Black,80040457,57,15,140,,,,63.64,191,0,,,t,2025-12-07 20:21:39.402,2025-12-07 20:21:39.402,t,f,999,FRAME
cmiw64joy02leitnt687pf5at,"",Ray-Ban Rx,,RX3694V JIM,ARISTA,2500,53,20,140,8056597721691,,,83,249,0,,,t,2025-12-07 20:21:39.634,2025-12-07 20:21:39.634,t,f,999,FRAME
cmiw64jvf02lfitnt8zhsa9n7,"",Ray-Ban Rx,,RX7225 LEONID,BLACK,8260,54,20,145,8056597938570,,,67.1,201,0,,,t,2025-12-07 20:21:39.867,2025-12-07 20:21:39.867,t,f,999,FRAME
cmiw64k1t02lgitnt9ku6dxed,"",Oakley,,OO9242,Blue/Gold,1152,52,21,142,,,,127.51,383,0,,,t,2025-12-07 20:21:40.097,2025-12-07 20:21:40.097,t,f,999,FRAME
cmiw64k8b02lhitnt87dvttef,"",Oakley Frame,,OX8164 PORT BOW,POLISHED TRANSLUCENT SEP,816407,55,17,141,888392620712,,,69.61,209,0,,,t,2025-12-07 20:21:40.331,2025-12-07 20:21:40.331,t,f,999,FRAME
cmiw64kes02liitnt1bfat414,"",Oakley Frame,,OX8100F HOLBROOK RX A,POLISHED CLEAR,810003,58,17,137,888392602992,,,69.61,209,0,,,t,2025-12-07 20:21:40.564,2025-12-07 20:21:40.564,t,f,999,FRAME
cmiw64kl102ljitntbq6zy3r3,"",Oakley Frame,,OX3036 FOIL RQ,PEWTER,303602,57,18,140,888392661661,,,64.23,193,1,,,t,2025-12-07 20:21:40.789,2025-12-07 20:21:40.789,t,f,999,FRAME
cmiw64kxm02llitntd6cx18ig,"",Oakley Frame,,OX8139 HSTN RX,MATTE VAPOR,813908,50,21,140,888392666482,,,69.61,209,1,,,t,2025-12-07 20:21:41.242,2025-12-07 20:21:41.242,t,f,999,FRAME
cmiw64laq02lnitnt7s6sjowp,"",Tory Burch,,TY2133U,TOYKO TORTOISE,1989,53,18,140,725125397643,,,72.81,218,1,,,t,2025-12-07 20:21:41.714,2025-12-07 20:21:41.714,t,f,999,FRAME
cmiw64lne02lpitnt9djvofmd,"",Michael Kors,,MK4135U TORTOLA,ASH,4003,54,17,140,725125523660,,,56.22,169,0,,,t,2025-12-07 20:21:42.171,2025-12-07 20:21:42.171,t,f,999,FRAME
cmiw64ltt02lqitnt9xzgyd3z,"",Michael Kors,,MK4135U TORTOLA,LIGHT IRIS,4005,54,17,140,725125523684,,,56.22,169,0,,,t,2025-12-07 20:21:42.401,2025-12-07 20:21:42.401,t,f,999,FRAME
cmiw64m0z02lritnt9zqs0ymh,"",Michael Kors,,MK4133D HAINAN,DEEP RED,4004,54,17,145,725125523554,,,56.22,169,0,,,t,2025-12-07 20:21:42.659,2025-12-07 20:21:42.659,t,f,999,FRAME
cmiw64m7i02lsitnt4euzycbb,"",Michael Kors,,MK4124U SORENGO,OLIVE BLOCK TORTOISE,3963,55,19,145,725125518093,,,64.84,195,2,,,t,2025-12-07 20:21:42.894,2025-12-07 20:21:42.894,t,f,999,FRAME
cmiw64mka02lvitnthsfi1ohu,"",Michael Kors,,MK4121U MOSEL,BROWN HORN,3977,54,18,145,725125507516,,,58.27,175,0,,,t,2025-12-07 20:21:43.354,2025-12-07 20:21:43.354,t,f,999,FRAME
cmiw64mqt02lwitntmxscmue8,"",Michael Kors,,MK4112 POLANCO,DARK TORTOISE,3006,54,16,140,725125403979,,,58.27,175,0,,,t,2025-12-07 20:21:43.59,2025-12-07 20:21:43.59,t,f,999,FRAME
cmiw64mxc02lxitntwlf8ckmq,"",Michael Kors,,MK3064B MARSAILLE,LIGHT GOLD / MATTE BLACK,1014,55,17,140,725125395595,,,82.08,246,0,,,t,2025-12-07 20:21:43.825,2025-12-07 20:21:43.825,t,f,999,FRAME
cmiw64n3n02lyitntlalof2st,"",Michael Kors,,MK4133D HAINAN,DARK TORTOISE,3006,54,17,145,725125523486,,,56.22,169,2,,,t,2025-12-07 20:21:44.051,2025-12-07 20:21:44.051,t,f,999,FRAME
cmiw64ng802m1itntxiz9a48s,"",Michael Kors,,MK3079 MÉRIBEL,SHINY HUSK,1001,56,18,145,725125507622,,,58.27,175,1,,,t,2025-12-07 20:21:44.505,2025-12-07 20:21:44.505,t,f,999,FRAME
cmiw64nsy02m3itntytxdbjjx,"",Michael Kors,,MK3079 MÉRIBEL,SHINY SILVER,1893,56,18,145,725125519533,,,58.27,175,0,,,t,2025-12-07 20:21:44.962,2025-12-07 20:21:44.962,t,f,999,FRAME
cmiw64nzc02m4itntvaal7s3g,"",Michael Kors,,MK4137 OCEAN DRIVE,BLACK,3005,52,17,140,725125524629,,,82.08,246,1,,,t,2025-12-07 20:21:45.193,2025-12-07 20:21:45.193,t,f,999,FRAME
cmiw64oc902m6itnt6oeol2n9,"",Michael Kors,,MK4137 OCEAN DRIVE,DEEP RED,4004,52,17,140,725125524643,,,82.08,246,1,,,t,2025-12-07 20:21:45.658,2025-12-07 20:21:45.658,t,f,999,FRAME
cmiw64op202m8itntlsom5628,"",Michael Kors,,MK4136 MAKENA BEACH,BLACK,3005,52,17,140,725125524650,,,82.08,246,3,,,t,2025-12-07 20:21:46.119,2025-12-07 20:21:46.119,t,f,999,FRAME
cmiw64p2i02mbitntfulopp4d,"",Michael Kors,,MK4140U BIERZO,BLACK,3005,54,17,140,725125524407,,,75.52,227,1,,,t,2025-12-07 20:21:46.603,2025-12-07 20:21:46.603,t,f,999,FRAME
cmiw64pfl02mditntzdpiotio,"",Michael Kors,,MK4129 REDWOOD,VINTAGE TORTOISE,4006,53,21,145,725125523233,,,64.84,195,1,,,t,2025-12-07 20:21:47.074,2025-12-07 20:21:47.074,t,f,999,FRAME
cmiw64pst02mfitntru7hocb2,"",Michael Kors,,MK3076B CORDOBA,ROSE GOLD,1108,55,16,140,725125510660,,,82.08,246,2,,,t,2025-12-07 20:21:47.549,2025-12-07 20:21:47.549,t,f,999,FRAME
cmiw64q5f02mhitntuipv19md,"",Michael Kors,,MK3072 NAPIER,LIGHT GOLD / CRYSTAL INS,1018,54,17,140,725125402941,,,82.93,249,0,,,t,2025-12-07 20:21:48.003,2025-12-07 20:21:48.003,t,f,999,FRAME
cmiw64qc202miitnt8quy0eru,"",Michael Kors,,MK3084 TORDRILLO,SHINY HUSK,1001,56,18,145,725125510530,,,58.27,175,1,,,t,2025-12-07 20:21:48.243,2025-12-07 20:21:48.243,t,f,999,FRAME
cmiw64qov02mkitntge2zluq8,"",Michael Kors,,MK4130 YELLOWSTONE,BLACK,3005,55,18,145,725125523363,,,64.84,195,0,,,t,2025-12-07 20:21:48.704,2025-12-07 20:21:48.704,t,f,999,FRAME
cmiw64qv802mlitntn5wct8f3,"",Vogue®,,VO4271B,TOP HAVANA/PALE GOLD,5078,52,16,135,8056597814560,,,80.09,240,0,,,t,2025-12-07 20:21:48.932,2025-12-07 20:21:48.932,t,f,999,FRAME
cmiw64r1o02mmitntfianx4qg,"",Vogue®,,VO4331,PALE GOLD/TOP BORDEAUX,5208,53,17,140,8056262348734,,,56.64,170,1,,,t,2025-12-07 20:21:49.164,2025-12-07 20:21:49.164,t,f,999,FRAME
cmiw64roy02moitnt331l2cro,"",Vogue®,,VO4331,ROSE GOLD,5152,51,17,140,8056262348796,,,56.64,170,0,,,t,2025-12-07 20:21:50.003,2025-12-07 20:21:50.003,t,f,999,FRAME
cmiw64rv702mpitntpv6kuv4k,"",Vogue®,,VO5624,FULL CHERRY,2875,51,17,140,8056262351536,,,68.58,206,1,,,t,2025-12-07 20:21:50.227,2025-12-07 20:21:50.227,t,f,999,FRAME
cmiw64s8202mritnt47n4hiq2,"",Vogue®,,VO5624,ROSE HAVANA,3199,53,17,140,8056262351567,,,68.58,206,1,,,t,2025-12-07 20:21:50.691,2025-12-07 20:21:50.691,t,f,999,FRAME
cmiw64sko02mtitntskfosv1p,"",Vogue®,,VO4250,TOP BRUSHED AZURE/SILVER,5177,53,18,140,8056597720250,,,64.55,194,0,,,t,2025-12-07 20:21:51.144,2025-12-07 20:21:51.144,t,f,999,FRAME
cmiw64sr002muitnt6ghefh4u,"",Vogue®,,VO4333,LIGHT BROWN,5138,54,16,140,8056262350874,,,68.58,206,1,,,t,2025-12-07 20:21:51.372,2025-12-07 20:21:51.372,t,f,999,FRAME
cmiw64t4102mwitntr52argcn,"",Vogue®,,VO5522,TRANSPARENT BROWN,3156,54,16,140,8056262413548,,,68.58,206,0,,,t,2025-12-07 20:21:51.841,2025-12-07 20:21:51.841,t,f,999,FRAME
cmiw64taa02mxitnt6zgg8s35,"",Vogue®,,VO5636U,BLACK,W44,52,18,140,8056262367346,,,53.35,160,0,,,t,2025-12-07 20:21:52.067,2025-12-07 20:21:52.067,t,f,999,FRAME
cmiw64tgj02myitnt279186gu,"",Polo,,PH2290U,SHINY NAVY BLUE,5620,54,17,145,8056262396971,,,71.22,214,0,,,t,2025-12-07 20:21:52.291,2025-12-07 20:21:52.291,t,f,999,FRAME
cmiw64tmr02mzitnt40tamj50,"",Polo,,PH2290U,SHINY BLACK,5001,54,17,145,8056262396957,,,71.22,214,3,,,t,2025-12-07 20:21:52.516,2025-12-07 20:21:52.516,t,f,999,FRAME
cmiw64tzp02n2itntxhcqpain,"",Polo,,PH2290U,SHINY TRANSPARENT GREEN,6243,54,17,145,8056262397015,,,71.22,214,0,,,t,2025-12-07 20:21:52.982,2025-12-07 20:21:52.982,t,f,999,FRAME
cmiw64u6002n3itntwpkgipxe,"",Oakley,,OO9487-0761,Clear,,61,18,143,,,,118.5,356,0,,,t,2025-12-07 20:21:53.208,2025-12-07 20:21:53.208,t,f,999,FRAME
cmiw64uca02n4itntrkifr16t,"",Michael Kors,,MK3092 HIGHLAND PARK,MATTE GUNMETAL,1002,57,16,145,725125532099,,,58.27,175,0,,,t,2025-12-07 20:21:53.435,2025-12-07 20:21:53.435,t,f,999,FRAME
cmiw64uij02n5itnttb2omdlw,"",Michael Kors,,MK4155U BAYSHORE,VINTAGE TORTOISE,3904,57,18,145,725125533256,,,64.84,195,1,,,t,2025-12-07 20:21:53.66,2025-12-07 20:21:53.66,t,f,999,FRAME
cmiw64uuy02n7itnty19j9yb2,"",Michael Kors,,MK4158U SEQUOIA,OLIVE TRANSPARENT,4012,55,18,145,725125533232,,,58.27,175,0,,,t,2025-12-07 20:21:54.106,2025-12-07 20:21:54.106,t,f,999,FRAME
cmiw64v1502n8itnts0diydba,"",Michael Kors,,MK4154U PINECREST,BLACK,3005,56,17,145,725125532310,,,64.84,195,0,,,t,2025-12-07 20:21:54.329,2025-12-07 20:21:54.329,t,f,999,FRAME
cmiw64v7j02n9itntwo5ls4i1,"",Michael Kors,,MK4159U SAGUARO,DARK TORTOISE,3006,57,16,145,725125533188,,,58.27,175,0,,,t,2025-12-07 20:21:54.559,2025-12-07 20:21:54.559,t,f,999,FRAME
cmiw64vdt02naitntf7dnfbh0,"",Michael Kors,,MK4155U BAYSHORE,BLACK,3005,55,18,145,725125533010,,,64.84,195,0,,,t,2025-12-07 20:21:54.785,2025-12-07 20:21:54.785,t,f,999,FRAME
cmiw64vk502nbitnta76bcevo,"",Michael Kors,,MK4155U BAYSHORE,GREY DENIM,4009,55,18,145,725125533270,,,64.84,195,0,,,t,2025-12-07 20:21:55.014,2025-12-07 20:21:55.014,t,f,999,FRAME
cmiw64vqg02ncitntxc9zns8i,"",Michael Kors,,MK4157U ECHO PARK,DARK TORTOISE,3006,56,18,145,725125533294,,,58.27,175,1,,,t,2025-12-07 20:21:55.24,2025-12-07 20:21:55.24,t,f,999,FRAME
cmiw64w3702neitnt567d6vzy,"",Michael Kors,,MK4157U ECHO PARK,BLACK,3005,56,18,145,725125534383,,,58.27,175,0,,,t,2025-12-07 20:21:55.7,2025-12-07 20:21:55.7,t,f,999,FRAME
cmiw64w9s02nfitnt9id6vo7r,"",Tory Burch,,TY1092,MILKY GREY GREEN,2025,51,20,140,725125530729,,,90.48,271,1,,,t,2025-12-07 20:21:55.936,2025-12-07 20:21:55.936,t,f,999,FRAME
cmiw64wmh02nhitntu2cmyts1,"",Tory Burch,,TY2159U,HAVANNA,1964,53,17,140,725125533751,,,75.33,226,0,,,t,2025-12-07 20:21:56.393,2025-12-07 20:21:56.393,t,f,999,FRAME
cmiw64wsw02niitntdnpumvj4,"",Tory Burch,,TY2159U,STRIATED PURPLE,2027,53,17,140,725125533799,,,75.33,226,1,,,t,2025-12-07 20:21:56.624,2025-12-07 20:21:56.624,t,f,999,FRAME
cmiw64x5j02nkitntb080wqdc,"",Tory Burch,,TY2155U,DARK TORTOISE,1964,52,17,145,725125533508,,,72.81,218,1,,,t,2025-12-07 20:21:57.079,2025-12-07 20:21:57.079,t,f,999,FRAME
cmiw64xic02nmitntqr3w9i3c,"",Tory Burch,,TY2157U,DARK TORTOISE,1964,53,17,145,725125530804,,,72.81,218,2,,,t,2025-12-07 20:21:57.54,2025-12-07 20:21:57.54,t,f,999,FRAME
cmiw64xv802npitntn1dlaoz5,"",Oakley Frame,,OX8046 AIRDROP,MATTE BLUE STEEL,804620,55,18,143,888392666659,,,89.72,269,0,,,t,2025-12-07 20:21:58.005,2025-12-07 20:21:58.005,t,f,999,FRAME
cmiw64y1j02nqitnti5qtpp8v,"",Ray-Ban,,RB3016,Grey on Black,1367B1,51,21,145,,,,95.5,287,1,,,t,2025-12-07 20:21:58.231,2025-12-07 20:21:58.231,t,f,999,FRAME
cmiw64ydq02nsitntctah4vau,"",Oakley Frame,,OX8156 HOLBROOK RX,MATTE BLUE STEEL,815617,56,18,137,888392666611,,,73.91,222,1,,,t,2025-12-07 20:21:58.671,2025-12-07 20:21:58.671,t,f,999,FRAME
cmiw64yqp02nuitntdhph1h1r,"",Costa,,06A3015,Gunmetal,03,55,17,145,,,,88.93,267,2,,,t,2025-12-07 20:21:59.138,2025-12-07 20:21:59.138,t,f,999,FRAME
cmiw64z3k02nwitntbzu30uwa,"",Costa,,06A3015,Matte Light Gold Gunmetal,05,57,17,145,,,,88.93,267,1,,,t,2025-12-07 20:21:59.6,2025-12-07 20:21:59.6,t,f,999,FRAME
cmiw64zgc02nyitntpvkaxmru,"",Costa,,06A8023,Matte Smoke Crystal,802302,55,17,145,,,,55.73,167,1,,,t,2025-12-07 20:22:00.061,2025-12-07 20:22:00.061,t,f,999,FRAME
cmiw64ztf02o0itnt79kjzcex,"",Costa,,06A3014,Black,301401,55,17,145,,,,83.84,252,0,,,t,2025-12-07 20:22:00.531,2025-12-07 20:22:00.531,t,f,999,FRAME
cmiw6500502o1itntk1v377pm,"",Oakley,,OO9417,Blue,,59,18,137,,,,113.5,341,0,,,t,2025-12-07 20:22:00.773,2025-12-07 20:22:00.773,t,f,999,FRAME
cmiw6506n02o2itnt8qzowe6j,"",Tom Ford,,FT5974-B,yellow/other,041,50,23,145,889214522276,,,206,618,0,,,t,2025-12-07 20:22:01.007,2025-12-07 20:22:01.007,t,f,999,FRAME
cmiw650df02o3itntaprqgknv,"",Tom Ford,,FT5967-B,shiny pink,072,53,18,140,889214500816,,,200,600,1,,,t,2025-12-07 20:22:01.252,2025-12-07 20:22:01.252,t,f,999,FRAME
cmiw650qc02o5itnt8ulr4br6,"",Tom Ford,,FT5985-B,shiny fuxia,075,55,18,140,889214522689,,,194,582,0,,,t,2025-12-07 20:22:01.716,2025-12-07 20:22:01.716,t,f,999,FRAME
cmiw650wm02o6itntaeuiqnvv,"",Tom Ford,,FT5991-B,blue/other,092,55,18,140,889214522924,,,183,549,0,,,t,2025-12-07 20:22:01.943,2025-12-07 20:22:01.943,t,f,999,FRAME
cmiw6512v02o7itntd31yeav4,"",Costa,,06A2004,Smoke Crystal,01,55,18,140,,,,77.87,234,0,,,t,2025-12-07 20:22:02.167,2025-12-07 20:22:02.167,t,f,999,FRAME
cmiw6519302o8itnt82nhexd8,"",Michael Kors,,MK4114 PUNTA MITA,BLACK/AMBER TORTOISE,3950,55,16,135,725125405713,,,64.84,195,2,,,t,2025-12-07 20:22:02.391,2025-12-07 20:22:02.391,t,f,999,FRAME
cmiw651lr02obitntmtvuxuhh,"",Tory Burch,,TY2147U,YELLOW/GREEN,2005,54,16,145,725125520324,,,91.48,274,0,,,t,2025-12-07 20:22:02.848,2025-12-07 20:22:02.848,t,f,999,FRAME
cmiw651s302ocitntt3onn0pm,"",Affordable Designs,,Dwight,Grey,,54,19,145,810146781561,,,79.95,120,0,,,t,2025-12-07 20:22:03.076,2025-12-07 20:22:03.076,t,f,999,FRAME
cmiw651yl02oditntwrw3r5sr,"",Affordable Designs,,Dwight,Black,,54,19,145,810146781554,,,79.95,120,0,,,t,2025-12-07 20:22:03.31,2025-12-07 20:22:03.31,t,f,999,FRAME
cmiw6524t02oeitntumwy0ffd,"",Affordable Designs,,Dwight,Tortoise,,54,19,145,810146781578,,,79.95,120,1,,,t,2025-12-07 20:22:03.534,2025-12-07 20:22:03.534,t,f,999,FRAME
cmiw652h402ogitnt9ad9qoya,"",Ralph,,RA7177U,SHINY BLACK,5001,53,16,145,8056262459096,,,76.67,230,2,,,t,2025-12-07 20:22:03.977,2025-12-07 20:22:03.977,t,f,999,FRAME
cmiw652tr02ojitntwzl4iqao,"",Ralph,,RA7177U,SHINY BLUSH CRYSTAL,5801,55,16,145,8056262459201,,,76.67,230,0,,,t,2025-12-07 20:22:04.431,2025-12-07 20:22:04.431,t,f,999,FRAME
cmiw652zw02okitntzh0uhtgl,"",Ralph,,RA7180U,LIGHT GREEN CRYSTAL,6279,55,17,145,8056262460405,,,65.42,196,2,,,t,2025-12-07 20:22:04.653,2025-12-07 20:22:04.653,t,f,999,FRAME
cmiw653e102onitnttpe793yc,"",Ralph,,RA7180U,SHINY BLUE CRYSTAL,6119,55,17,145,8056262460276,,,65.42,196,0,,,t,2025-12-07 20:22:05.162,2025-12-07 20:22:05.162,t,f,999,FRAME
cmiw653ke02ooitntawwofkwc,"",Ralph,,RA6058,SHINY PALE GOLD,9443,55,17,145,8056597904926,,,71.25,214,2,,,t,2025-12-07 20:22:05.39,2025-12-07 20:22:05.39,t,f,999,FRAME
cmiw653ww02oqitntzql0g583,"",Ralph,,RA7178U,SHINY DARK HAVANA,6149,54,17,145,8056262458723,,,58.75,176,1,,,t,2025-12-07 20:22:05.84,2025-12-07 20:22:05.84,t,f,999,FRAME
cmiw6549p02ositntq09js2aa,"",Ralph,,RA7137U,SHINY TRASPARENT BEIGE,6124,53,18,145,8056597918664,,,58.75,176,1,,,t,2025-12-07 20:22:06.301,2025-12-07 20:22:06.301,t,f,999,FRAME
cmiw654m602ouitntyd42mcdz,"",Ralph,,RA7174U,SHINY TRANSPARENT GREEN,6206,55,17,145,8056262227862,,,58.75,176,1,,,t,2025-12-07 20:22:06.751,2025-12-07 20:22:06.751,t,f,999,FRAME
cmiw654yo02owitnt4b3r3zcy,"",Ralph,,RA7179U,SHINY LACK,5001,53,16,145,8056262459959,,,65.42,196,1,,,t,2025-12-07 20:22:07.2,2025-12-07 20:22:07.2,t,f,999,FRAME
cmiw655bc02oyitntbo0o2u5m,"",Affordable Designs,,Eloise,Brown,,55,17,145,810146780113,,,79.95,120,1,,,t,2025-12-07 20:22:07.656,2025-12-07 20:22:07.656,t,f,999,FRAME
cmiw655o202p0itntnm9jrgbe,"",Affordable Designs,,Eloise,Gold,,55,17,145,810146780106,,,79.95,120,1,,,t,2025-12-07 20:22:08.115,2025-12-07 20:22:08.115,t,f,999,FRAME
cmiw6560i02p2itntpnswwulh,"",Affordable Designs,,Eloise,Violet,,55,17,145,810146780090,,,79.95,120,1,,,t,2025-12-07 20:22:08.562,2025-12-07 20:22:08.562,t,f,999,FRAME
cmiw656el02p4itnt847qzu0v,"",Affordable Designs,,Anastasia,Beige,,54,17,140,,,,79.95,120,0,,,t,2025-12-07 20:22:09.07,2025-12-07 20:22:09.07,t,f,999,FRAME
cmiw656l002p5itntw9gsdi2n,"",Affordable Designs,,Anastasia,Black,,54,17,140,,,,79.95,120,1,,,t,2025-12-07 20:22:09.3,2025-12-07 20:22:09.3,t,f,999,FRAME
cmiw656xx02p7itntkn1n8ku2,"",Affordable Designs,,Anastasia,Blue,,54,17,140,,,,79.95,120,0,,,t,2025-12-07 20:22:09.766,2025-12-07 20:22:09.766,t,f,999,FRAME
cmiw6574c02p8itntlhuo5yop,"",Eight to Eighty,,Virginia,Black,,51,20,145,,,,79.95,120,1,,,t,2025-12-07 20:22:09.996,2025-12-07 20:22:09.996,t,f,999,FRAME
cmiw657gx02paitntl8sg949d,"",Eight to Eighty,,Virginia,Blue,,51,20,145,,,,79.95,120,1,,,t,2025-12-07 20:22:10.449,2025-12-07 20:22:10.449,t,f,999,FRAME
cmiw657tb02pcitntwzwshdha,"",Eight to Eighty,,Virginia,Burgundy,,51,20,145,,,,79.95,120,1,,,t,2025-12-07 20:22:10.895,2025-12-07 20:22:10.895,t,f,999,FRAME
cmiw6585p02peitntmcviz61v,"",Ralph,,RA6061,SHINY BLACK,9443,53,16,145,8056262227466,,,67.3,202,0,,,t,2025-12-07 20:22:11.341,2025-12-07 20:22:11.341,t,f,999,FRAME
cmiw658by02pfitnts50rdin2,"",Ralph,,RA6060,SHINY GOLD,9458,56,16,145,8056262007679,,,67.3,202,1,,,t,2025-12-07 20:22:11.566,2025-12-07 20:22:11.566,t,f,999,FRAME
cmiw658og02phitntnjzxmsjj,"",Ralph,,RA7162U,SHINY BLUE ON LIGHT BLUE,6064,53,17,145,8056262009130,,,58.75,176,3,,,t,2025-12-07 20:22:12.017,2025-12-07 20:22:12.017,t,f,999,FRAME
cmiw6590x02pkitntadrkevp9,"",Ralph,,RA7162U,SHINY BLACK ON OPAL GREY,6066,53,17,145,8056262009154,,,58.75,176,1,,,t,2025-12-07 20:22:12.465,2025-12-07 20:22:12.465,t,f,999,FRAME
cmiw659dh02pmitntapenm4py,"",Ralph,,RA7135,SHINY TRASPARENT PINK,6125,53,16,140,8056597905534,,,58.75,176,0,,,t,2025-12-07 20:22:12.918,2025-12-07 20:22:12.918,t,f,999,FRAME
cmiw659jv02pnitntlbonvz88,"",Ralph,,RA7135,SHINY TRASPARENT BROWN,6126,53,16,140,8056597905558,,,58.75,176,0,,,t,2025-12-07 20:22:13.148,2025-12-07 20:22:13.148,t,f,999,FRAME
cmiw659qc02poitnto1a68mms,"",Ray-Ban Rx,,RX5417,BROWN ON TRANS. LIGHT BR,8365,52,19,145,8056262056554,,,83,249,0,,,t,2025-12-07 20:22:13.381,2025-12-07 20:22:13.381,t,f,999,FRAME
cmiw659wv02ppitnt9ii6xxj8,"",Eight to Eighty,,Lyle,Blue,,52,15,145,810040609053,,,79.95,120,0,,,t,2025-12-07 20:22:13.616,2025-12-07 20:22:13.616,t,f,999,FRAME
cmiw65a3c02pqitntszq5ea55,"",Eight to Eighty,,Lyle,Cry Tortoise,,52,15,145,810040609077,,,79.95,120,1,,,t,2025-12-07 20:22:13.848,2025-12-07 20:22:13.848,t,f,999,FRAME
cmiw65ag302psitntnywu67r2,"",Eight to Eighty,,Lyle,Demi Brown,,52,15,145,810040609060,,,79.95,120,1,,,t,2025-12-07 20:22:14.307,2025-12-07 20:22:14.307,t,f,999,FRAME
cmiw65aso02puitnt7eir7shh,"",Affordable Designs,,Etta,Black,,56,15,145,810040607950,,,79.95,120,0,,,t,2025-12-07 20:22:14.761,2025-12-07 20:22:14.761,t,f,999,FRAME
cmiw65ayz02pvitntrls3ubce,"",Affordable Designs,,Etta,Blue,,56,15,145,810040607967,,,79.95,120,1,,,t,2025-12-07 20:22:14.987,2025-12-07 20:22:14.987,t,f,999,FRAME
cmiw65bbu02pxitnt3le0xk60,"",Affordable Designs,,Etta,Pink,,56,15,145,810040607943,,,79.95,120,0,,,t,2025-12-07 20:22:15.45,2025-12-07 20:22:15.45,t,f,999,FRAME
cmiw65bi802pyitnt2ltv7qws,"",Affordable Designs,,Bree,Mint,,46,18,130,810146781479,,,79.95,96,1,,,t,2025-12-07 20:22:15.68,2025-12-07 20:22:15.68,t,f,999,FRAME
cmiw65buu02q0itntn7b1krz0,"",Affordable Designs,,Bree,Pink,,46,18,130,810146781462,,,79.95,96,0,,,t,2025-12-07 20:22:16.135,2025-12-07 20:22:16.135,t,f,999,FRAME
cmiw65c1902q1itntibqqxk6r,"",Affordable Designs,,Bree,Violet,,46,18,130,810146781486,,,79.95,96,1,,,t,2025-12-07 20:22:16.365,2025-12-07 20:22:16.365,t,f,999,FRAME
cmiw65cdm02q3itntbdiof49b,"",Affordable Designs,,Atlas,Black,,54,17,140,810146782933,,,79.95,120,0,,,t,2025-12-07 20:22:16.811,2025-12-07 20:22:16.811,t,f,999,FRAME
cmiw65cjt02q4itnt8cxyx86s,"",Affordable Designs,,Atlas,Brown,,54,17,140,810146782940,,,79.95,120,0,,,t,2025-12-07 20:22:17.033,2025-12-07 20:22:17.033,t,f,999,FRAME
cmiw65cq602q5itntwqyc1oxm,"",Affordable Designs,,Atlas,Gunmetal,,54,17,140,810146782957,,,79.95,120,0,,,t,2025-12-07 20:22:17.262,2025-12-07 20:22:17.262,t,f,999,FRAME
cmiw65cwg02q6itntw9qfzmtg,"",Affordable Designs,,Madilynn,Black,,54,20,145,810146781646,,,79.95,120,1,,,t,2025-12-07 20:22:17.488,2025-12-07 20:22:17.488,t,f,999,FRAME
cmiw65d9902q8itnt5ihlsoyl,"",Affordable Designs,,Madilynn,Blue,,54,20,145,810146781653,,,79.95,120,0,,,t,2025-12-07 20:22:17.949,2025-12-07 20:22:17.949,t,f,999,FRAME
cmiw65dfy02q9itntduk0bm63,"",Affordable Designs,,Madilynn,Burgundy,,54,20,145,810146781660,,,79.95,120,1,,,t,2025-12-07 20:22:18.191,2025-12-07 20:22:18.191,t,f,999,FRAME
cmiw65dss02qbitntw4qtu0u7,"",Affordable Designs,,Johnny,Black,,56,17,140,810040604966,,,79.95,120,0,,,t,2025-12-07 20:22:18.653,2025-12-07 20:22:18.653,t,f,999,FRAME
cmiw65dz402qcitnt5pybu19q,"",Affordable Designs,,Johnny,Gold,,56,17,140,810040604973,,,79.95,120,0,,,t,2025-12-07 20:22:18.881,2025-12-07 20:22:18.881,t,f,999,FRAME
cmiw65e5f02qditnt2a1l5gkx,"",Affordable Designs,,Johnny,Light Gun,,56,17,140,810040604980,,,79.95,120,0,,,t,2025-12-07 20:22:19.107,2025-12-07 20:22:19.107,t,f,999,FRAME
cmiw65ebu02qeitnti2ss7vc1,"",Affordable Designs,,Kash,Black,,59,18,150,810146780199,,,79.95,120,0,,,t,2025-12-07 20:22:19.338,2025-12-07 20:22:19.338,t,f,999,FRAME
cmiw65eie02qfitnt1m8565t9,"",Affordable Designs,,Kash,Crystal,,59,18,150,810146780205,,,79.95,120,1,,,t,2025-12-07 20:22:19.574,2025-12-07 20:22:19.574,t,f,999,FRAME
cmiw65ewe02qhitntst7vbyk5,"",Affordable Designs,,Kash,Grey,,59,18,150,810146780182,,,79.95,120,0,,,t,2025-12-07 20:22:20.035,2025-12-07 20:22:20.035,t,f,999,FRAME
cmiw65f2q02qiitntsggt74d4,"",Affordable Designs,,Keith,Black,,56,18,145,810146780229,,,79.95,120,0,,,t,2025-12-07 20:22:20.307,2025-12-07 20:22:20.307,t,f,999,FRAME
cmiw65f9602qjitnt6yq3s1iq,"",Affordable Designs,,Keith,Brown,,56,18,145,810146780236,,,79.95,120,1,,,t,2025-12-07 20:22:20.539,2025-12-07 20:22:20.539,t,f,999,FRAME
cmiw65fmd02qlitntut8dwzeg,"",Affordable Designs,,Keith,Gunmetal,,56,18,145,810146780212,,,79.95,120,1,,,t,2025-12-07 20:22:21.014,2025-12-07 20:22:21.014,t,f,999,FRAME
cmiw65fz602qnitntl1qc3d6g,"",Adidas Sport,,SP5095,matte black,002,56,15,140,889214580948,,,68,204,1,,,t,2025-12-07 20:22:21.474,2025-12-07 20:22:21.474,t,f,999,FRAME
cmiw65gbs02qpitntypbuv0f6,"",Adidas Sport,,SP5099-D,matte palladium,017,56,15,140,889214581181,,,68,204,1,,,t,2025-12-07 20:22:21.928,2025-12-07 20:22:21.928,t,f,999,FRAME
cmiw65go702qritnt4na0ej58,"",Adidas Sport,,SP5104,matte blue,091,55,14,140,889214581334,,,67,201,1,,,t,2025-12-07 20:22:22.375,2025-12-07 20:22:22.375,t,f,999,FRAME
cmiw65h1002qtitntfi6hduvs,"",Guess?,,GU50163,shiny beige,057,54,16,140,889214526724,,,68,204,0,,,t,2025-12-07 20:22:22.837,2025-12-07 20:22:22.837,t,f,999,FRAME
cmiw65h7702quitntgvm4zwvm,"",Guess?,,GU2940,grey/other,020,54,17,140,889214391315,,,75,225,2,,,t,2025-12-07 20:22:23.06,2025-12-07 20:22:23.06,t,f,999,FRAME
cmiw65hjt02qxitntethifjh9,"",Guess?,,GU50235,blue/other,092,52,15,140,889214581525,,,70,210,0,,,t,2025-12-07 20:22:23.514,2025-12-07 20:22:23.514,t,f,999,FRAME
cmiw65hq802qyitnt3ysbfhsj,"",Guess?,,GU50230,red/other,068,53,16,140,889214572622,,,80,240,1,,,t,2025-12-07 20:22:23.744,2025-12-07 20:22:23.744,t,f,999,FRAME
cmiw65i2v02r0itntbr4ujc66,"",Guess?,,GU2673,Coloured Havana,055,51,17,140,664689975006,,,77,231,1,,,t,2025-12-07 20:22:24.199,2025-12-07 20:22:24.199,t,f,999,FRAME
cmiw65ife02r2itntyufup9uv,"",Guess?,,GU50181,shiny red,066,54,15,135,889214537164,,,77,231,0,,,t,2025-12-07 20:22:24.651,2025-12-07 20:22:24.651,t,f,999,FRAME
cmiw65ilp02r3itntivd20zue,"",Guess?,,GU2731,Turquoise/Other,089,53,14,140,889214065018,,,75,225,1,,,t,2025-12-07 20:22:24.877,2025-12-07 20:22:24.877,t,f,999,FRAME
cmiw65iym02r5itnt0szvohfe,"",Guess?,,GU50183,blue/other,092,54,15,145,889214537256,,,71,213,2,,,t,2025-12-07 20:22:25.342,2025-12-07 20:22:25.342,t,f,999,FRAME
cmiw65jb602r7itntnwv9v5eh,"",Guess?,,GM50027,violet/other,083,53,18,140,889214565495,,,93,279,1,,,t,2025-12-07 20:22:25.794,2025-12-07 20:22:25.794,t,f,999,FRAME
cmiw65jnw02r9itntg0x5bfbr,"",Serafina Eyewear,,Glamour Clip,Black,,53,15,140,,,,114.95,199,0,,,t,2025-12-07 20:22:26.253,2025-12-07 20:22:26.253,t,f,999,FRAME
cmiw65jud02raitnt6ty63eis,"",Serafina Eyewear,,Glamour Clip,Burgundy,,53,15,140,,,,114.95,199,0,,,t,2025-12-07 20:22:26.486,2025-12-07 20:22:26.486,t,f,999,FRAME
cmiw65k0p02rbitntqfr34vis,"",Serafina Eyewear,,Glamour Clip,Tortoise,,53,15,140,,,,114.95,199,1,,,t,2025-12-07 20:22:26.713,2025-12-07 20:22:26.713,t,f,999,FRAME
cmiw65kdb02rditntn7u5cvlm,"",Eight to Eighty,,Summer,Blue,,48,16,130,810146780601,,,79.95,120,0,,,t,2025-12-07 20:22:27.168,2025-12-07 20:22:27.168,t,f,999,FRAME
cmiw65kjq02reitnt36ifbfim,"",Eight to Eighty,,Summer,Ice,,48,16,130,810146780595,,,79.95,120,0,,,t,2025-12-07 20:22:27.398,2025-12-07 20:22:27.398,t,f,999,FRAME
cmiw65kq102rfitnt8m026lfl,"",Eight to Eighty,,Summer,Violet,,48,16,130,810146780618,,,79.95,120,0,,,t,2025-12-07 20:22:27.626,2025-12-07 20:22:27.626,t,f,999,FRAME
cmiw65kwj02rgitntlm1yknh0,"",Eight to Eighty,,Van,Black,,49,18,140,810146783206,,,79.95,120,1,,,t,2025-12-07 20:22:27.86,2025-12-07 20:22:27.86,t,f,999,FRAME
cmiw65l9602riitntztpmfgqq,"",Eight to Eighty,,Van,Demin,,49,18,140,810146783213,,,79.95,120,0,,,t,2025-12-07 20:22:28.315,2025-12-07 20:22:28.315,t,f,999,FRAME
cmiw65lfc02rjitntgyfdndtf,"",Eight to Eighty,,Van,Tortoise,,49,18,140,810146783220,,,79.95,120,1,,,t,2025-12-07 20:22:28.536,2025-12-07 20:22:28.536,t,f,999,FRAME
cmiw65lsv02rlitnt61ys7spl,"",Affordable Designs,,Missie,Black,,55,17,145,,,,79.95,120,1,,,t,2025-12-07 20:22:29.023,2025-12-07 20:22:29.023,t,f,999,FRAME
cmiw65m6502rnitntacgf104h,"",Affordable Designs,,Missie,Brown,,55,17,145,,,,79.95,120,2,,,t,2025-12-07 20:22:29.501,2025-12-07 20:22:29.501,t,f,999,FRAME
cmiw65mm102rqitnt71zbapl3,"",Affordable Designs,,Missie,Burgundy,,55,17,145,,,,79.95,120,2,,,t,2025-12-07 20:22:30.074,2025-12-07 20:22:30.074,t,f,999,FRAME
cmiw65nb802rtitnt89jw2uv3,"",Lite Designs,,Austin,Black/Gold,,54,18,140,411330000224,,,114.95,199,1,,,t,2025-12-07 20:22:30.981,2025-12-07 20:22:30.981,t,f,999,FRAME
cmiw65nuc02rvitntxi5wywl6,"",Lite Designs,,Austin,Brwon/Gold,,54,18,140,411330000248,,,114.95,199,0,,,t,2025-12-07 20:22:31.668,2025-12-07 20:22:31.668,t,f,999,FRAME
cmiw65o9z02rwitntlk85k2nv,"",Lite Designs,,Austin,Black/Gun,,54,18,140,810146781158,,,114.95,199,0,,,t,2025-12-07 20:22:32.231,2025-12-07 20:22:32.231,t,f,999,FRAME
cmiw65oie02rxitntziyy2str,"",Lite Designs,,LD1017,Black,,52,18,140,,,,114.95,199,0,,,t,2025-12-07 20:22:32.534,2025-12-07 20:22:32.534,t,f,999,FRAME
cmiw65oqu02ryitnto3b7r5po,"",Lite Designs,,LD1017,Brown,,52,18,140,,,,114.95,199,0,,,t,2025-12-07 20:22:32.838,2025-12-07 20:22:32.838,t,f,999,FRAME
cmiw65ox902rzitnt6bib0b43,"",Lite Designs,,LD1017,Gunmetal,,52,18,140,,,,114.95,199,0,,,t,2025-12-07 20:22:33.069,2025-12-07 20:22:33.069,t,f,999,FRAME
cmiw65p3o02s0itntthm94lf7,"",Affordable Designs,,Elyce,Black,,53,17,140,810040604881,,,79.95,120,0,,,t,2025-12-07 20:22:33.3,2025-12-07 20:22:33.3,t,f,999,FRAME
cmiw65pa102s1itnt9gu9k1fy,"",Affordable Designs,,Elyce,Blue,,53,17,140,810040604904,,,79.95,120,0,,,t,2025-12-07 20:22:33.53,2025-12-07 20:22:33.53,t,f,999,FRAME
cmiw65pgh02s2itntv20pecng,"",Affordable Designs,,Elyce,Burgundy,,53,17,140,810040604898,,,79.95,120,0,,,t,2025-12-07 20:22:33.762,2025-12-07 20:22:33.762,t,f,999,FRAME
cmiw65pnt02s3itntruocqtvx,"",Affordable Designs,,Jayden,Rainbow,,45,18,125,810146782513,,,79.95,96,0,,,t,2025-12-07 20:22:34.026,2025-12-07 20:22:34.026,t,f,999,FRAME
cmiw65pu402s4itnteew1kjy2,"",Affordable Designs,,Jayden,Crystal,,45,18,125,810146782520,,,79.95,96,0,,,t,2025-12-07 20:22:34.252,2025-12-07 20:22:34.252,t,f,999,FRAME
cmiw65q1b02s5itntvm3738b5,"",Affordable Designs,,Jayden,Blue,,45,18,125,810146782537,,,79.95,96,0,,,t,2025-12-07 20:22:34.511,2025-12-07 20:22:34.511,t,f,999,FRAME
cmiw65qak02s6itnt3olwve7q,"",Affordable Designs,,Joel,Black,,59,18,145,810040604959,,,79.95,120,1,,,t,2025-12-07 20:22:34.844,2025-12-07 20:22:34.844,t,f,999,FRAME
cmiw65qsy02s8itnt5r4saadv,"",Affordable Designs,,Joel,Blue,,59,18,145,810040604935,,,79.95,120,1,,,t,2025-12-07 20:22:35.507,2025-12-07 20:22:35.507,t,f,999,FRAME
cmiw65r8z02saitntz3g3k0it,"",Affordable Designs,,Joel,Gunmetal,,59,18,145,810040604942,,,79.95,120,1,,,t,2025-12-07 20:22:36.084,2025-12-07 20:22:36.084,t,f,999,FRAME
cmiw65rp802scitntqgvr4ah5,"",Affordable Designs,,Ruthie,Burgundy,,53,16,140,810146781387,,,79.95,120,1,,,t,2025-12-07 20:22:36.669,2025-12-07 20:22:36.669,t,f,999,FRAME
cmiw65s9g02seitnt2mqqvkid,"",Affordable Designs,,Ruthie,Brown,,53,16,140,810146781370,,,79.95,120,2,,,t,2025-12-07 20:22:37.396,2025-12-07 20:22:37.396,t,f,999,FRAME
cmiw65soc02shitntmudzfhlu,"",Affordable Designs,,Ruthie,Black,,53,16,140,810146781394,,,79.95,120,2,,,t,2025-12-07 20:22:37.932,2025-12-07 20:22:37.932,t,f,999,FRAME
cmiw65t0n02skitntjf8oyf8i,"",Affordable Designs,,Rosalie,Blue,,55,17,145,810146780311,,,79.95,120,1,,,t,2025-12-07 20:22:38.375,2025-12-07 20:22:38.375,t,f,999,FRAME
cmiw65td702smitnthvsmciqy,"",Affordable Designs,,Rosalie,Burgundy,,55,17,145,810146780328,,,79.95,120,0,,,t,2025-12-07 20:22:38.827,2025-12-07 20:22:38.827,t,f,999,FRAME
cmiw65tji02snitnt74lrlz4v,"",Affordable Designs,,Rosalie,Tortoise,,55,17,145,810146780304,,,79.95,120,1,,,t,2025-12-07 20:22:39.055,2025-12-07 20:22:39.055,t,f,999,FRAME
cmiw65tz702spitntjun8nosw,"",Affordable Designs,,Roland,Black,,53,20,145,810040605147,,,79.95,120,1,,,t,2025-12-07 20:22:39.619,2025-12-07 20:22:39.619,t,f,999,FRAME
cmiw65uhb02sritntle09enw5,"",Affordable Designs,,Roland,Blue,,53,20,145,810040605130,,,79.95,120,1,,,t,2025-12-07 20:22:40.271,2025-12-07 20:22:40.271,t,f,999,FRAME
cmiw65uy302stitntfwwv1o7v,"",Affordable Designs,,Roland,Brown,,53,20,145,810040605123,,,79.95,120,0,,,t,2025-12-07 20:22:40.876,2025-12-07 20:22:40.876,t,f,999,FRAME
cmiw65v8502suitntw3irdqc1,"",Eight to Eighty,,DEACON,Brown Gold,,60,18,155,810146780502,,,79.95,120,1,,,t,2025-12-07 20:22:41.238,2025-12-07 20:22:41.238,t,f,999,FRAME
cmiw65vtk02switnthcjzgo0s,"",Eight to Eighty,,DEACON,Black Gun,,60,18,155,810146780519,,,79.95,120,0,,,t,2025-12-07 20:22:42.008,2025-12-07 20:22:42.008,t,f,999,FRAME
cmiw65w2k02sxitnt5h395nmr,"",Eight to Eighty,,DEACON,Black Gold,,60,18,155,810146780526,,,79.95,120,0,,,t,2025-12-07 20:22:42.333,2025-12-07 20:22:42.333,t,f,999,FRAME
cmiw65wah02syitntbwacigju,"",Eight to Eighty,,Deanna,Black,,54,17,140,812539039495,,,79.95,120,1,,,t,2025-12-07 20:22:42.617,2025-12-07 20:22:42.617,t,f,999,FRAME
cmiw65wnb02t0itnte2ltvkua,"",Eight to Eighty,,Deanna,Blue,,54,17,140,812539039501,,,79.95,120,0,,,t,2025-12-07 20:22:43.079,2025-12-07 20:22:43.079,t,f,999,FRAME
cmiw65wtp02t1itntbqku40ol,"",Eight to Eighty,,Deanna,Burgundy,,54,17,140,812539039518,,,79.95,120,1,,,t,2025-12-07 20:22:43.309,2025-12-07 20:22:43.309,t,f,999,FRAME
cmiw65x6902t3itntt8a45upb,"",Eight to Eighty,,Kimberly,Black,,54,16,140,407797022503,,,79.95,120,0,,,t,2025-12-07 20:22:43.761,2025-12-07 20:22:43.761,t,f,999,FRAME
cmiw65xcv02t4itnt1wuz7b9f,"",Eight to Eighty,,Kimberly,Burgundy,,54,16,140,407797022510,,,79.95,120,0,,,t,2025-12-07 20:22:44,2025-12-07 20:22:44,t,f,999,FRAME
cmiw65xj102t5itntuywrve3i,"",Eight to Eighty,,Kimberly,Lilac,,54,16,140,407797022527,,,79.95,120,0,,,t,2025-12-07 20:22:44.222,2025-12-07 20:22:44.222,t,f,999,FRAME
cmiw65xpb02t6itntrqb8fl95,"",Eight to Eighty,,Jonas,Black,,53,17,140,810040608957,,,79.95,120,0,,,t,2025-12-07 20:22:44.447,2025-12-07 20:22:44.447,t,f,999,FRAME
cmiw65xvp02t7itntqiogswer,"",Eight to Eighty,,Jonas,Brown,,53,17,140,810040608940,,,79.95,120,0,,,t,2025-12-07 20:22:44.677,2025-12-07 20:22:44.677,t,f,999,FRAME
cmiw65y1x02t8itnt78lan128,"",Eight to Eighty,,Jonas,Light Gun,,53,17,140,810040608933,,,79.95,120,0,,,t,2025-12-07 20:22:44.901,2025-12-07 20:22:44.901,t,f,999,FRAME
cmiw65y8b02t9itntopako7vf,"",Affordable Designs,,Sasha,Demi Blue,,53,17,140,810146780359,,,79.95,120,0,,,t,2025-12-07 20:22:45.132,2025-12-07 20:22:45.132,t,f,999,FRAME
cmiw65yeu02taitntsuwpwpn5,"",Affordable Designs,,Sasha,Demi Brown,,53,17,140,810146780335,,,79.95,120,0,,,t,2025-12-07 20:22:45.366,2025-12-07 20:22:45.366,t,f,999,FRAME
cmiw65yl602tbitntm79begxi,"",Affordable Designs,,Sasha,Demi Purple,,53,17,140,810146780342,,,79.95,120,0,,,t,2025-12-07 20:22:45.594,2025-12-07 20:22:45.594,t,f,999,FRAME
cmiw65yrs02tcitnt9yrpi5iv,"",Affordable Designs,,Trixie,Blue,,52,18,145,810146780373,,,79.95,120,2,,,t,2025-12-07 20:22:45.832,2025-12-07 20:22:45.832,t,f,999,FRAME
cmiw65z4r02tfitntb6qkn5ra,"",Affordable Designs,,Trixie,Burgundy,,52,18,145,810146780380,,,79.95,120,1,,,t,2025-12-07 20:22:46.299,2025-12-07 20:22:46.299,t,f,999,FRAME
cmiw65zig02thitnt9au81d2y,"",Affordable Designs,,Trixie,Grey,,52,18,145,810146780366,,,79.95,120,2,,,t,2025-12-07 20:22:46.793,2025-12-07 20:22:46.793,t,f,999,FRAME
cmiw65zv102tkitntt5horq6y,"",Eight to Eighty,,Bitsy,Navy,,47,15,115,,,,79.95,96,1,,,t,2025-12-07 20:22:47.245,2025-12-07 20:22:47.245,t,f,999,FRAME
cmiw6607q02tmitnt67uan3rf,"",Eight to Eighty,,Bitsy,Red,,47,15,115,,,,79.95,96,1,,,t,2025-12-07 20:22:47.702,2025-12-07 20:22:47.702,t,f,999,FRAME
cmiw660kw02toitntljcxvd0i,"",Eight to Eighty,,Bitsy,Violet,,47,15,115,,,,79.95,96,1,,,t,2025-12-07 20:22:48.176,2025-12-07 20:22:48.176,t,f,999,FRAME
cmiw660y102tqitntrdzblp7u,"",Eight to Eighty,,Itsy,Blue,,41,15,115,,,,79.95,96,1,,,t,2025-12-07 20:22:48.649,2025-12-07 20:22:48.649,t,f,999,FRAME
cmiw661aw02tsitntvfcku7s9,"",Eight to Eighty,,Itsy,Red,,41,15,115,,,,79.95,96,1,,,t,2025-12-07 20:22:49.113,2025-12-07 20:22:49.113,t,f,999,FRAME
cmiw661nq02tuitntmisv25hs,"",Eight to Eighty,,Itsy,Viloet,,41,15,115,,,,79.95,96,1,,,t,2025-12-07 20:22:49.574,2025-12-07 20:22:49.574,t,f,999,FRAME
cmiw6620p02twitntdcwihzlz,"",Affordable Designs,,Kosta,Brown,,56,15,145,810146782506,,,79.95,120,2,,,t,2025-12-07 20:22:50.042,2025-12-07 20:22:50.042,t,f,999,FRAME
cmiw662en02tyitnttt0uhh1l,"",Affordable Designs,,Kosta,Blue,,56,15,145,810146782490,,,79.95,120,2,,,t,2025-12-07 20:22:50.543,2025-12-07 20:22:50.543,t,f,999,FRAME
cmiw662ri02u0itntk8o483i6,"",Affordable Designs,,Kosta,Black,,56,15,145,810146782483,,,79.95,120,2,,,t,2025-12-07 20:22:51.007,2025-12-07 20:22:51.007,t,f,999,FRAME
cmiw6634j02u2itntse5cj0cb,"",Affordable Designs,,Layla,Beige,,55,19,145,810146781615,,,79.95,120,2,,,t,2025-12-07 20:22:51.476,2025-12-07 20:22:51.476,t,f,999,FRAME
cmiw663h602u5itntyq1m3jsa,"",Affordable Designs,,Layla,Black,,55,19,145,810146781622,,,79.95,120,1,,,t,2025-12-07 20:22:51.93,2025-12-07 20:22:51.93,t,f,999,FRAME
cmiw663tl02u7itntdwway9tp,"",Affordable Designs,,Layla,Burgundy,,55,19,145,810146781639,,,79.95,120,2,,,t,2025-12-07 20:22:52.377,2025-12-07 20:22:52.377,t,f,999,FRAME
cmiw6646w02uaitntwbxtq261,"",Affordable Designs,,Neil,Black Fade,,50,19,140,810146781707,,,79.95,120,1,,,t,2025-12-07 20:22:52.856,2025-12-07 20:22:52.856,t,f,999,FRAME
cmiw664k302ucitntkmnrkwyc,"",Affordable Designs,,Neil,Brown Demi,,50,19,140,810146781714,,,79.95,120,1,,,t,2025-12-07 20:22:53.332,2025-12-07 20:22:53.332,t,f,999,FRAME
cmiw664wl02ueitntyvvg3rb7,"",Affordable Designs,,Neil,Grey Demi,,50,19,140,810146781721,,,79.95,120,1,,,t,2025-12-07 20:22:53.782,2025-12-07 20:22:53.782,t,f,999,FRAME
cmiw6659d02ugitntwpko29w7,"",Eight to Eighty,,Jarvis,Black,,55,21,145,812539039525,,,79.95,120,1,,,t,2025-12-07 20:22:54.241,2025-12-07 20:22:54.241,t,f,999,FRAME
cmiw665lr02uiitntxtn3mzpl,"",Eight to Eighty,,Jarvis,Crystal,,55,21,145,812539039532,,,79.95,120,0,,,t,2025-12-07 20:22:54.687,2025-12-07 20:22:54.687,t,f,999,FRAME
cmiw665sb02ujitnt5lt62p2e,"",Eight to Eighty,,Jarvis,Grey,,55,21,145,812539039549,,,79.95,120,0,,,t,2025-12-07 20:22:54.923,2025-12-07 20:22:54.923,t,f,999,FRAME
cmiw665yi02ukitntm6ttaq9b,"",Affordable Designs,,Montana,Black,,52,19,145,810146781295,,,79.95,120,2,,,t,2025-12-07 20:22:55.147,2025-12-07 20:22:55.147,t,f,999,FRAME
cmiw666bf02unitntofie55di,"",Affordable Designs,,Montana,Brown,,52,19,145,810146781301,,,79.95,120,1,,,t,2025-12-07 20:22:55.612,2025-12-07 20:22:55.612,t,f,999,FRAME
cmiw666o102upitnt88m7js05,"",Affordable Designs,,Montana,Burgundy,,52,19,145,810146781288,,,79.95,120,2,,,t,2025-12-07 20:22:56.066,2025-12-07 20:22:56.066,t,f,999,FRAME
cmiw6670i02usitntj9dfv5tn,"",Eight to Eighty,,Jemma,Black,,54,17,140,810146780557,,,79.95,120,1,,,t,2025-12-07 20:22:56.515,2025-12-07 20:22:56.515,t,f,999,FRAME
cmiw667df02uuitnt5syffdda,"",Eight to Eighty,,Jemma,Brown,,54,17,140,810146780533,,,79.95,120,0,,,t,2025-12-07 20:22:56.979,2025-12-07 20:22:56.979,t,f,999,FRAME
cmiw667jt02uvitnt4qxsp97w,"",Eight to Eighty,,Jemma,Violet,,54,17,140,810146780540,,,79.95,120,0,,,t,2025-12-07 20:22:57.21,2025-12-07 20:22:57.21,t,f,999,FRAME
cmiw667q702uwitntfnh0q2d5,"",Affordable Designs,,Eden,Black,,52,18,145,810146781585,,,79.95,120,2,,,t,2025-12-07 20:22:57.44,2025-12-07 20:22:57.44,t,f,999,FRAME
cmiw6682z02uzitnt8t1ab8cs,"",Affordable Designs,,Eden,Crystal,,52,18,145,810146781592,,,79.95,120,0,,,t,2025-12-07 20:22:57.9,2025-12-07 20:22:57.9,t,f,999,FRAME
cmiw6689d02v0itnt7x4nwi4v,"",Affordable Designs,,Eden,Tortoise,,52,18,145,810146781608,,,79.95,120,2,,,t,2025-12-07 20:22:58.13,2025-12-07 20:22:58.13,t,f,999,FRAME
cmiw668mn02v3itntgawoj0bt,"",Affordable Designs,,Clara,Black,,55,17,145,810146780069,,,79.95,120,2,,,t,2025-12-07 20:22:58.607,2025-12-07 20:22:58.607,t,f,999,FRAME
cmiw668ze02v6itntx79xnk19,"",Affordable Designs,,Clara,Blue,,55,17,145,810146780076,,,79.95,120,1,,,t,2025-12-07 20:22:59.067,2025-12-07 20:22:59.067,t,f,999,FRAME
cmiw669ca02v8itntgrqfxb3n,"",Affordable Designs,,Clara,Tortoise,,55,17,145,810146780083,,,79.95,120,2,,,t,2025-12-07 20:22:59.53,2025-12-07 20:22:59.53,t,f,999,FRAME
cmiw669po02vbitnt0nlb1hqs,"",Eight to Eighty,,Crew,Black,,54,18,145,810146780465,,,79.95,120,0,,,t,2025-12-07 20:23:00.012,2025-12-07 20:23:00.012,t,f,999,FRAME
cmiw669wc02vcitntv64t79zr,"",Eight to Eighty,,Crew,Brown,,54,18,145,810146780472,,,79.95,120,0,,,t,2025-12-07 20:23:00.252,2025-12-07 20:23:00.252,t,f,999,FRAME
cmiw66a2w02vditntga8nbc21,"",Eight to Eighty,,Crew,Gun,,54,18,145,810146780458,,,79.95,120,1,,,t,2025-12-07 20:23:00.488,2025-12-07 20:23:00.488,t,f,999,FRAME
cmiw66ag102vfitntp66dzlpm,"",Eight to Eighty,,Autumn,Black,,54,16,140,810146780434,,,79.95,120,1,,,t,2025-12-07 20:23:00.961,2025-12-07 20:23:00.961,t,f,999,FRAME
cmiw66asx02vhitnttcak9y9j,"",Eight to Eighty,,Autumn,Blue,,54,16,140,810146780427,,,79.95,120,1,,,t,2025-12-07 20:23:01.426,2025-12-07 20:23:01.426,t,f,999,FRAME
cmiw66b5r02vjitntqwbhvyuc,"",Eight to Eighty,,Autumn,Plum,,54,16,140,810146780441,,,79.95,120,0,,,t,2025-12-07 20:23:01.888,2025-12-07 20:23:01.888,t,f,999,FRAME
cmiw66bbx02vkitnt058sejwm,"",Eight to Eighty,,Darla,Blue,,47,17,130,810040605215,,,79.95,96,1,,,t,2025-12-07 20:23:02.11,2025-12-07 20:23:02.11,t,f,999,FRAME
cmiw66bog02vmitntxiagt2ew,"",Eight to Eighty,,Darla,Pink,,47,17,130,810040605222,,,79.95,96,0,,,t,2025-12-07 20:23:02.561,2025-12-07 20:23:02.561,t,f,999,FRAME
cmiw66bvb02vnitnt2m7tvbku,"",Eight to Eighty,,Darla,Teal,,47,17,130,812539039396,,,79.95,96,1,,,t,2025-12-07 20:23:02.808,2025-12-07 20:23:02.808,t,f,999,FRAME
cmiw66c8302vpitntwj85sf86,"",Vogue Junior Optical,,VY2016,FULL PINK ON VIOLET RUBB,3027,39,14,115,8056597712941,,,25.38,76,0,,,t,2025-12-07 20:23:03.268,2025-12-07 20:23:03.268,t,f,999,FRAME
cmiw66cem02vqitntk308usdf,"",Polo,,PH4133,Matte Black,5284/81,59,17,145,,,,88.53,266,0,,,t,2025-12-07 20:23:03.502,2025-12-07 20:23:03.502,t,f,999,FRAME
cmiw66cl602vritnteg3160q6,"",Oakley,,OO9483,Satin Black,0156,56,17,136,,,,101.19,304,0,,,t,2025-12-07 20:23:03.738,2025-12-07 20:23:03.738,t,f,999,FRAME
cmiw66crg02vsitntde322me8,"",Ralph,,RA7180U,SHINY ROSE CRYSTAL,6118,55,17,145,8056262460214,,,65.42,196,0,,,t,2025-12-07 20:23:03.964,2025-12-07 20:23:03.964,t,f,999,FRAME
cmiw66cy602vtitntd0a3uoh7,"",Oakley,,OO9488 FLAK 2.0 XXL,Polished White,02,63,10,131,,,,101.19,304,0,,,t,2025-12-07 20:23:04.206,2025-12-07 20:23:04.206,t,f,999,FRAME
cmiw66d4m02vuitntpdyhrq8h,"",Michael Kors,,MK4113 GARGANO,DARK TORTOISE,3006,55,16,140,725125403443,,,58.27,175,0,,,t,2025-12-07 20:23:04.439,2025-12-07 20:23:04.439,t,f,999,FRAME
cmiw66db102vvitntzx01d6xw,"",Ralph,,RA7174U,SHINY OPAL BLU,6059,53,17,145,8056262227831,,,58.75,176,1,,,t,2025-12-07 20:23:04.669,2025-12-07 20:23:04.669,t,f,999,FRAME
cmiw66do402vxitntxty6529e,"",Ralph,,RA7181U,SHINY BLUSH CRYSTAL,6190,54,16,145,8056262460313,,,61.7,185,0,,,t,2025-12-07 20:23:05.141,2025-12-07 20:23:05.141,t,f,999,FRAME
cmiw66dw102vyitntmfeii0mx,"",Ralph,,RA6050,SHINY PALE GOLD,9116,53,17,140,8056597603263,,,55.53,167,1,,,t,2025-12-07 20:23:05.378,2025-12-07 20:23:05.378,t,f,999,FRAME
cmiw66e8v02w0itnthuz75fb5,"",Michael Kors,,MK4136 MAKENA BEACH,DARK TORTOISE,3006,52,17,140,725125524674,,,82.08,246,2,,,t,2025-12-07 20:23:05.888,2025-12-07 20:23:05.888,t,f,999,FRAME
cmiw66elu02w3itnto359hfbe,"",Oakley Frame,,OX8153 METALINK,MATTE BLACK,815317,55,17,136,888392672087,,,100.79,302,1,,,t,2025-12-07 20:23:06.354,2025-12-07 20:23:06.354,t,f,999,FRAME
cmiw66eyn02w5itntqdji915d,"",Oakley Frame,,OX3227 FULLER,SATIN CHROME,322711,57,17,139,888392672223,,,95.65,287,1,,,t,2025-12-07 20:23:06.816,2025-12-07 20:23:06.816,t,f,999,FRAME
cmiw66fbl02w7itntta44gaii,"",Guess?,,GU50174,blue/other,092,54,16,140,889214536587,,,70,210,0,,,t,2025-12-07 20:23:07.281,2025-12-07 20:23:07.281,t,f,999,FRAME
cmiw66fhy02w8itnttxo5n2y8,"",Ralph,,RA7178U,SHINY TRANSPARENT LILLAC,5746,54,17,145,8056262458686,,,58.75,176,1,,,t,2025-12-07 20:23:07.51,2025-12-07 20:23:07.51,t,f,999,FRAME
cmiw66fuk02waitnt79msfmvq,"",Ralph,,RA7165U,SHINY TRANSPARENT BEIGE,5802,55,16,145,7895653287686,,,52.5,158,0,,,t,2025-12-07 20:23:07.965,2025-12-07 20:23:07.965,t,f,999,FRAME
cmiw66g0t02wbitntofl0183x,"",Ralph,,RA7179U,SHINY BEIGE CRYSTAL,6117,53,16,145,8056262460283,,,65.42,196,1,,,t,2025-12-07 20:23:08.19,2025-12-07 20:23:08.19,t,f,999,FRAME
cmiw66gdq02wditntq0jbdj5d,"",Costa,,06A3020,Satin Silver,01,55,16,145,,,,83.4,250,0,,,t,2025-12-07 20:23:08.655,2025-12-07 20:23:08.655,t,f,999,FRAME
cmiw66gka02weitntgwdup8sz,"",Costa,,06A3018,Rustic Bronze,03,57,16,145,,,,83.4,250,0,,,t,2025-12-07 20:23:08.89,2025-12-07 20:23:08.89,t,f,999,FRAME
cmiw66gqu02wfitntwpn0jsmi,"",Oakley Frame,,OX8183 BAT FLIP,SATIN LIGHT STEEL,818304,56,18,148,888392618771,,,73.91,222,0,,,t,2025-12-07 20:23:09.127,2025-12-07 20:23:09.127,t,f,999,FRAME
cmiw66gxh02wgitnt9bahofpr,"",Oakley Youth,,OY3004 GRAN PILOTO,SATIN CHROME,300403,49,14,128,888392662101,,,59.2,178,0,,,t,2025-12-07 20:23:09.365,2025-12-07 20:23:09.365,t,f,999,FRAME
cmiw66h3v02whitntghnusoo1,"",Oakley Youth,,OY8027D AGLOW,POLISHED TRANS FERN,802705,49,16,132,888392647450,,,51.03,153,1,,,t,2025-12-07 20:23:09.596,2025-12-07 20:23:09.596,t,f,999,FRAME
cmiw66hgq02wjitnt5fcebn7l,"",Oakley Youth,,OY3003 FLIP KICK,SATIN LEAD,300302,49,15,126,888392619013,,,51.03,153,2,,,t,2025-12-07 20:23:10.058,2025-12-07 20:23:10.058,t,f,999,FRAME
cmiw66ht902wmitntutdq9kxt,"",Oakley Youth,,OY8010 CARTWHEEL,POLISHED ICE BLUE,801002,51,15,127,888392430021,,,49.2,148,0,,,t,2025-12-07 20:23:10.509,2025-12-07 20:23:10.509,t,f,999,FRAME
cmiw66hzk02wnitntnsfwkwcr,"",guess,,GU00191,Grey Havanna,20B,56,16,140,,,,56,168,0,,,t,2025-12-07 20:23:10.736,2025-12-07 20:23:10.736,t,f,999,FRAME
cmiw66i6102woitntp9am7jsr,"",Vogue®,,VO5563,TRANSPARENT PINK,2939,53,17,140,8056262005316,,,62.39,187,0,,,t,2025-12-07 20:23:10.97,2025-12-07 20:23:10.97,t,f,999,FRAME
cmiw66icg02wpitntkn736kju,"",guess,,GU00158,Gold Tort.,33F,61,15,130,,,,51,153,0,,,t,2025-12-07 20:23:11.201,2025-12-07 20:23:11.201,t,f,999,FRAME
cmiw66ij502wqitnt734b9elf,"",guess,,GU00158,Gold Black,26B,61,15,130,,,,51,153,0,,,t,2025-12-07 20:23:11.442,2025-12-07 20:23:11.442,t,f,999,FRAME
cmiw66ipf02writntpmf8lg0a,"",Oakley Youth,,OY8016 WHIPBACK,SATIN BLACK,801601,49,15,128,888392512703,,,46.38,139,1,,,t,2025-12-07 20:23:11.668,2025-12-07 20:23:11.668,t,f,999,FRAME
cmiw66j2802wtitntl5e60v2n,"",Oakley Frame,,OX8190 ENIGMA INK,SATIN BLACK,819001,57,18,132,888392643346,,,100.79,302,1,,,t,2025-12-07 20:23:12.128,2025-12-07 20:23:12.128,t,f,999,FRAME
cmiw66jer02wvitnto7b0q0v1,"",Polo,,PH2287F,SHINY BLACK,5001,53,17,145,8056262455142,,,76.41,229,1,,,t,2025-12-07 20:23:12.579,2025-12-07 20:23:12.579,t,f,999,FRAME
cmiw66jrr02wxitntuctvmoy6,"",Oakley Frame,,OX5086 BURROW,MATTE MIDNIGHT,508604,56,18,138,888392661814,,,174.7,524,1,,,t,2025-12-07 20:23:13.047,2025-12-07 20:23:13.047,t,f,999,FRAME
cmiw66k4j02wzitnt0s1uurae,"",Guess?,,GU50193,matte black,002,56,17,145,889214537881,,,84,252,1,,,t,2025-12-07 20:23:13.508,2025-12-07 20:23:13.508,t,f,999,FRAME
cmiw66khd02x1itntthriumfd,"",Guess?,,GU50094,havana/other,056,53,19,145,889214464477,,,71,213,1,,,t,2025-12-07 20:23:13.969,2025-12-07 20:23:13.969,t,f,999,FRAME
cmiw66ktw02x3itntfbuhp0lh,"",Oakley,,OO9488 FLAK 2.0 XXL,Polished Black,01,63,10,131,,,,101.19,304,0,,,t,2025-12-07 20:23:14.42,2025-12-07 20:23:14.42,t,f,999,FRAME
cmiw66l0802x4itntlvl4rdf2,"",Ralph,,RA7178U,SHINY MILKY PEACH,6237,54,17,145,8056262458747,,,58.75,176,1,,,t,2025-12-07 20:23:14.648,2025-12-07 20:23:14.648,t,f,999,FRAME
cmiw66lcz02x6itntzf5yokqs,"",Guess?,,GU50130,shiny black,001,57,16,145,889214495433,,,71,213,1,,,t,2025-12-07 20:23:15.107,2025-12-07 20:23:15.107,t,f,999,FRAME
cmiw66lps02x8itnt3xkj4gs3,"",Oakley,,OO4124,Gunmetal,0662,62,17,136,,,,140.31,421,0,,,t,2025-12-07 20:23:15.568,2025-12-07 20:23:15.568,t,f,999,FRAME
cmiw66lwc02x9itntebubixco,"",RAY-BAN STORIES,,RW4006 WAYFARER,MATTE BLACK,601SM1,50,22,150,8056597988384,,,284.24,379,0,,,t,2025-12-07 20:23:15.804,2025-12-07 20:23:15.804,t,f,999,FRAME
cmiw66m2k02xaitnt3l5d5n6q,"",Tory Burch,,TY1093,LIGHT GOLD,3346,54,17,140,725125530675,,,95.93,288,1,,,t,2025-12-07 20:23:16.028,2025-12-07 20:23:16.028,t,f,999,FRAME
cmiw66mf002xcitnthjzer3z1,"",Guess?,,GU50190,dark havana,052,58,16,150,889214537713,,,75,225,1,,,t,2025-12-07 20:23:16.477,2025-12-07 20:23:16.477,t,f,999,FRAME
cmiw66mro02xeitnt8qabx3gz,"",Timberland,,TB1650,matte black,002,59,16,,889214368812,,,71,213,0,,,t,2025-12-07 20:23:16.933,2025-12-07 20:23:16.933,t,f,999,FRAME
cmiw66my502xfitntvdy0p4r3,"",Oakley,,OO4079-31,Silver,33,59,15,135,,,,0,390,0,,,t,2025-12-07 20:23:17.166,2025-12-07 20:23:17.166,t,f,999,FRAME
cmiw66n4b02xgitnt5ui2u8pj,"",Tom Ford,,FT5982-B,shiny blue,090,52,20,145,889214522603,,,206,618,0,,,t,2025-12-07 20:23:17.387,2025-12-07 20:23:17.387,t,f,999,FRAME
cmiw66naj02xhitntpzrbowja,"",Tom Ford,,FT5696-B,dark havana,052,56,16,145,889214181732,,,163,489,1,,,t,2025-12-07 20:23:17.612,2025-12-07 20:23:17.612,t,f,999,FRAME
cmiw66nng02xjitnte5lcjb9a,"",Oakley,,OO9253,Satin Black,,61,18,135,,,,99.89,300,0,,,t,2025-12-07 20:23:18.077,2025-12-07 20:23:18.077,t,f,999,FRAME
cmiw66ntu02xkitnt4ha33u7o,"",Vogue®,,VO5420,TRANSPARENT,W745,53,17,140,8056597602112,,,53.35,160,0,,,t,2025-12-07 20:23:18.306,2025-12-07 20:23:18.306,t,f,999,FRAME
cmiw66o0202xlitntvvt6ph9o,"",Oakley,,OO4075,Tungsten,14,60,17,123,,,,143,429,0,,,t,2025-12-07 20:23:18.531,2025-12-07 20:23:18.531,t,f,999,FRAME
cmiw66o7e02xmitnt9ttm874n,"",Ray-Ban Rx,,RX7210,TRANSPARENT,5943,50,20,145,8056262292396,,,82.92,249,0,,,t,2025-12-07 20:23:18.794,2025-12-07 20:23:18.794,t,f,999,FRAME
cmiw66odq02xnitnt7h3d8gt9,"",Tom Ford,,FT5909-B,dark havana,052,53,18,140,889214453303,,,181,543,0,,,t,2025-12-07 20:23:19.023,2025-12-07 20:23:19.023,t,f,999,FRAME
cmiw66ok402xoitntvisdjmt8,"",Vogue®,,VO5624,BLACK,W44,53,17,140,8056262351505,,,68.58,206,0,,,t,2025-12-07 20:23:19.253,2025-12-07 20:23:19.253,t,f,999,FRAME
cmiw66oqj02xpitnt3zz8af0u,"",Vogue®,,VO5654,BLACK,W44,51,17,140,8056262351765,,,68.58,206,0,,,t,2025-12-07 20:23:19.484,2025-12-07 20:23:19.484,t,f,999,FRAME
cmiw66owt02xqitnt8zhvxzwo,"",Vogue®,,VO5487B,BLACK,W44,54,17,140,8056597814966,,,75.75,227,1,,,t,2025-12-07 20:23:19.71,2025-12-07 20:23:19.71,t,f,999,FRAME
cmiw66p9802xsitntwfe7oqxb,"",Vogue®,,VO3987B,Black,352,52,16,135,8053672486889,,,80.09,240,0,,,t,2025-12-07 20:23:20.157,2025-12-07 20:23:20.157,t,f,999,FRAME
cmiw66pfw02xtitnthroqfqmn,"",Vogue®,,VO2998,TRANSPARENT BLUE,2762,54,16,140,8056597260497,,,64.55,224,0,,,t,2025-12-07 20:23:20.397,2025-12-07 20:23:20.397,t,f,999,FRAME
cmiw66pnj02xuitnt8fmwvek0,"",Vogue®,,VO4088,BLACK/GOLD,352,52,18,140,8053672867336,,,69.9,210,1,,,t,2025-12-07 20:23:20.629,2025-12-07 20:23:20.629,t,f,999,FRAME
cmiw66q0r02xwitntay1nndt6,"",Vogue®,,VO5627,TOTAL DARK HAVANA,2718,54,16,140,8056262350614,,,62.39,187,0,,,t,2025-12-07 20:23:21.147,2025-12-07 20:23:21.147,t,f,999,FRAME
cmiw66q6z02xxitntkfxnlena,"",Vogue®,,VO5627,TRANSPARENT GREY,3184,54,16,140,8056262350652,,,62.39,187,0,,,t,2025-12-07 20:23:21.371,2025-12-07 20:23:21.371,t,f,999,FRAME
cmiw66qd702xyitnto8q0n94b,"",Vogue®,,VO5563,TRANSPARENT,W745,53,17,140,8056262005415,,,62.39,187,0,,,t,2025-12-07 20:23:21.595,2025-12-07 20:23:21.595,t,f,999,FRAME
cmiw66qje02xzitnt0ydu5yym,"",Oakley,,OJ9006,Blue,42,53,16,133,,,,74.56,244,1,,,t,2025-12-07 20:23:21.818,2025-12-07 20:23:21.818,t,f,999,FRAME
cmiw66qvv02y1itntudrd9ngh,"",Oakley Frame,,OX8060 OVERHEAD,MATTE BLACK,806011,59,16,138,7895653335493,,,67.98,204,0,,,t,2025-12-07 20:23:22.267,2025-12-07 20:23:22.267,t,f,999,FRAME
cmiw66r2902y2itntiuplwynl,"",Tom Ford,,FT5977-B,matte black,002,50,18,145,889214522368,,,172,516,1,,,t,2025-12-07 20:23:22.497,2025-12-07 20:23:22.497,t,f,999,FRAME
cmiw66rfa02y4itntx3wv9g4d,"",Tom Ford,,FT5938-B,shiny beige,057,54,18,145,889214488510,,,150,450,1,,,t,2025-12-07 20:23:22.966,2025-12-07 20:23:22.966,t,f,999,FRAME
cmiw66rs402y6itntqxlponig,"",Tom Ford,,FT5695-B,dark havana,052,49,20,145,889214181602,,,163,489,1,,,t,2025-12-07 20:23:23.428,2025-12-07 20:23:23.428,t,f,999,FRAME
cmiw66s4r02y8itnttaigsrmm,"",Costa,,06A8015,Black,05,54,17,140,,,,83.4,250,1,,,t,2025-12-07 20:23:23.883,2025-12-07 20:23:23.883,t,f,999,FRAME
cmiw66shj02yaitntc6wpy87z,"",Oakley Youth,,OY8026 BUNT,MATTE BLUE STEEL,802608,48,15,129,888392666765,,,49.2,148,0,,,t,2025-12-07 20:23:24.344,2025-12-07 20:23:24.344,t,f,999,FRAME
cmiw66snw02ybitnt41a6ezjs,"",Oakley Youth,,OY8026 BUNT,MATTE BLACK,802605,50,15,129,888392611512,,,49.2,148,1,,,t,2025-12-07 20:23:24.572,2025-12-07 20:23:24.572,t,f,999,FRAME
cmiw66t0r02yditnt63pffur5,"",Oakley Frame,,OX8118 CROSSLINK (A),Satin Black,811804,56,17,137,888392244802,,,69.61,209,1,,,t,2025-12-07 20:23:25.035,2025-12-07 20:23:25.035,t,f,999,FRAME
cmiw66tdk02yfitntdayoooey,"",Oakley Frame,,OX8046 AIRDROP,SATIN GREY SMOKE,804619,53,18,143,888392610577,,,89.72,269,1,,,t,2025-12-07 20:23:25.496,2025-12-07 20:23:25.496,t,f,999,FRAME
cmiw66tpw02yhitnttfjp2vos,"",Oakley Frame,,OX8162 COGNITIVE,MATTE GREY INK,816206,56,19,132,888392666598,,,164.73,494,1,,,t,2025-12-07 20:23:25.94,2025-12-07 20:23:25.94,t,f,999,FRAME
cmiw66u2g02yjitnt37w4lu4d,"",Oakley Frame,,OX8197D SHACKLE,MATTE OLIVE INK,819703,50,18,137,888392671158,,,90.21,271,0,,,t,2025-12-07 20:23:26.393,2025-12-07 20:23:26.393,t,f,999,FRAME
cmiw66u8s02ykitntd51gbbaa,"",Oakley Frame,,OX5132 SURFACE PLATE,PEWTER,513202,54,18,138,888392282576,,,118.65,356,1,,,t,2025-12-07 20:23:26.621,2025-12-07 20:23:26.621,t,f,999,FRAME
cmiw66ulp02ymitntjjdq74r2,"",Ralph,,RA6061,SHINY ROSE GOLD,9427,53,16,145,8056262227428,,,67.3,202,0,,,t,2025-12-07 20:23:27.085,2025-12-07 20:23:27.085,t,f,999,FRAME
cmiw66us602ynitntskqyk2sj,"",Ralph,,RA7135,SHINY BLUE,5982,53,16,140,8056597514507,,,58.75,176,0,,,t,2025-12-07 20:23:27.319,2025-12-07 20:23:27.319,t,f,999,FRAME
cmiw66uyd02yoitnton3hkuvg,"",Ralph,,RA7071,BLACK GRADIENT TRASPAREN,1511,52,16,140,8053672560534,,,58.75,176,1,,,t,2025-12-07 20:23:27.541,2025-12-07 20:23:27.541,t,f,999,FRAME
cmiw66vb602yqitntcwcful89,"",Ralph,,RA7071,SHINY TRASPARENT BLU,6136,52,16,140,8056597909914,,,58.75,176,0,,,t,2025-12-07 20:23:28.002,2025-12-07 20:23:28.002,t,f,999,FRAME
cmiw66vhs02yritnthku5viwn,"",Ralph,,RA7137U,SHINY DARK HAVANA,5003,53,18,145,8056597601696,,,58.75,176,0,,,t,2025-12-07 20:23:28.241,2025-12-07 20:23:28.241,t,f,999,FRAME
cmiw66vo202ysitntvgjoy23j,"",Ralph,,RA6058,SHINY ROSE GOLD,9464,53,17,145,8056597904933,,,71.25,214,1,,,t,2025-12-07 20:23:28.466,2025-12-07 20:23:28.466,t,f,999,FRAME
cmiw66w0q02yuitntchlpixmp,"",Ralph,,RA7161U,SHINY DARK HAVANA,5003,55,16,145,8056262006047,,,65.42,196,2,,,t,2025-12-07 20:23:28.923,2025-12-07 20:23:28.923,t,f,999,FRAME
cmiw66wdn02yxitntp9q6sz5x,"",Ralph,,RA7044,HAVANA/ACQUAMARINE,601,52,16,135,8053672321852,,,65.42,226,2,,,t,2025-12-07 20:23:29.387,2025-12-07 20:23:29.387,t,f,999,FRAME
cmiw66wql02z0itnt1gl389e9,"",Ralph,,RA7158U,SHINY TRANSPARENT BEIGE,6117,53,18,145,8056597905428,,,58.75,176,1,,,t,2025-12-07 20:23:29.853,2025-12-07 20:23:29.853,t,f,999,FRAME
cmiw66x3h02z2itntwlpbsl3e,"",Ralph,,RA6062,SHINY BLACK,9443,53,16,145,8056262458938,,,76.67,230,0,,,t,2025-12-07 20:23:30.318,2025-12-07 20:23:30.318,t,f,999,FRAME
cmiw66x9y02z3itntbww7a09c,"",Ralph,,RA6057,SHINY ROSE GOLD,9427,52,16,145,8056597903721,,,71.25,214,1,,,t,2025-12-07 20:23:30.55,2025-12-07 20:23:30.55,t,f,999,FRAME
cmiw66xmz02z5itnt1jts681m,"",JIMMY CHOO,,JC3024U,CAPER GREEN,5060,53,17,140,8056262237984,,,106.3,319,1,,,t,2025-12-07 20:23:31.02,2025-12-07 20:23:31.02,t,f,999,FRAME
cmiw66xzz02z7itntxg0ltfe1,"",JIMMY CHOO,,JC3002B,BLACK,5017,55,17,140,8056262040430,,,135.19,406,1,,,t,2025-12-07 20:23:31.488,2025-12-07 20:23:31.488,t,f,999,FRAME
cmiw66ycs02z9itntapn2hse5,"",JIMMY CHOO,,JC2006,PALE GOLD/BISCUIT,3019,53,17,140,8056262230091,,,115.93,348,1,,,t,2025-12-07 20:23:31.948,2025-12-07 20:23:31.948,t,f,999,FRAME
cmiw66ype02zbitntoco9bcgb,"",JIMMY CHOO,,JC3028,PINK,5014,54,16,140,8056262231272,,,154.81,464,1,,,t,2025-12-07 20:23:32.402,2025-12-07 20:23:32.402,t,f,999,FRAME
cmiw66z2902zditnta2vl8iju,"",JIMMY CHOO,,JC3011,OPAL PINK,5027,54,17,145,8056262029961,,,106.3,319,0,,,t,2025-12-07 20:23:32.866,2025-12-07 20:23:32.866,t,f,999,FRAME
cmiw66z8n02zeitntmgx4joci,"",JIMMY CHOO,,JC3037,BLACK,5000,54,17,140,8056262469149,,,106.3,319,0,,,t,2025-12-07 20:23:33.096,2025-12-07 20:23:33.096,t,f,999,FRAME
cmiw66zey02zfitnt3pseybkm,"",JIMMY CHOO,,JC3032B,STRIPED CRANBERRY,5064,53,16,140,8056262472811,,,154.81,464,0,,,t,2025-12-07 20:23:33.323,2025-12-07 20:23:33.323,t,f,999,FRAME
cmiw66zlh02zgitntp26notip,"",JIMMY CHOO,,JC3010U,BLACK,5017,54,17,140,8056262043318,,,164.44,493,1,,,t,2025-12-07 20:23:33.557,2025-12-07 20:23:33.557,t,f,999,FRAME
cmiw66zya02ziitnt0jdggf04,"",JIMMY CHOO,,JC3027,BLACK,5000,52,16,140,8056262231340,,,154.81,464,1,,,t,2025-12-07 20:23:34.019,2025-12-07 20:23:34.019,t,f,999,FRAME
cmiw670as02zkitnttoiolhqj,"",JIMMY CHOO,,JC3021H,BLACK,5000,54,17,140,8056262235591,,,135.19,406,1,,,t,2025-12-07 20:23:34.469,2025-12-07 20:23:34.469,t,f,999,FRAME
cmiw670ni02zmitnt9ay43qpu,"",JIMMY CHOO,,JC3013U,BLUE,5020,55,16,140,8056262044407,,,145.19,436,0,,,t,2025-12-07 20:23:34.927,2025-12-07 20:23:34.927,t,f,999,FRAME
cmiw670u102znitntbnyccie2,"",JIMMY CHOO,,JC3012F,HAVANA,5002,53,16,145,8056262055373,,,106.3,319,0,,,t,2025-12-07 20:23:35.161,2025-12-07 20:23:35.161,t,f,999,FRAME
cmiw6710k02zoitntb2ytiqt8,"",JIMMY CHOO,,JC3019B,HAVANA,5002,52,17,145,8056262235232,,,125.56,377,1,,,t,2025-12-07 20:23:35.397,2025-12-07 20:23:35.397,t,f,999,FRAME
cmiw671en02zqitnttnhww1aa,"",JIMMY CHOO,,JC3006U,SAND,5033,55,16,140,8056262478004,,,135.19,406,1,,,t,2025-12-07 20:23:35.859,2025-12-07 20:23:35.859,t,f,999,FRAME
cmiw671r202zsitntzc6yt6dk,"",JIMMY CHOO,,JC2013HD,ROSE GOLD,3008,54,20,145,8056262473061,,,174.07,522,1,,,t,2025-12-07 20:23:36.351,2025-12-07 20:23:36.351,t,f,999,FRAME
cmiw6724002zuitntng24mnin,"",JIMMY CHOO,,JC2003,SILVER,3014,55,17,140,8056262047989,,,145.19,436,1,,,t,2025-12-07 20:23:36.817,2025-12-07 20:23:36.817,t,f,999,FRAME
cmiw672h302zwitntoy1bdy75,"",JIMMY CHOO,,JC3001B,HAVANA,5002,54,17,140,8056262040492,,,135.19,406,1,,,t,2025-12-07 20:23:37.287,2025-12-07 20:23:37.287,t,f,999,FRAME
cmiw672tz02zyitntf10jswca,"",JIMMY CHOO,,JC3026,CRANBERRY,5013,53,17,140,8056262231944,,,154.81,464,1,,,t,2025-12-07 20:23:37.751,2025-12-07 20:23:37.751,t,f,999,FRAME
cmiw6736j0300itnt06nkivh1,"",JIMMY CHOO,,JC3020B,BLUE,5035,53,16,140,8056262267349,,,154.81,464,1,,,t,2025-12-07 20:23:38.203,2025-12-07 20:23:38.203,t,f,999,FRAME
cmiw673k90302itntfmy25a3l,"",JIMMY CHOO,,JC3035,OPAL DENIM,5067,53,17,140,8056262455395,,,106.3,319,1,,,t,2025-12-07 20:23:38.697,2025-12-07 20:23:38.697,t,f,999,FRAME
cmiw673wx0304itnts3h3xbrd,"",JIMMY CHOO,,JC3008,BLUE,5016,55,16,140,8056262029800,,,125.56,377,1,,,t,2025-12-07 20:23:39.153,2025-12-07 20:23:39.153,t,f,999,FRAME
cmiw6749l0306itntc87602od,"",JIMMY CHOO,,JC3017U,YELLOW HAVANA,5004,52,17,140,8056262030141,,,125.56,377,1,,,t,2025-12-07 20:23:39.61,2025-12-07 20:23:39.61,t,f,999,FRAME
cmiw674me0308itnt7g3akuek,"",JIMMY CHOO,,JC3040U,HAVANA,5002,52,17,140,8056262499900,,,106.3,319,1,,,t,2025-12-07 20:23:40.07,2025-12-07 20:23:40.07,t,f,999,FRAME
cmiw674z0030aitntr43i7pmm,"",DOLCE & GABBANA,,DG3389,BLACK,501,55,18,145,8056262051801,,,145.56,437,0,,,t,2025-12-07 20:23:40.524,2025-12-07 20:23:40.524,t,f,999,FRAME
cmiw6755f030bitntbw8yjcuj,"",DOLCE & GABBANA,,DG5106U,BORDEAUX,3091,54,17,145,8056597949125,,,134.81,404,1,,,t,2025-12-07 20:23:40.755,2025-12-07 20:23:40.755,t,f,999,FRAME
cmiw675ik030ditnt2apl5srs,"",DOLCE & GABBANA,,DG3426,TRANSPARENT BLUE,3009,53,17,145,8056262450611,,,113.33,340,1,,,t,2025-12-07 20:23:41.228,2025-12-07 20:23:41.228,t,f,999,FRAME
cmiw675vg030fitntzvs708op,"",DOLCE & GABBANA,,DG5036,CRYSTAL,3133,53,17,140,8053672909456,,,124.07,372,0,,,t,2025-12-07 20:23:41.692,2025-12-07 20:23:41.692,t,f,999,FRAME
cmiw6761t030gitntbqo0ea0k,"",DOLCE & GABBANA,,DG5076,TRANSPARENT GRAFFITI,3314,55,17,140,8056597548847,,,102.59,308,1,,,t,2025-12-07 20:23:41.921,2025-12-07 20:23:41.921,t,f,999,FRAME
cmiw676ee030iitntuqiohobr,"",DOLCE & GABBANA,,DG5027,TRANSPARENT GREY,3160,55,18,140,8053672822908,,,113.33,340,0,,,t,2025-12-07 20:23:42.375,2025-12-07 20:23:42.375,t,f,999,FRAME
cmiw676ky030jitnt38yxo3zh,"",DOLCE & GABBANA,,DG1309,MATTE BLACK/GUNMETAL,1277,57,18,145,8056597172790,,,124.07,372,0,,,t,2025-12-07 20:23:42.61,2025-12-07 20:23:42.61,t,f,999,FRAME
cmiw676rl030kitnt34by1kdw,"",DOLCE & GABBANA,,DG3422,BLACK,501,53,18,145,8056262468531,,,134.81,404,1,,,t,2025-12-07 20:23:42.849,2025-12-07 20:23:42.849,t,f,999,FRAME
cmiw67776030mitntkt6zj8ce,"",DOLCE & GABBANA,,DG5066,BLACK,501,54,17,140,8056597377683,,,102.59,308,0,,,t,2025-12-07 20:23:43.41,2025-12-07 20:23:43.41,t,f,999,FRAME
cmiw677gc030nitntxi8f6gmz,"",DOLCE & GABBANA,,DG5026,CRYSTAL,3133,54,17,140,8053672822182,,,113.33,340,1,,,t,2025-12-07 20:23:43.74,2025-12-07 20:23:43.74,t,f,999,FRAME
cmiw677yn030pitntwj2qu9v2,"",DOLCE & GABBANA,,DG5087,GRADIENT BLACK,3385,53,18,140,8056597757607,,,124.07,372,0,,,t,2025-12-07 20:23:44.399,2025-12-07 20:23:44.399,t,f,999,FRAME
cmiw6789o030qitnt1a25hnjp,"",DOLCE & GABBANA,,DG3352,BLACK,501,57,20,150,8056597657785,,,113.33,340,0,,,t,2025-12-07 20:23:44.796,2025-12-07 20:23:44.796,t,f,999,FRAME
cmiw678jb030ritntmqwipsra,"",DOLCE & GABBANA,,DG5044,MATTE BLACK,2525,55,17,145,8056597089463,,,102.59,308,1,,,t,2025-12-07 20:23:45.144,2025-12-07 20:23:45.144,t,f,999,FRAME
cmiw6792e030titnt3kqoai5n,"",DOLCE & GABBANA,,DG1358,BORDEAUX,1319,54,16,145,8056262294475,,,167.04,501,1,,,t,2025-12-07 20:23:45.83,2025-12-07 20:23:45.83,t,f,999,FRAME
cmiw679f0030vitnt2l6q4duy,"",DOLCE & GABBANA,,DG1351,GOLD/BLACK,1334,54,15,140,8056597946292,,,134.81,404,1,,,t,2025-12-07 20:23:46.284,2025-12-07 20:23:46.284,t,f,999,FRAME
cmiw679rv030xitntz9fcl30s,"",Vogue®,,VO5632B,TRANSPARENT MALLARD GREE,3086,53,17,140,8056262351352,,,80.09,240,1,,,t,2025-12-07 20:23:46.747,2025-12-07 20:23:46.747,t,f,999,FRAME
cmiw67a4l030zitntlz6ab7gf,"",Ralph,,RA7158U,SHINY DARK HAVANA,5003,55,18,145,8056597905398,,,58.75,176,0,,,t,2025-12-07 20:23:47.205,2025-12-07 20:23:47.205,t,f,999,FRAME
cmiw67ab00310itnt445bbted,"",Ralph,,RA7039,HAVANA/ACQUAMARINE,601,53,16,135,8053672776836,,,58.75,176,1,,,t,2025-12-07 20:23:47.437,2025-12-07 20:23:47.437,t,f,999,FRAME
cmiw67ao20312itntg2ky5vhb,"",DOLCE & GABBANA,,DG3425,TRANSPARENT ROSE,3148,52,18,145,8056262450499,,,113.33,340,0,,,t,2025-12-07 20:23:47.906,2025-12-07 20:23:47.906,t,f,999,FRAME
cmiw67au80313itntkesb3a3n,"",DOLCE & GABBANA,,DG3397,HAVANA BLUE,3443,54,16,140,8056262256749,,,145.56,437,0,,,t,2025-12-07 20:23:48.128,2025-12-07 20:23:48.128,t,f,999,FRAME
cmiw67b0j0314itntyjzubnuz,"",DOLCE & GABBANA,,DG3363,HAVANA,502,54,18,145,8056597756952,,,113.33,340,0,,,t,2025-12-07 20:23:48.356,2025-12-07 20:23:48.356,t,f,999,FRAME
cmiw67b7k0315itnti6ijnbig,"",DOLCE & GABBANA,,DG3424,HAVANA PINK PEARL,3440,52,17,145,8056262450437,,,113.33,340,0,,,t,2025-12-07 20:23:48.608,2025-12-07 20:23:48.608,t,f,999,FRAME
cmiw67bdw0316itntsnk1jqoo,"",DOLCE & GABBANA,,DG5071,PINK PASTEL GRADIENT CRY,3303,50,19,140,8056597417228,,,113.33,340,1,,,t,2025-12-07 20:23:48.836,2025-12-07 20:23:48.836,t,f,999,FRAME
cmiw67bqh0318itntljmdmuc4,"",DOLCE & GABBANA,,DG3380,TRANSPARENT BLUE,3398,54,18,145,8056262479216,,,145.56,437,1,,,t,2025-12-07 20:23:49.289,2025-12-07 20:23:49.289,t,f,999,FRAME
cmiw67c39031aitnt39h4mn2j,"",DOLCE & GABBANA,,DG3386,TRANSPARENT CAMEL,3432,53,19,145,8056262062395,,,134.81,404,1,,,t,2025-12-07 20:23:49.75,2025-12-07 20:23:49.75,t,f,999,FRAME
cmiw67cga031citntui3dlpkj,"",DOLCE & GABBANA,,DG5025,TRANSPARENT GREY,504,53,15,140,8053672777857,,,113.33,340,0,,,t,2025-12-07 20:23:50.218,2025-12-07 20:23:50.218,t,f,999,FRAME
cmiw67cmq031ditnthwlouiiu,"",Vogue®,,VO4177,TOP BLACK/SILVER,323,52,19,135,8056597826068,,,62.39,187,0,,,t,2025-12-07 20:23:50.45,2025-12-07 20:23:50.45,t,f,999,FRAME
cmiw67csu031eitntj57fe353,"",Vogue®,,VO5628,TRANSPARENT LIGHT BLUE,3197,53,16,140,8056262350515,,,62.39,187,0,,,t,2025-12-07 20:23:50.671,2025-12-07 20:23:50.671,t,f,999,FRAME
cmiw67cz3031fitnt5dl940ei,"",Costa,,06A3005,Matte Black,30050155,55,16,145,,,,88.93,267,2,,,t,2025-12-07 20:23:50.895,2025-12-07 20:23:50.895,t,f,999,FRAME
cmiw67dd3031hitnt13om67sq,"",Ralph,,RA7039,MILKY GREEN ON MILKY LIG,6074,51,16,135,8056597810296,,,58.75,176,0,,,t,2025-12-07 20:23:51.399,2025-12-07 20:23:51.399,t,f,999,FRAME
cmiw67dl1031iitntlsu8xb67,"",JIMMY CHOO,,JC3012,MILKY HAVANA,5068,53,16,145,8056262477083,,,106.3,319,1,,,t,2025-12-07 20:23:51.686,2025-12-07 20:23:51.686,t,f,999,FRAME
cmiw67dxs031kitntgl038gwc,"",DOLCE & GABBANA,,DG3360,HAVANA ON WHITE BARROW,3217,54,18,145,8056262075111,,,134.81,404,1,,,t,2025-12-07 20:23:52.144,2025-12-07 20:23:52.144,t,f,999,FRAME
cmiw67eag031mitntl8p7m37k,"",DOLCE & GABBANA,,DG3376B,TRANSPARENT ROSE,3148,51,18,140,8056262074534,,,145.56,437,2,,,t,2025-12-07 20:23:52.6,2025-12-07 20:23:52.6,t,f,999,FRAME
cmiw67end031oitntlkox2jwm,"",Adidas Sport,,SP5096-D,matte gunmetal,009,58,19,140,889214580986,,,68,204,0,,,t,2025-12-07 20:23:53.066,2025-12-07 20:23:53.066,t,f,999,FRAME
cmiw67etp031pitntex59q4dm,"",Adidas Sport,,SP5097,shiny gunmetal,008,56,17,140,889214581112,,,68,204,1,,,t,2025-12-07 20:23:53.293,2025-12-07 20:23:53.293,t,f,999,FRAME
cmiw67f69031ritntjgxjs14u,"",Adidas Sport,,SP5098,matte black,002,53,16,140,889214581136,,,68,204,1,,,t,2025-12-07 20:23:53.746,2025-12-07 20:23:53.746,t,f,999,FRAME
cmiw67fis031titnt75mtn0jk,"",Adidas Sport,,SP5103,matte black,001,55,18,140,889214581280,,,63,189,1,,,t,2025-12-07 20:23:54.196,2025-12-07 20:23:54.196,t,f,999,FRAME
cmiw67fw6031vitntz58e9yhi,"",Adidas Sport,,SP5102,matte black,002,56,16,140,889214581259,,,63,189,1,,,t,2025-12-07 20:23:54.678,2025-12-07 20:23:54.678,t,f,999,FRAME
cmiw67g8q031xitnt8rtxsyp8,"",Adidas Sport,,SP5102,matte blue,091,56,16,140,889214581273,,,63,189,0,,,t,2025-12-07 20:23:55.131,2025-12-07 20:23:55.131,t,f,999,FRAME
cmiw67gf3031yitnt9tvdzosp,"",DOLCE & GABBANA,,DG3363,BORDEAUX,3091,52,18,145,8056597756860,,,113.33,340,1,,,t,2025-12-07 20:23:55.359,2025-12-07 20:23:55.359,t,f,999,FRAME
cmiw67grn0320itntqfy0z40o,"",JIMMY CHOO,,JC3036,OPAL PINK HAVANA,5070,54,15,140,8056262465820,,,106.3,319,0,,,t,2025-12-07 20:23:55.812,2025-12-07 20:23:55.812,t,f,999,FRAME
cmiw67gy00321itntiyzrwxfn,"",Oakley Frame,,OX8196D PARACORD RX,SATIN GREY SMOKE,819602,55,17,137,888392670465,,,95.65,287,0,,,t,2025-12-07 20:23:56.04,2025-12-07 20:23:56.04,t,f,999,FRAME
cmiw67h4e0322itntj5lgj2un,"",Rayban,,OO9238 FIVES SQUARED,Matte Black,15,54,20,133,,,,63.5,191,0,,,t,2025-12-07 20:23:56.27,2025-12-07 20:23:56.27,t,f,999,FRAME
cmiw67hal0323itnt98ti34cs,"",DOLCE & GABBANA,,DG3393,BLACK LACE,3287,56,16,145,8056262302576,,,150.37,451,1,,,t,2025-12-07 20:23:56.494,2025-12-07 20:23:56.494,t,f,999,FRAME
cmiw67hne0325itntq0dmrda6,"",Oakley Frame,,OX8175 LEADLINE RX,POLISHED TRANSPARENT SEP,817508,54,17,139,888392620132,,,89.72,269,1,,,t,2025-12-07 20:23:56.955,2025-12-07 20:23:56.955,t,f,999,FRAME
cmiw67hzt0327itnt2esfzbtf,"",Oakley Frame,,OX8189 BMNG SQ,MATTE TRANS PACIFIC,818905,55,18,141,888392666468,,,100.79,302,0,,,t,2025-12-07 20:23:57.402,2025-12-07 20:23:57.402,t,f,999,FRAME
cmiw67i5z0328itnt2j6r8o1s,"",Oakley Frame,,OX8189 BMNG SQ,DUSTY ROSE,818902,53,18,141,888392644398,,,100.79,302,1,,,t,2025-12-07 20:23:57.623,2025-12-07 20:23:57.623,t,f,999,FRAME
cmiw67iic032aitnth5wqqach,"",Oakley Frame,,OX8178 RAFTER,POLISHED CLEAR,817803,55,18,142,888392612885,,,68,204,0,,,t,2025-12-07 20:23:58.069,2025-12-07 20:23:58.069,t,f,999,FRAME
cmiw67iom032bitnt6jpzb4uh,"",Oakley Frame,,OX8176 SPINDRIFT RX,SATIN BROWN TORTOISE,817602,51,20,139,888392557162,,,89.72,269,1,,,t,2025-12-07 20:23:58.294,2025-12-07 20:23:58.294,t,f,999,FRAME
cmiw67j2m032ditntfa2f9rox,"",Oakley Frame,,OX8150 BMNG,MATTE GINGER TORTOISE,815007,53,17,141,888392647375,,,95.65,287,1,,,t,2025-12-07 20:23:58.798,2025-12-07 20:23:58.798,t,f,999,FRAME
cmiw67jfj032fitntcs7r9n06,"",Oakley Frame,,OX8150 BMNG,MATTE CLEAR,815009,55,17,141,888392666857,,,95.65,287,1,,,t,2025-12-07 20:23:59.264,2025-12-07 20:23:59.264,t,f,999,FRAME
cmiw67jsh032hitntjnjyfayw,"",Vogue®,,VO5420F,TRANSPARENT GREY,2820,54,17,140,8056597826730,,,53.35,160,2,,,t,2025-12-07 20:23:59.729,2025-12-07 20:23:59.729,t,f,999,FRAME
cmiw67k5s032jitnt4yg8hcnx,"",DOLCE & GABBANA,,DG3396,HAVANA GREY,3445,53,18,140,8056262256275,,,145.56,437,0,,,t,2025-12-07 20:24:00.208,2025-12-07 20:24:00.208,t,f,999,FRAME
cmiw67kc6032kitntx1cxagdl,"",JIMMY CHOO,,JC3017U,PINK HAVANA,5070,54,17,140,8056262476505,,,125.56,377,0,,,t,2025-12-07 20:24:00.439,2025-12-07 20:24:00.439,t,f,999,FRAME
cmiw67kio032litntwf6mszks,"",JIMMY CHOO,,JC3038D,TRANSPARENT BROWN,5051,54,17,145,8056262472958,,,125.56,377,0,,,t,2025-12-07 20:24:00.673,2025-12-07 20:24:00.673,t,f,999,FRAME
cmiw67kpl032mitntz7zfk63d,"",JIMMY CHOO,,JC3033BU,STRIPED NAVY,5072,52,17,140,8056262472910,,,154.81,464,1,,,t,2025-12-07 20:24:00.921,2025-12-07 20:24:00.921,t,f,999,FRAME
cmiw67l2t032oitntdrwbvd18,"",JIMMY CHOO,,JC3031BU,BLUE,5016,53,17,140,8056262436622,,,135.19,406,1,,,t,2025-12-07 20:24:01.398,2025-12-07 20:24:01.398,t,f,999,FRAME
cmiw67lfk032qitnt10xvigyb,"",JIMMY CHOO,,JC3018B,GLITTER BLACK/SILVER SHA,5056,53,17,145,8056262237243,,,145.19,436,0,,,t,2025-12-07 20:24:01.857,2025-12-07 20:24:01.857,t,f,999,FRAME
cmiw67lm0032ritntb575giy8,"",JIMMY CHOO,,JC3006U,PINK,5014,55,16,140,8056262048047,,,135.19,406,0,,,t,2025-12-07 20:24:02.088,2025-12-07 20:24:02.088,t,f,999,FRAME
cmiw67ls8032sitnt5yyhm9ft,"",Kid Twist,,Link,Denim,,47,14,135,,,,0,120,0,,,t,2025-12-07 20:24:02.313,2025-12-07 20:24:02.313,t,f,999,FRAME
cmiw67lye032titnt6i56f14n,"",JIMMY CHOO,,JC3030B,Navy Blue,5016,53,17,140,,,,135.19,406,1,,,t,2025-12-07 20:24:02.534,2025-12-07 20:24:02.534,t,f,999,FRAME
cmiw67mbp032vitntaq97e4q6,"",Dolce & Gabbana,,DG3414,Striped Ohcre,3446,52,18,140,,,,156.3,469,0,,,t,2025-12-07 20:24:03.013,2025-12-07 20:24:03.013,t,f,999,FRAME
cmiw67mhx032witntx1s10odv,"",DOLCE & GABBANA,,DG1359,Gold/Leo,1364,57,17,145,,,,124.07,372,1,,,t,2025-12-07 20:24:03.237,2025-12-07 20:24:03.237,t,f,999,FRAME
cmiw67mup032yitnttbo5dnsv,"",Dolce & Gabbana,,DG3417,Striped Blue,3448,54,20,140,,,,156.3,469,0,,,t,2025-12-07 20:24:03.698,2025-12-07 20:24:03.698,t,f,999,FRAME
cmiw67n18032zitntvma2v6ek,"",Michael Kors,,MK4144U,Dark Tortoise,3006,53,17,140,,,,59.63,179,1,,,t,2025-12-07 20:24:03.932,2025-12-07 20:24:03.932,t,f,999,FRAME
cmiw67ndw0331itnt6c9pmfjg,"",Michael Kors,,MK4150U,Clear,3050,54,17,140,,,,61.85,186,1,,,t,2025-12-07 20:24:04.388,2025-12-07 20:24:04.388,t,f,999,FRAME
cmiw67nqt0333itnt2j5antql,"",Michael Kors,,MK4067U SANTA CLARA,CLEAR,3015,57,16,140,725125526395,,,56.22,169,1,,,t,2025-12-07 20:24:04.853,2025-12-07 20:24:04.853,t,f,999,FRAME
cmiw67o3g0335itntqk6g6y5t,"",Michael Kors,,MK3051,SHINY MINK BROWN,1213,53,16,140,725125366120,,,67.53,233,1,,,t,2025-12-07 20:24:05.309,2025-12-07 20:24:05.309,t,f,999,FRAME
cmiw67og80337itnt8p4zkr1h,"",Michael Kors,,MK3091B,Rose Gold Shiny,1108,54,16,140,,,,80,240,1,,,t,2025-12-07 20:24:05.768,2025-12-07 20:24:05.768,t,f,999,FRAME
cmiw67otz0339itntwfptmrez,"",Tory Burch,,TY6114,Light Gold,336013,58,14,140,,,,84,252,1,,,t,2025-12-07 20:24:06.22,2025-12-07 20:24:06.22,t,f,999,FRAME
cmiw67p6g033bitnt8ltga65d,"",JIMMY CHOO,,JC2014D,Pale Gold/Cranberry,3025,51,17,140,,,,135.19,406,1,,,t,2025-12-07 20:24:06.713,2025-12-07 20:24:06.713,t,f,999,FRAME
cmiw67pjc033ditntledeu5p2,"",Ray-Ban,,RB3025,Gold w/Brown Gradient,001/51,58,14,135,,,,103.5,311,1,,,t,2025-12-07 20:24:07.176,2025-12-07 20:24:07.176,t,f,999,FRAME
cmiw67pvo033fitnts5p1z1eu,"",Ray-Ban,,RB2132,Black W/G-15 Green,901L,55,18,145,,,,89,267,0,,,t,2025-12-07 20:24:07.621,2025-12-07 20:24:07.621,t,f,999,FRAME
cmiw67q24033gitnt9tp793kc,"",Ray-Ban Youth,,RY1631,FUCSIA WITH RUBBER BLU,7508,47,16,130,8056262539651,,,47.6,171,0,,,t,2025-12-07 20:24:07.852,2025-12-07 20:24:07.852,t,f,999,FRAME
cmiw67q8c033hitntnbzwjz1h,"",Rayban,,RY1632,Azzurre,7509,48,16,130,,,,47.6,143,1,,,t,2025-12-07 20:24:08.077,2025-12-07 20:24:08.077,t,f,999,FRAME
cmiw67ql0033jitntydx1mcu6,"",Rayban,,RJ9077S,Black & rubber green,7193/71,49,16,130,,,,51.3,154,1,,,t,2025-12-07 20:24:08.532,2025-12-07 20:24:08.532,t,f,999,FRAME
cmiw67qyr033litntpjfyobzh,"",Rayban,,RJ9077S,Fucsia & rubber azzure,7192/71,49,16,130,,,,51.3,154,0,,,t,2025-12-07 20:24:09.027,2025-12-07 20:24:09.027,t,f,999,FRAME
cmiw67r53033mitntss5o4xjb,"",Ray-Ban Rx,,RX5417,STRIPED BLUE GRADIENT GR,8252,52,19,145,8056597826990,,,83,249,0,,,t,2025-12-07 20:24:09.255,2025-12-07 20:24:09.255,t,f,999,FRAME
cmiw67rbf033nitntzcb1rxt9,"",Oakley,,OO9191,Polished Black,10,65,9,130,,,,119.5,359,1,,,t,2025-12-07 20:24:09.483,2025-12-07 20:24:09.483,t,f,999,FRAME
cmiw67ro1033pitntssv9hbbg,"",Oakley,,0W8002,warm grey,04,51,22,145,,,,374.22,500,0,,,t,2025-12-07 20:24:09.938,2025-12-07 20:24:09.938,t,f,999,FRAME
cmiw67ruf033qitnt8q9fllpi,"",guess,,GU50131,Matte Black,05,55,15,145,,,,77,231,1,,,t,2025-12-07 20:24:10.168,2025-12-07 20:24:10.168,t,f,999,FRAME
cmiw67sp5033sitntmp127jqt,"",guess,,GU50242,Shiny Black,01,53,20,145,,,,84,252,1,,,t,2025-12-07 20:24:11.273,2025-12-07 20:24:11.273,t,f,999,FRAME
cmiw67t1i033uitntobo1ljw6,"",guess,,GU50018,Dark Havana,052,52,15,145,,,,77,231,0,,,t,2025-12-07 20:24:11.719,2025-12-07 20:24:11.719,t,f,999,FRAME
cmiw67t7x033vitntgjt3xrj4,"",marciano,,GM50019,Shiny Grey,20,52,15,140,,,,108,324,1,,,t,2025-12-07 20:24:11.949,2025-12-07 20:24:11.949,t,f,999,FRAME
cmiw67tkw033xitntpga87z9s,"",marciano,,GM50034,Shiny Black,01,53,20,140,,,,98,294,1,,,t,2025-12-07 20:24:12.416,2025-12-07 20:24:12.416,t,f,999,FRAME
cmiw67ty2033zitntlxb64wvb,"",marciano,,GM50028,Shiny Dark Brown,050,54,17,140,,,,93,279,0,,,t,2025-12-07 20:24:12.89,2025-12-07 20:24:12.89,t,f,999,FRAME
cmiw67u4f0340itntq7uxqno9,"",marciano,,GM50028,Shiny Light Green,095,54,17,140,,,,93,279,1,,,t,2025-12-07 20:24:13.119,2025-12-07 20:24:13.119,t,f,999,FRAME
cmiw67ugz0342itntkdpjtb6l,"",guess,,GU50244,Matte Dark Green,097,55,16,145,,,,84,252,0,,,t,2025-12-07 20:24:13.572,2025-12-07 20:24:13.572,t,f,999,FRAME
cmiw67un90343itntpspsm43i,"",guess,,GU50244,Shiny Satin Gunmetal,009,55,16,145,,,,84,252,1,,,t,2025-12-07 20:24:13.798,2025-12-07 20:24:13.798,t,f,999,FRAME
cmiw67uzu0345itntbphl3ly6,"",Guess?,,GM50014,beige/other,059,55,17,140,889214529466,,,93,279,1,,,t,2025-12-07 20:24:14.25,2025-12-07 20:24:14.25,t,f,999,FRAME
cmiw67vcj0347itntro7vv25o,"",guess,,GU00204,Liliac/ Havana/ Shiny Lilac,78F,55,17,140,,,,63,189,1,,,t,2025-12-07 20:24:14.707,2025-12-07 20:24:14.707,t,f,999,FRAME
cmiw67vp50349itntnn1oq3yi,"",guess,,GU00208,Shiny Satin Gunmetal,09B,57,18,145,,,,58,174,0,,,t,2025-12-07 20:24:15.161,2025-12-07 20:24:15.161,t,f,999,FRAME
cmiw67vvn034aitntt6yzdgie,"",guess,,GU00191,Violet/Havana,80Z,56,16,140,,,,56,168,1,,,t,2025-12-07 20:24:15.395,2025-12-07 20:24:15.395,t,f,999,FRAME
cmiw67w8l034citntkobik5ij,"",guess,,GU00191,Brown Havana/ Polarized,52H,56,16,140,,,,56,168,0,,,t,2025-12-07 20:24:15.861,2025-12-07 20:24:15.861,t,f,999,FRAME
cmiw67weu034ditntvs996yy5,"",guess,,GU00170,Shiny Grey,20W,53,20,145,,,,49,147,0,,,t,2025-12-07 20:24:16.086,2025-12-07 20:24:16.086,t,f,999,FRAME
cmiw67wkz034eitnt4dtl2lmz,"",Discount,,Bailey,Blue,,48,15,125,,,,0,50,0,,,t,2025-12-07 20:24:16.307,2025-12-07 20:24:16.307,t,f,999,FRAME
cmiw67wra034fitntdbdk8pu3,"",Rayban,,RB4940,Yellow,6830/87,47,23,145,,,,101,303,1,,,t,2025-12-07 20:24:16.534,2025-12-07 20:24:16.534,t,f,999,FRAME
cmiw67x3s034hitntl9tf1gdl,"",DOLCE & GABBANA,,DG1361,Gold,02,60,14,145,,,,177.78,533,1,,,t,2025-12-07 20:24:16.984,2025-12-07 20:24:16.984,t,f,999,FRAME
cmiw67xgj034jitntqx2u2gef,"",guess,,GU50191,Gunmetal/ Black,009,56,18,145,,,,77,231,1,,,t,2025-12-07 20:24:17.444,2025-12-07 20:24:17.444,t,f,999,FRAME
cmiw67xt8034litntu9y6sin2,"",Oakley Youth,,OY8026 BUNT,POLISHED TRANS BALSAM,802606,46,14,129,888392611536,,,49.2,148,1,,,t,2025-12-07 20:24:17.9,2025-12-07 20:24:17.9,t,f,999,FRAME
cmiw67y60034nitntebym4k2a,"",Oakley Youth,,OY3004 GRAN PILOTO,SATIN BLACK,300401,51,14,128,888392662071,,,59.2,178,1,,,t,2025-12-07 20:24:18.36,2025-12-07 20:24:18.36,t,f,999,FRAME
cmiw67yj2034pitntig6e8jl9,"",Oakley Youth,,OY8002 CROSSLINK XS,SATIN NAVY,800204,49,14,122,888392266392,,,54,162,1,,,t,2025-12-07 20:24:18.83,2025-12-07 20:24:18.83,t,f,999,FRAME
cmiw67yvn034ritntminxyz6m,"",Oakley,,OY8032-D,Crystal Blue Black,04,51,15,131,,,,54,162,1,,,t,2025-12-07 20:24:19.283,2025-12-07 20:24:19.283,t,f,999,FRAME
cmiw67z85034titntzkx68ft9,"",Oakley,,OO9470,Matte Black,03,62,17,133,,,,80,240,0,,,t,2025-12-07 20:24:19.733,2025-12-07 20:24:19.733,t,f,999,FRAME
cmiw67zeb034uitntol1jvda9,"",Oakley,,OO9448,Matte Black,33,60,17,140,,,,80,240,0,,,t,2025-12-07 20:24:19.955,2025-12-07 20:24:19.955,t,f,999,FRAME
cmiw67zkw034vitnt3jxx50yx,"",Oakley,,OO9486,Matte Vapor,03,60,19,131,,,,80,240,1,,,t,2025-12-07 20:24:20.192,2025-12-07 20:24:20.192,t,f,999,FRAME
cmiw67zxo034xitntws81ywuj,"",Oakley,,OO9487-0761,Matte Black,05,61,18,143,,,,118.5,356,1,,,t,2025-12-07 20:24:20.652,2025-12-07 20:24:20.652,t,f,999,FRAME
cmiw680ap034zitnt83e8wo8c,"",Oakley,,OO9263,Matte Black,42,65,17,132,,,,122,379,1,,,t,2025-12-07 20:24:21.121,2025-12-07 20:24:21.121,t,f,999,FRAME
cmiw680os0351itnt6t3urvpo,"",Polo,,PH1179,GOLD/HAVANA RIMS,9384,48,20,145,8056597066259,,,92.46,307,0,,,t,2025-12-07 20:24:21.628,2025-12-07 20:24:21.628,t,f,999,FRAME
cmiw680ux0352itnt2hf2lth2,"",Ralph,,RA7158U,SHINY TRANSPARENT VIOLET,6118,55,18,145,8056597905459,,,58.75,176,0,,,t,2025-12-07 20:24:21.85,2025-12-07 20:24:21.85,t,f,999,FRAME
cmiw681160353itntox94kja7,"",Ralph,,RA7177U,SHINY CRYSTAL,5002,53,16,145,8056262459171,,,76.67,230,0,,,t,2025-12-07 20:24:22.074,2025-12-07 20:24:22.074,t,f,999,FRAME
cmiw6817q0354itnt9whvbao5,"",Ralph,,RA7071,DARK HAVANA,502,52,16,140,8053672560510,,,58.75,176,0,,,t,2025-12-07 20:24:22.311,2025-12-07 20:24:22.311,t,f,999,FRAME
cmiw681e00355itntqbb6v2xg,"",Ralph Lauren,,RA7146,Havana,5003,53,17,145,,,,58.75,176,0,,,t,2025-12-07 20:24:22.537,2025-12-07 20:24:22.537,t,f,999,FRAME
cmiw681kn0356itntxwj6kx0o,"",Ralph Lauren,,RA7146,Striped Rose,6038,53,17,145,,,,58.75,176,0,,,t,2025-12-07 20:24:22.776,2025-12-07 20:24:22.776,t,f,999,FRAME
cmiw681ra0357itntmxiedwtd,"",Ralph,,RA7039,OPAL BLUE ON LIGHT OPAL,6073,53,16,135,8056597810265,,,58.75,176,1,,,t,2025-12-07 20:24:23.015,2025-12-07 20:24:23.015,t,f,999,FRAME
cmiw6823v0359itntpr00qbvr,"",Ralph Lauren,,RA7151,Transparent Light,6062,52,17,145,,,,65.42,196,1,,,t,2025-12-07 20:24:23.467,2025-12-07 20:24:23.467,t,f,999,FRAME
cmiw682gb035bitnt0stxg222,"",Vogue,,VO4280T,Rose Gold,5192,51,18,140,,,,85.84,258,1,,,t,2025-12-07 20:24:23.915,2025-12-07 20:24:23.915,t,f,999,FRAME
cmiw682sw035ditntypt15ewb,"",Vogue,,VO5602,Black,W44,54,16,140,,,,52.65,158,1,,,t,2025-12-07 20:24:24.368,2025-12-07 20:24:24.368,t,f,999,FRAME
cmiw6835g035fitnt63elhm08,"",Vogue,,VO4274,Black/Gold,352,53,17,135,,,,56.64,170,0,,,t,2025-12-07 20:24:24.82,2025-12-07 20:24:24.82,t,f,999,FRAME
cmiw683bo035gitnte9mcev9v,"",Vogue,,VO4317,Pale Gold,848,56,18,135,,,,56.19,169,1,,,t,2025-12-07 20:24:25.045,2025-12-07 20:24:25.045,t,f,999,FRAME
cmiw683o9035iitnti7ku0ku4,"",Vogue,,VO3940,Bordeaux/Rose,5170,52,16,140,,,,56.64,170,0,,,t,2025-12-07 20:24:25.497,2025-12-07 20:24:25.497,t,f,999,FRAME
cmiw683ui035jitnt8zhbuok2,"",Vogue,,VO4067,Brown,997,53,18,140,,,,73.89,222,0,,,t,2025-12-07 20:24:25.723,2025-12-07 20:24:25.723,t,f,999,FRAME
cmiw6840w035kitntmyqyt2zj,"",Vogue®,,VO3987B,Brown,811,52,16,135,8053672486926,,,80.09,240,0,,,t,2025-12-07 20:24:25.953,2025-12-07 20:24:25.953,t,f,999,FRAME
cmiw6847m035litnt0tg19zm8,"",Vogue,,VO5621,Transparent Torquoise,3192,53,17,140,,,,52.65,158,1,,,t,2025-12-07 20:24:26.194,2025-12-07 20:24:26.194,t,f,999,FRAME
cmiw684ku035nitnt9rsks2ud,"",Vogue®,,VO5632B,DARK HAVANA,W656,53,17,140,8056262351291,,,80.09,240,0,,,t,2025-12-07 20:24:26.671,2025-12-07 20:24:26.671,t,f,999,FRAME
cmiw684rk035oitntjxkmc0b4,"",Vogue®,,VO5614,YELLOW HAVANA,3186,53,18,145,8056262243534,,,68.58,206,0,,,t,2025-12-07 20:24:26.912,2025-12-07 20:24:26.912,t,f,999,FRAME
cmiw684xw035pitntu1mwxmd6,"",Vogue®,,VO5614,TRANSPARENT GREEN,3187,51,18,145,8056262243541,,,68.58,206,0,,,t,2025-12-07 20:24:27.141,2025-12-07 20:24:27.141,t,f,999,FRAME
cmiw68545035qitntfelzymhb,"",Vogue,,VO5617,Transparent Brown,3202,53,18,145,,,,62.39,187,0,,,t,2025-12-07 20:24:27.366,2025-12-07 20:24:27.366,t,f,999,FRAME
cmiw685ad035ritnt88x5l0zp,"",Vogue,,VO5639U,Transparent Pearl Blue,3237,54,16,140,,,,56.64,170,1,,,t,2025-12-07 20:24:27.59,2025-12-07 20:24:27.59,t,f,999,FRAME
cmiw685my035titnta8on322m,"",Vogue,,VO56321-B,Transparent light blue,2966,53,17,140,,,,80.09,240,0,,,t,2025-12-07 20:24:28.042,2025-12-07 20:24:28.042,t,f,999,FRAME
cmiw685t4035uitntgv3pas6a,"",Guess,,GU00221,Shiny Black,01B,57,17,145,,,,42,126,1,,,t,2025-12-07 20:24:28.264,2025-12-07 20:24:28.264,t,f,999,FRAME
cmiw6866i035witntvljnus38,"",Dolce & Gabbana,,DG3411,Transparent Rose,3148,52,18,145,,,,167.04,501,0,,,t,2025-12-07 20:24:28.746,2025-12-07 20:24:28.746,t,f,999,FRAME
cmiw686d3035xitntsq8hm6mi,"",Oakley,,009431,Matte Trans Artic Surf,,60,19,126,,,,92.51,278,0,,,t,2025-12-07 20:24:28.984,2025-12-07 20:24:28.984,t,f,999,FRAME
cmiw686jt035yitntpg58xv41,"",Vogue®,,VO5654,TRANSPARENT GREEN,3022,53,17,140,8056262351857,,,68.58,206,1,,,t,2025-12-07 20:24:29.225,2025-12-07 20:24:29.225,t,f,999,FRAME
cmiw686wh0360itnt45gfxpg2,"",Vogue®,,VO5654,TRANSPARENT DARK PINK,2864,51,17,140,8056262351826,,,68.58,206,0,,,t,2025-12-07 20:24:29.681,2025-12-07 20:24:29.681,t,f,999,FRAME
cmiw6872x0361itntmfoptnoi,"",Tory Burch,,TY7180U,Black,170/87,52,20,140,,,,0,230,0,,,t,2025-12-07 20:24:29.913,2025-12-07 20:24:29.913,t,f,999,FRAME
cmiw6879e0362itntihwtu5ck,"",Michael Kors,,MK4118U,Clear,3015,54,16,140,,,,59.63,180,1,,,t,2025-12-07 20:24:30.146,2025-12-07 20:24:30.146,t,f,999,FRAME
cmiw687m80364itntw0gqskdi,"",Ray-Ban Rx,,RX8422,MATTE BLACK ON BLACK,2904,52,19,145,8056597842679,,,109.09,327,0,,,t,2025-12-07 20:24:30.608,2025-12-07 20:24:30.608,t,f,999,FRAME
cmiw687ss0365itntwgplli0g,"",Vogue®,,VO5632B,BLACK,W44,53,17,140,8056262351277,,,80.09,240,0,,,t,2025-12-07 20:24:30.844,2025-12-07 20:24:30.844,t,f,999,FRAME
cmiw687z70366itnt2p267lif,"",Ray-Ban Rx,,RX6465 JACK,BLACK,2509,49,20,140,8056597357616,,,83,249,0,,,t,2025-12-07 20:24:31.075,2025-12-07 20:24:31.075,t,f,999,FRAME
cmiw6885v0367itntupq340h2,"",DOLCE & GABBANA,,DG3386,TRANSPARENT VIOLET,3045,53,19,145,8056262062418,,,134.81,404,0,,,t,2025-12-07 20:24:31.315,2025-12-07 20:24:31.315,t,f,999,FRAME
cmiw688c70368itntlevhee20,"",Ray-Ban Rx,,RX7025,Matte Black,2077,55,17,145,8053672496826,,,83,249,0,,,t,2025-12-07 20:24:31.543,2025-12-07 20:24:31.543,t,f,999,FRAME
cmiw688ik0369itntocnek0de,"",Polo,,PH1228,MATTE BLACK,9223,57,17,145,8056262042809,,,93.06,279,0,,,t,2025-12-07 20:24:31.773,2025-12-07 20:24:31.773,t,f,999,FRAME
cmiw688ot036aitnteffhj065,"",Tom Ford,,FT5984-B,blue/other,092,54,19,140,889214522658,,,194,582,0,,,t,2025-12-07 20:24:31.998,2025-12-07 20:24:31.998,t,f,999,FRAME
cmiw688v6036bitnte8qtxhch,"",Vogue,,VY2031,W745,Transparent,50,15,130,,,,36.15,108,0,,,t,2025-12-07 20:24:32.226,2025-12-07 20:24:32.226,t,f,999,FRAME
cmiw6891d036citntfu39l2d4,"",Vogue,,VY2030,W745,Transparent,48,17,130,,,,36.15,108,2,,,t,2025-12-07 20:24:32.45,2025-12-07 20:24:32.45,t,f,999,FRAME
cmiw689ei036eitntoke8r0ix,"",JIMMY CHOO,,JC3007HB,5062,Transparent Red,52,17,140,,,,174.07,522,1,,,t,2025-12-07 20:24:32.923,2025-12-07 20:24:32.923,t,f,999,FRAME
cmiw689r6036gitnt4esi2v13,"",Oakley,,OO9480,Matte Grey Ink,,57,18,141,,,,111.19,334,1,,,t,2025-12-07 20:24:33.379,2025-12-07 20:24:33.379,t,f,999,FRAME
cmiw68a3o036iitnty1thihds,"",Oakley Frame,,OX8032 HEX JECTOR,MATTE TRANS ABYSS,803211,55,16,141,888392678263,,,73.91,222,0,,,t,2025-12-07 20:24:33.829,2025-12-07 20:24:33.829,t,f,999,FRAME
cmiw68aa8036jitnt31offpci,"",Oakley Youth,,OY8026 BUNT,ABYSS SPACE DUST,802609,48,15,129,888392678492,,,49.2,148,2,,,t,2025-12-07 20:24:34.065,2025-12-07 20:24:34.065,t,f,999,FRAME
cmiw68amw036litntb8zalxev,"",Vogue,,VY2034,Transparent Grey,2726,49,16,135,,,,41.15,123,0,,,t,2025-12-07 20:24:34.52,2025-12-07 20:24:34.52,t,f,999,FRAME
cmiw68atc036mitntsdlwt59k,"",Oakley Youth,,OY8007 FIELD DAY,FERN SPACE DUST,800713,48,14,128,888392678539,,,57.6,173,1,,,t,2025-12-07 20:24:34.753,2025-12-07 20:24:34.753,t,f,999,FRAME
cmiw68b5x036oitntz7811hw6,"",Oakley Frame,,OX8153 METALINK,MATTE GREY INK,815318,53,17,136,888392678331,,,100.79,302,0,,,t,2025-12-07 20:24:35.205,2025-12-07 20:24:35.205,t,f,999,FRAME
cmiw68bcb036pitnt6vhg8icy,"",Oakley Frame,,OX3218 SOCKET 5.5,TITANIUM,321817,54,18,136,888392678447,,,89.72,254.2,0,,,t,2025-12-07 20:24:35.435,2025-12-07 20:24:35.435,t,f,999,FRAME
cmiw68bin036qitntm8s6b5r4,"",Oakley Frame,,OX3174 BARRELHOUSE 0.5,TITANIUM,317407,51,18,139,888392678454,,,100.79,302,1,,,t,2025-12-07 20:24:35.663,2025-12-07 20:24:35.663,t,f,999,FRAME
cmiw68bv4036sitnt8kuolxif,"",Oakley Frame,,OX8105 PITCHMAN R,GREY INK,810526,52,19,140,888392677907,,,100.79,302,0,,,t,2025-12-07 20:24:36.112,2025-12-07 20:24:36.112,t,f,999,FRAME
cmiw68c1h036titntpy67wmet,"",Oakley,,OX8191,Trans Dark Amber,06,55,15,141,,,,109.09,327,1,,,t,2025-12-07 20:24:36.341,2025-12-07 20:24:36.341,t,f,999,FRAME
cmiw68cfb036vitntyfwhcquc,"",Oakley Frame,,OX3217 SOCKET 5.0,TITANIUM,321718,57,17,140,888392678416,,,89.72,269,0,,,t,2025-12-07 20:24:36.84,2025-12-07 20:24:36.84,t,f,999,FRAME
cmiw68clr036witntxvfak4jg,"",Oakley Frame,,OX3227 FULLER,ANTIQUE GOLD,322712,55,17,139,888392678966,,,95.65,287,1,,,t,2025-12-07 20:24:37.071,2025-12-07 20:24:37.071,t,f,999,FRAME
cmiw68cyn036yitntoschnulz,"",Oakley,,OX8201,Matte Carbon,04,58,13,142,,,,109.09,327,0,,,t,2025-12-07 20:24:37.535,2025-12-07 20:24:37.535,t,f,999,FRAME
cmiw68d4v036zitntya2dv2bd,"",Oakley Frame,,OX8190 ENIGMA INK,MATTE TRANS ABYSS,819007,55,18,132,888392678225,,,100.79,302,1,,,t,2025-12-07 20:24:37.76,2025-12-07 20:24:37.76,t,f,999,FRAME
cmiw68dhi0371itntvvepfbqd,"",Oakley Frame,,OX8166 WHEEL HOUSE,ABYSS SPACEDUST,816609,54,16,140,888392678317,,,95.65,287,1,,,t,2025-12-07 20:24:38.214,2025-12-07 20:24:38.214,t,f,999,FRAME
cmiw68duw0373itntxc83cbqm,"",Oakley,,OO9497,Polished Sepia,07,58,16,140,,,,75,225,1,,,t,2025-12-07 20:24:38.696,2025-12-07 20:24:38.696,t,f,999,FRAME
cmiw68e7q0375itntmn6b6idc,"",Oakley,,OO9417,Bronze,53,59,18,137,,,,113.5,341,0,,,t,2025-12-07 20:24:39.159,2025-12-07 20:24:39.159,t,f,999,FRAME
cmiw68ee50376itntapmki3d1,"",Oakley,,OX3100,Matte Midnight,03,55,19,140,,,,67.98,204,1,,,t,2025-12-07 20:24:39.389,2025-12-07 20:24:39.389,t,f,999,FRAME
cmiw68eqw0378itnttn175oxk,"",Oakley,,OX5090,Matte Gunmettal,03,57,16,121,,,,197.63,593,1,,,t,2025-12-07 20:24:39.849,2025-12-07 20:24:39.849,t,f,999,FRAME
cmiw6bdt903npitnt3xfksbxs,"",Charmant USA,,CH 12099,BR,,53,18,135,,,,103,309,1,,,t,2025-12-07 20:26:58.606,2025-12-07 20:26:58.606,t,f,999,FRAME
cmiw68f3q037aitntcxboqs45,"",Oakley Youth,,OY8010 CARTWHEEL,TRANS ABYSS,801010,49,14,122,888392678560,,,49.2,148,0,,,t,2025-12-07 20:24:40.31,2025-12-07 20:24:40.31,t,f,999,FRAME
cmiw68f9y037bitnt56he2po9,"",Max&Co.,,MO5016,Shiny Black,001,54,16,140,,,,75,225,1,,,t,2025-12-07 20:24:40.534,2025-12-07 20:24:40.534,t,f,999,FRAME
cmiw68fmk037ditntvvweas4m,"",Max&Co.,,MO5189,Dark Havana,052,52,17,140,,,,65,195,1,,,t,2025-12-07 20:24:40.988,2025-12-07 20:24:40.988,t,f,999,FRAME
cmiw68fz7037fitntnld09s8h,"",Max&Co.,,MO5189,Shiny Black,001,52,17,140,,,,65,195,0,,,t,2025-12-07 20:24:41.443,2025-12-07 20:24:41.443,t,f,999,FRAME
cmiw68g5j037gitnt9eafc9ye,"",Max&Co.,,MO5191,Shiny Pink Gold,033,51,17,140,,,,70,210,1,,,t,2025-12-07 20:24:41.671,2025-12-07 20:24:41.671,t,f,999,FRAME
cmiw68gid037iitntez3es88u,"",Max&Co.,,MO5113,Coloured Havana,055,54,15,140,,,,70,210,0,,,t,2025-12-07 20:24:42.134,2025-12-07 20:24:42.134,t,f,999,FRAME
cmiw68gom037jitntancycqaw,"",Max&Co.,,MO5130,Blue/Horn,092,53,16,145,,,,70,210,1,,,t,2025-12-07 20:24:42.358,2025-12-07 20:24:42.358,t,f,999,FRAME
cmiw68h1o037litntkv5ewv86,"",Max&Co.,,MO5130,Shiny Light Green,093,53,16,145,,,,70,210,0,,,t,2025-12-07 20:24:42.829,2025-12-07 20:24:42.829,t,f,999,FRAME
cmiw68h87037mitntm75yogg9,"",Max&Co.,,MO5180,Shiny Light Pink,072,52,18,135,,,,70,210,0,,,t,2025-12-07 20:24:43.063,2025-12-07 20:24:43.063,t,f,999,FRAME
cmiw68hem037nitnt31of3ehe,"",Max&Co.,,MO5181,Coloured Havana,055,53,17,135,,,,70,210,0,,,t,2025-12-07 20:24:43.294,2025-12-07 20:24:43.294,t,f,999,FRAME
cmiw68hkv037oitntmqsbjyw7,"",Max&Co.,,MO5139,Shiny Dark Green,028,56,16,140,,,,70,210,1,,,t,2025-12-07 20:24:43.519,2025-12-07 20:24:43.519,t,f,999,FRAME
cmiw68hxb037qitntxqkvwy2r,"",Max&Co.,,MO5134,Shiny Light Red,001,53,16,140,,,,70,210,1,,,t,2025-12-07 20:24:43.967,2025-12-07 20:24:43.967,t,f,999,FRAME
cmiw68i9u037sitntyyacxwya,"",Max&Co.,,MO5175,Shiny Black,001,51,19,140,,,,75,225,1,,,t,2025-12-07 20:24:44.418,2025-12-07 20:24:44.418,t,f,999,FRAME
cmiw68iml037uitnt7ab7to8a,"",Max&Co.,,MO5144,Coloured Havana,055,51,18,145,,,,70,210,1,,,t,2025-12-07 20:24:44.878,2025-12-07 20:24:44.878,t,f,999,FRAME
cmiw68j0b037witntscbmll77,"",Hollister,,HL50022,Pink,072,49,15,145,,,,47,141,1,,,t,2025-12-07 20:24:45.371,2025-12-07 20:24:45.371,t,f,999,FRAME
cmiw68jf1037yitntskldjpke,"",Hollister,,HL50022,Shiny Black,001,52,15,145,,,,47,141,1,,,t,2025-12-07 20:24:45.901,2025-12-07 20:24:45.901,t,f,999,FRAME
cmiw68jyp0380itnt6d9l3fnp,"",Hollister,,HL50027,Crystal,026,48,20,145,,,,47,141,0,,,t,2025-12-07 20:24:46.609,2025-12-07 20:24:46.609,t,f,999,FRAME
cmiw68k7l0381itntre2zqbpa,"",Hollister,,HL50027,Shiny Dark Green,096,51,20,145,,,,47,141,1,,,t,2025-12-07 20:24:46.93,2025-12-07 20:24:46.93,t,f,999,FRAME
cmiw68koa0383itntpe7q03mn,"",Hollister,,HL50027,Shiny Black,001,54,20,145,,,,47,141,1,,,t,2025-12-07 20:24:47.53,2025-12-07 20:24:47.53,t,f,999,FRAME
cmiw68l7j0385itntqx9xdnew,"",Hollister,,HL50017,Havana,052,54,15,140,,,,42,126,1,,,t,2025-12-07 20:24:48.223,2025-12-07 20:24:48.223,t,f,999,FRAME
cmiw68log0387itnt7ncalii7,"",Hollister,,HL50017,Shiny Black,001,54,15,140,,,,42,126,1,,,t,2025-12-07 20:24:48.832,2025-12-07 20:24:48.832,t,f,999,FRAME
cmiw68m150389itntzlqv21ow,"",Hollister,,HL50017,Pink Havana,074,51,15,140,,,,42,126,0,,,t,2025-12-07 20:24:49.289,2025-12-07 20:24:49.289,t,f,999,FRAME
cmiw68m7h038aitntx5tpllbb,"",Hollister,,HL50022,Havana,052,52,15,145,,,,47,141,0,,,t,2025-12-07 20:24:49.517,2025-12-07 20:24:49.517,t,f,999,FRAME
cmiw68mdu038bitntmpfkluqr,"",Hollister,,HL50035,Crystal Havana,027,51,19,145,,,,47,141,1,,,t,2025-12-07 20:24:49.747,2025-12-07 20:24:49.747,t,f,999,FRAME
cmiw68mq9038ditntns2zuki9,"",Hollister,,HL50035,Shiny Grey,020,48,19,145,,,,47,141,0,,,t,2025-12-07 20:24:50.194,2025-12-07 20:24:50.194,t,f,999,FRAME
cmiw68mwk038eitntbrfddggq,"",Hollister,,HL50021,Shiny Black,001,49,15,140,,,,42,126,1,,,t,2025-12-07 20:24:50.42,2025-12-07 20:24:50.42,t,f,999,FRAME
cmiw68nca038gitntidk0ktw8,"",Hollister,,HL50021,Pink,072,52,15,140,,,,42,126,1,,,t,2025-12-07 20:24:50.987,2025-12-07 20:24:50.987,t,f,999,FRAME
cmiw68ntd038iitnt6iqtngn9,"",Hollister,,HL5024,Shiny Grey,020,48,18,145,,,,47,141,1,,,t,2025-12-07 20:24:51.601,2025-12-07 20:24:51.601,t,f,999,FRAME
cmiw68oar038kitntr9q863nw,"",Hollister,,HL5024,Shiny Black,001,54,18,145,,,,47,141,1,,,t,2025-12-07 20:24:52.228,2025-12-07 20:24:52.228,t,f,999,FRAME
cmiw68ov5038mitntjosejnv4,"",Kenneth Cole New York,,KC00056,Shiny Black,01R,54,18,140,,,,70,210,2,,,t,2025-12-07 20:24:52.961,2025-12-07 20:24:52.961,t,f,999,FRAME
cmiw68pd7038pitntm3r6s3gl,"",Kenneth Cole New York,,KC0352,Balck Monocolor,005,55,15,145,,,,80.46,241,1,,,t,2025-12-07 20:24:53.611,2025-12-07 20:24:53.611,t,f,999,FRAME
cmiw68ppt038ritntwh4snakh,"",Kenneth Cole New York,,KC50005,Pink Gradient,074,53,14,140,,,,79,237,0,,,t,2025-12-07 20:24:54.065,2025-12-07 20:24:54.065,t,f,999,FRAME
cmiw68pw1038sitntfc94tw2r,"",Kenneth Cole New York,,KC50005,Violet Gradient,083,53,14,140,,,,79,237,1,,,t,2025-12-07 20:24:54.29,2025-12-07 20:24:54.29,t,f,999,FRAME
cmiw68q8l038uitnt56gldtqc,"",Kenneth Cole New York,,KC50004,Black Gradient,005,54,14,140,,,,79,237,1,,,t,2025-12-07 20:24:54.742,2025-12-07 20:24:54.742,t,f,999,FRAME
cmiw68ql8038witntgwr01psd,"",Kenneth Cole New York,,KC50004,Bordeaux Gradient,071,54,14,140,,,,79,237,1,,,t,2025-12-07 20:24:55.196,2025-12-07 20:24:55.196,t,f,999,FRAME
cmiw68qz4038yitntx66skces,"",Kenneth Cole New York,,KC50002,Black Gradient,005,55,15,145,,,,79,237,2,,,t,2025-12-07 20:24:55.696,2025-12-07 20:24:55.696,t,f,999,FRAME
cmiw68rf40391itntbggx1vvk,"",Kenneth Cole New York,,KC50011,Shiny Violet,081,50,17,140,,,,79,237,2,,,t,2025-12-07 20:24:56.272,2025-12-07 20:24:56.272,t,f,999,FRAME
cmiw68ryc0394itnthoptgmfu,"",Kenneth Cole New York,,KC0326,Dark Havana,052,53,16,140,,,,80.46,241,1,,,t,2025-12-07 20:24:56.964,2025-12-07 20:24:56.964,t,f,999,FRAME
cmiw68sfx0396itntgc1teb9f,"",Kenneth Cole New York,,KC0327,Shiny Black,001,53,16,140,,,,80.46,241,2,,,t,2025-12-07 20:24:57.597,2025-12-07 20:24:57.597,t,f,999,FRAME
cmiw68swk0399itntrcksoc9l,"",Kenneth Cole New York,,KC50009,Shiny Black,001,53,18,140,,,,79,237,0,,,t,2025-12-07 20:24:58.196,2025-12-07 20:24:58.196,t,f,999,FRAME
cmiw68t3q039aitntnjv2ge6b,"",Kenneth Cole New York,,KC50014,Shiny Light Pink,072,54,15,145,,,,67,201,2,,,t,2025-12-07 20:24:58.454,2025-12-07 20:24:58.454,t,f,999,FRAME
cmiw68tgo039ditnt61do1e3r,"",Kenneth Cole New York,,KC0361,Coloured Havana,074,55,14,140,,,,99,297,2,,,t,2025-12-07 20:24:58.92,2025-12-07 20:24:58.92,t,f,999,FRAME
cmiw68tth039gitnt82i3t2md,"",Kenneth Cole New York,,KC0361,Shiny Black,001,55,14,140,,,,99,297,2,,,t,2025-12-07 20:24:59.382,2025-12-07 20:24:59.382,t,f,999,FRAME
cmiw68u6d039jitntoap28cxt,"",Kenneth Cole Signature,,KC50010,Shiny Light Pink,072,52,19,140,,,,79,237,1,,,t,2025-12-07 20:24:59.845,2025-12-07 20:24:59.845,t,f,999,FRAME
cmiw68uiz039litnt9n8bsjqv,"",Timberland,,TB50005,Shiny Gunmetal,006,57,17,140,,,,71,213,0,,,t,2025-12-07 20:25:00.299,2025-12-07 20:25:00.299,t,f,999,FRAME
cmiw68upe039mitnt6odg0w6z,"",Timberland,,TB1589,Matte Black,002,54,15,140,,,,66,198,0,,,t,2025-12-07 20:25:00.53,2025-12-07 20:25:00.53,t,f,999,FRAME
cmiw68uw1039nitnt30dtebzp,"",Timberland,,TB50035,Shiny Grey,020,61,16,150,,,,82,246,0,,,t,2025-12-07 20:25:00.769,2025-12-07 20:25:00.769,t,f,999,FRAME
cmiw68v2f039oitntppghixlj,"",Timberland,,TB50059,Shiny Black,001,64,18,150,,,,87,261,1,,,t,2025-12-07 20:25:00.999,2025-12-07 20:25:00.999,t,f,999,FRAME
cmiw68vfj039qitntjfa9ed3w,"",Timberland,,TB50018,Matte Dark Ruthenium,007,57,17,135,,,,71,213,0,,,t,2025-12-07 20:25:01.472,2025-12-07 20:25:01.472,t,f,999,FRAME
cmiw68vlv039ritnte9u0j1d9,"",Timberland,,TB50073,Grey Gradient,020,60,17,150,,,,87,261,0,,,t,2025-12-07 20:25:01.699,2025-12-07 20:25:01.699,t,f,999,FRAME
cmiw68vsh039sitnt7cl3cysc,"",Timberland,,TB1797,Shiny Grey,020,55,16,145,,,,73,219,0,,,t,2025-12-07 20:25:01.937,2025-12-07 20:25:01.937,t,f,999,FRAME
cmiw68vys039titnt25dzlddn,"",Timberland,,TB50006,Shiny Light Ruthenium,010,56,19,140,,,,71,213,1,,,t,2025-12-07 20:25:02.164,2025-12-07 20:25:02.164,t,f,999,FRAME
cmiw68wba039vitntqz7tsy35,"",Timberland,,TB1840-H,Shiny Blue,092,53,16,145,,,,69,207,0,,,t,2025-12-07 20:25:02.614,2025-12-07 20:25:02.614,t,f,999,FRAME
cmiw68whr039witntem3ygtvy,"",Timberland,,TB50038,Shiny Gunmetal,008,64,18,155,,,,87,261,1,,,t,2025-12-07 20:25:02.847,2025-12-07 20:25:02.847,t,f,999,FRAME
cmiw68wum039yitntwb6nzjtx,"",Timberland,,TB50036,Matte Dark Ruthenium,007,63,16,150,,,,87,261,1,,,t,2025-12-07 20:25:03.311,2025-12-07 20:25:03.311,t,f,999,FRAME
cmiw68x7a03a0itntuj7yk4be,"",Timberland,,TB50037,Matte Black,002,64,18,155,,,,87,261,1,,,t,2025-12-07 20:25:03.767,2025-12-07 20:25:03.767,t,f,999,FRAME
cmiw68xjt03a2itntntfs9hr2,"",Timberland,,TB1765,Shiny Black,001,57,16,145,,,,84,252,1,,,t,2025-12-07 20:25:04.217,2025-12-07 20:25:04.217,t,f,999,FRAME
cmiw68xwj03a4itnt37ql71g6,"",Harley Davidson,,HD50104,Matte Gunmetal,009,60,14,145,,,,99,279,0,,,t,2025-12-07 20:25:04.676,2025-12-07 20:25:04.676,t,f,999,FRAME
cmiw68y3003a5itntxv0z013c,"",Harley Davidson,,HD50093,Shiny Blue,084,57,15,145,,,,74,222,2,,,t,2025-12-07 20:25:04.908,2025-12-07 20:25:04.908,t,f,999,FRAME
cmiw68yfq03a8itnth1yw36ev,"",Harley Davidson,,HD50105,Shiny Dark Pink,072,53,16,140,,,,74,222,2,,,t,2025-12-07 20:25:05.367,2025-12-07 20:25:05.367,t,f,999,FRAME
cmiw68ys503abitntglinfpev,"",Harley Davidson,,HD0145T,Grey,020,50,14,130,,,,56,168,1,,,t,2025-12-07 20:25:05.813,2025-12-07 20:25:05.813,t,f,999,FRAME
cmiw68z4p03aditntfc8bad75,"",Harley Davidson,,HD50096,Matte Blue,091,56,18,145,,,,70,210,2,,,t,2025-12-07 20:25:06.266,2025-12-07 20:25:06.266,t,f,999,FRAME
cmiw68zha03agitntx8cw1tk8,"",Harley Davidson,,HD0496/V,Black,B84,55,17,145,,,,70,240,0,,,t,2025-12-07 20:25:06.718,2025-12-07 20:25:06.718,t,f,999,FRAME
cmiw68zox03ahitntuef6de8a,"",Harley Davidson,,HD50019,Matte Blue,091,54,17,145,,,,79,237,2,,,t,2025-12-07 20:25:06.948,2025-12-07 20:25:06.948,t,f,999,FRAME
cmiw6901m03akitntqgbxtykd,"",Harley Davidson,,HD50055,Bordeaux Gradient,071,53,17,140,,,,74,222,1,,,t,2025-12-07 20:25:07.451,2025-12-07 20:25:07.451,t,f,999,FRAME
cmiw690ea03amitntkr1ajtd3,"",Harley Davidson,,HD50032,Matte Gunmetal,009,55,15,145,,,,74,222,1,,,t,2025-12-07 20:25:07.907,2025-12-07 20:25:07.907,t,f,999,FRAME
cmiw690r103aoitntjlxdbhmf,"",Harley Davidson,,HD50074,Matte Blue,092,55,18,145,,,,99,297,1,,,t,2025-12-07 20:25:08.365,2025-12-07 20:25:08.365,t,f,999,FRAME
cmiw6913x03aqitnt7m33x60e,"",Harley Davidson,,HD50023,Shiny Black,001,55,17,140,,,,89,267,2,,,t,2025-12-07 20:25:08.83,2025-12-07 20:25:08.83,t,f,999,FRAME
cmiw691gi03atitntuzkr656x,"",Hollister,,HL50024,Matte Black,002,57,17,140,,,,89,141,0,,,t,2025-12-07 20:25:09.283,2025-12-07 20:25:09.283,t,f,999,FRAME
cmiw691n703auitnt1rukd3ik,"",Harley Davidson,,HD00013,Shiny Grey,020,53,14,145,,,,70,210,1,,,t,2025-12-07 20:25:09.523,2025-12-07 20:25:09.523,t,f,999,FRAME
cmiw6920503awitnt52oavnkg,"",Max&Co.,,MO5097,Shiny Pink Gold,033,54,15,140,,,,75,225,2,,,t,2025-12-07 20:25:09.989,2025-12-07 20:25:09.989,t,f,999,FRAME
cmiw692cm03azitntfmm6uu4n,"",MaxMara,,MM5172-B,Shiny Grey,020,55,15,135,,,,121,363,1,,,t,2025-12-07 20:25:10.438,2025-12-07 20:25:10.438,t,f,999,FRAME
cmiw692p103b1itnt5tumqoie,"",MaxMara,,MM5146,Shiny Rose Gold,028,56,15,140,,,,103,309,2,,,t,2025-12-07 20:25:10.885,2025-12-07 20:25:10.885,t,f,999,FRAME
cmiw6931w03b4itntd58w434j,"",MaxMara,,MM5117,Dark Green Striped,098,55,16,140,,,,108,324,1,,,t,2025-12-07 20:25:11.349,2025-12-07 20:25:11.349,t,f,999,FRAME
cmiw693eh03b6itntoo67uho4,"",MaxMara,,MM5184,Violet Striped,083,52,14,140,,,,76,228,1,,,t,2025-12-07 20:25:11.801,2025-12-07 20:25:11.801,t,f,999,FRAME
cmiw693r203b8itnts3t9v2r1,"",MaxMara,,MM5106,Burgandy,032,55,16,140,,,,113,339,1,,,t,2025-12-07 20:25:12.254,2025-12-07 20:25:12.254,t,f,999,FRAME
cmiw6944303baitntzd68hff3,"",MaxMara,,MM5129,Green Horn,098,53,16,140,,,,111,333,0,,,t,2025-12-07 20:25:12.724,2025-12-07 20:25:12.724,t,f,999,FRAME
cmiw694ak03bbitnte2o3ixj0,"",MaxMara,,MM5157,Beige Horn,060,54,16,140,,,,103,309,1,,,t,2025-12-07 20:25:12.957,2025-12-07 20:25:12.957,t,f,999,FRAME
cmiw694np03bditntmm7j8pw3,"",MaxMara,,MM5115,Dark Green Striped,098,52,16,140,,,,76,228,1,,,t,2025-12-07 20:25:13.429,2025-12-07 20:25:13.429,t,f,999,FRAME
cmiw6950u03bfitntd5yblj92,"",MaxMara,,MM5111,Shiny Violet,081,54,16,140,,,,88,264,2,,,t,2025-12-07 20:25:13.903,2025-12-07 20:25:13.903,t,f,999,FRAME
cmiw695db03biitnt5fmrslo6,"",MaxMara,,MM5118-B,Shiny Rose Gold,028,58,14,135,,,,108,324,1,,,t,2025-12-07 20:25:14.352,2025-12-07 20:25:14.352,t,f,999,FRAME
cmiw695q703bkitnt44m8oph1,"",MaxMara,,MM5175,Shiny Light Brown,045,52,15,135,,,,103,309,1,,,t,2025-12-07 20:25:14.815,2025-12-07 20:25:14.815,t,f,999,FRAME
cmiw6963203bmitntxuq665ot,"",MaxMara,,MM5085,Dark Green Striped,098,55,15,140,,,,88,264,0,,,t,2025-12-07 20:25:15.279,2025-12-07 20:25:15.279,t,f,999,FRAME
cmiw6969h03bnitntwwcajxj3,"",MaxMara,,MM5187,Shiny Rose Gold,028,55,12,140,,,,103,309,2,,,t,2025-12-07 20:25:15.509,2025-12-07 20:25:15.509,t,f,999,FRAME
cmiw696mv03bqitntani4pru0,"",MaxMara,,MM5137,Shiny Dark Red,066,53,17,140,,,,108,324,2,,,t,2025-12-07 20:25:15.992,2025-12-07 20:25:15.992,t,f,999,FRAME
cmiw696zz03btitntrd5ppgiv,"",Guess?,,GU50135,shiny gunmetal,008,57,14,145,889214495839,,,75,225,0,,,t,2025-12-07 20:25:16.464,2025-12-07 20:25:16.464,t,f,999,FRAME
cmiw6976w03buitnt9m6gd8dm,"",Costa,,06A8014,Pacific Blue,02,59,16,145,,,,83.4,250,2,,,t,2025-12-07 20:25:16.712,2025-12-07 20:25:16.712,t,f,999,FRAME
cmiw697jv03bwitntsnjcn6vd,"",Costa,,06A3020,Matte Black,02,57,16,145,,,,83.4,250,3,,,t,2025-12-07 20:25:17.179,2025-12-07 20:25:17.179,t,f,999,FRAME
cmiw697x303byitnt92pqou29,"",Costa,,06A3018,Matte Black,02,57,16,145,,,,83.4,250,0,,,t,2025-12-07 20:25:17.655,2025-12-07 20:25:17.655,t,f,999,FRAME
cmiw6983s03bzitnt49vh4t9f,"",Costa,,06A8004V,Matte Silver Teak,01,55,15,140,,,,63.64,191,0,,,t,2025-12-07 20:25:17.897,2025-12-07 20:25:17.897,t,f,999,FRAME
cmiw698af03c0itntptfxqwv7,"",Costa,,06A3019,Satin Silver,01,55,16,145,,,,83.4,250,3,,,t,2025-12-07 20:25:18.136,2025-12-07 20:25:18.136,t,f,999,FRAME
cmiw698oy03c3itntizip10dn,"",Costa,,06S9125,Translucent Pink Sands W/Rose Gradient,05,58,19,140,,,,124.5,374,1,,,t,2025-12-07 20:25:18.659,2025-12-07 20:25:18.659,t,f,999,FRAME
cmiw6991y03c5itnt5r9fgw7z,"",Costa,,06S9016,Matte Tortoise,11,60,12,140,,,,116.5,350,1,,,t,2025-12-07 20:25:19.126,2025-12-07 20:25:19.126,t,f,999,FRAME
cmiw699ew03c7itnt4z6t9h9s,"",Costa,,06S9129,Seagrass,13,64,13,120,,,,112.5,338,1,,,t,2025-12-07 20:25:19.593,2025-12-07 20:25:19.593,t,f,999,FRAME
cmiw699rz03c9itntwy7n93o6,"",Tom Ford,,FT5915-B,Black/Other,005,53,16,135,,,,190,570,1,,,t,2025-12-07 20:25:20.063,2025-12-07 20:25:20.063,t,f,999,FRAME
cmiw69a4u03cbitnthmae68p8,"",Tom Ford,,FT5964-B,Dark Havana,052,54,15,140,,,,144,432,2,,,t,2025-12-07 20:25:20.526,2025-12-07 20:25:20.526,t,f,999,FRAME
cmiw69ai203ceitnt9fenta5j,"",Tom Ford,,FT5802-B,dark havana,052,53,17,145,889214327178,,,158,474,3,,,t,2025-12-07 20:25:21.003,2025-12-07 20:25:21.003,t,f,999,FRAME
cmiw69auu03chitntohl0aqmv,"",Tom Ford,,FT5991-B,shiny dark brown,048,55,18,140,889214522900,,,183,549,1,,,t,2025-12-07 20:25:21.462,2025-12-07 20:25:21.462,t,f,999,FRAME
cmiw69b8u03cjitnt5zgx591n,"",Tom Ford,,FT5892-B,Black Other,005,56,16,140,,,,198,594,1,,,t,2025-12-07 20:25:21.967,2025-12-07 20:25:21.967,t,f,999,FRAME
cmiw69bno03clitntmhmooo92,"",Tom Ford,,FT5976-B,Dark Havana,052,47,20,145,,,,150,450,1,,,t,2025-12-07 20:25:22.5,2025-12-07 20:25:22.5,t,f,999,FRAME
cmiw69c1o03cnitnt555yu6de,"",Tom Ford,,FT5960-B,Grey,020,52,18,145,,,,172,516,1,,,t,2025-12-07 20:25:23.005,2025-12-07 20:25:23.005,t,f,999,FRAME
cmiw69cfj03cpitnty6j3xtht,"",Tom Ford,,FT5937-B,shiny blue,090,52,18,145,889214488480,,,155,465,2,,,t,2025-12-07 20:25:23.503,2025-12-07 20:25:23.503,t,f,999,FRAME
cmiw69ctp03csitntrzzdzywx,"",Tom Ford,,TF5993-B,Dark Havana,052,50,21,145,,,,291,873,1,,,t,2025-12-07 20:25:24.013,2025-12-07 20:25:24.013,t,f,999,FRAME
cmiw69d8p03cuitnt5ve99mrm,"",Guess?,,GM50009,shiny beige,057,55,16,145,889214490780,,,93,279,1,,,t,2025-12-07 20:25:24.554,2025-12-07 20:25:24.554,t,f,999,FRAME
cmiw69dmg03cwitntga4929b3,"",Guess?,,GU2880,grey/other,020,54,15,140,889214308849,,,80,240,0,,,t,2025-12-07 20:25:25.049,2025-12-07 20:25:25.049,t,f,999,FRAME
cmiw69dto03cxitntppucosx7,"",Marcolin®,,GM243,Green,133,50,16,135,,,,118,354,0,,,t,2025-12-07 20:25:25.309,2025-12-07 20:25:25.309,t,f,999,FRAME
cmiw69e0a03cyitnt0e86n24o,"",Guess,,GU2985,Brown Tort,052,54,14,145,,,,100,300,1,,,t,2025-12-07 20:25:25.547,2025-12-07 20:25:25.547,t,f,999,FRAME
cmiw69edr03d0itntnxn8i28a,"",Guess,,GU50265,Shiny Lilac,083,45,18,130,,,,49,147,1,,,t,2025-12-07 20:25:26.031,2025-12-07 20:25:26.031,t,f,999,FRAME
cmiw69erp03d2itntq6a5uk96,"",Guess,,GU2935,Grey Monocolor,028,49,18,140,,,,71,213,0,,,t,2025-12-07 20:25:26.534,2025-12-07 20:25:26.534,t,f,999,FRAME
cmiw69eyc03d3itnt7um6foyz,"",Vogue®,,VO5276,TOP GRADIENT BLUE/CRYSTA,3035,53,17,140,8056597733618,,,68.58,206,1,,,t,2025-12-07 20:25:26.773,2025-12-07 20:25:26.773,t,f,999,FRAME
cmiw69fbx03d5itntsfa58dqb,"",Ralph,,RA7137U,SHINY TRANSPARENT VIOLET,6008,53,18,145,8056597601719,,,58.75,176,0,,,t,2025-12-07 20:25:27.261,2025-12-07 20:25:27.261,t,f,999,FRAME
cmiw69fj403d6itnt36xj12q2,"",Ray-Ban,,RB3025,Silver,W3277,58,14,135,,,,103.5,311,0,,,t,2025-12-07 20:25:27.521,2025-12-07 20:25:27.521,t,f,999,FRAME
cmiw69fpr03d7itntbfedltvo,"",Polo,,PH2291U,Matte Black,5504,57,19,145,,,,75.39,226,1,,,t,2025-12-07 20:25:27.759,2025-12-07 20:25:27.759,t,f,999,FRAME
cmiw69g3j03d9itnt0gkuh0wt,"",Polo,,PH2296F,Shiny Transparent Grey,6318,55,16,145,,,,87.05,261,2,,,t,2025-12-07 20:25:28.256,2025-12-07 20:25:28.256,t,f,999,FRAME
cmiw69gi003dbitnt6xknkzon,"",Ralph Lauren,,RA7187U,Beige Transparent,6117,53,16,145,,,,58.75,176,0,,,t,2025-12-07 20:25:28.776,2025-12-07 20:25:28.776,t,f,999,FRAME
cmiw69gp603dcitnt86vtfrfx,"",Polo,,PH1175,SHINY BLACK,9223,58,18,145,8056262555187,,,75.39,226,0,,,t,2025-12-07 20:25:29.034,2025-12-07 20:25:29.034,t,f,999,FRAME
cmiw69gw303dditnt8uo6d2zg,"",Polo,,PH1243,Semishiny Dark Gunmetal,9215,53,16,145,,,,87.05,261,1,,,t,2025-12-07 20:25:29.283,2025-12-07 20:25:29.283,t,f,999,FRAME
cmiw69h9c03dfitnt9v2yhdyn,"",Polo,,PH2267,Shiny Transparent Grey,5704,50,20,145,,,,87.05,261,1,,,t,2025-12-07 20:25:29.76,2025-12-07 20:25:29.76,t,f,999,FRAME
cmiw69hmr03dhitnt5twh01k6,"",Polo,,PH2291U,Matte Transparent Dark Green,6312,55,19,145,,,,75.39,226,1,,,t,2025-12-07 20:25:30.243,2025-12-07 20:25:30.243,t,f,999,FRAME
cmiw69hzn03djitntmcfgyxv3,"",Polo,,PH2291U,Matte Transparent Brown,6313,57,19,145,,,,75.39,226,0,,,t,2025-12-07 20:25:30.708,2025-12-07 20:25:30.708,t,f,999,FRAME
cmiw69i6e03dkitntzyfxdcgg,"",Costa,,06S9127 - Luna nueva,Matte stormy sunset,912706,57,16,138,,,,131,393,1,,,t,2025-12-07 20:25:30.951,2025-12-07 20:25:30.951,t,f,999,FRAME
cmiw69ijx03dmitntig1hg0b2,"",Costa,,06S9132 - Schoolie,Matte black,913201,56,16,130,,,,78.5,236,1,,,t,2025-12-07 20:25:31.438,2025-12-07 20:25:31.438,t,f,999,FRAME
cmiw69iwx03doitnt1k22eu3u,"",Costa,,06S9133 - Street heat,Matte aqua drip,913306,55,15,126,,,,68,204,1,,,t,2025-12-07 20:25:31.905,2025-12-07 20:25:31.905,t,f,999,FRAME
cmiw69j9v03dqitnt2cmwnp5g,"",Costa,,06S9134 - Brine ii,Matte black,913402,59,17,138,,,,92.5,278,1,,,t,2025-12-07 20:25:32.371,2025-12-07 20:25:32.371,t,f,999,FRAME
cmiw69jmw03dsitnt6deujfph,"",Vogue,,0VY2042,Transparent,W745,48,17,125,,,,36.15,108,1,,,t,2025-12-07 20:25:32.84,2025-12-07 20:25:32.84,t,f,999,FRAME
cmiw69jzv03duitntkamo9sq5,"",Vogue,,VY2019,Transparent,W745,48,16,125,,,,31.15,93,1,,,t,2025-12-07 20:25:33.307,2025-12-07 20:25:33.307,t,f,999,FRAME
cmiw69kcp03dwitntjtkv2sh7,"",DOLCE & GABBANA,,DG1353,Gold/matte black,1311,57,16,145,,,,167.04,501,1,,,t,2025-12-07 20:25:33.77,2025-12-07 20:25:33.77,t,f,999,FRAME
cmiw69kqn03dyitntz2wdsq08,"",DOLCE & GABBANA,,DG3258,Black,501,54,17,140,,,,113.33,340,1,,,t,2025-12-07 20:25:34.272,2025-12-07 20:25:34.272,t,f,999,FRAME
cmiw69l3g03e0itnt4675ggzy,"",DOLCE & GABBANA,,DG3334,Black lace,3287,52,20,145,,,,139.63,419,1,,,t,2025-12-07 20:25:34.732,2025-12-07 20:25:34.732,t,f,999,FRAME
cmiw69lgm03e2itntceeiysmb,"",DOLCE & GABBANA,,DG3347,Crystal,3133,54,16,145,,,,113.33,340,1,,,t,2025-12-07 20:25:35.206,2025-12-07 20:25:35.206,t,f,999,FRAME
cmiw69lth03e4itntssencqdo,"",DOLCE & GABBANA,,DG3363,LACE GRAY,3441,54,18,145,8056262478776,,,113.33,340,1,,,t,2025-12-07 20:25:35.669,2025-12-07 20:25:35.669,t,f,999,FRAME
cmiw69m6h03e6itntzhg0lt7e,"",DOLCE & GABBANA,,DG3374,Transparent bordeaux,3211,53,18,145,,,,124.07,372,0,,,t,2025-12-07 20:25:36.137,2025-12-07 20:25:36.137,t,f,999,FRAME
cmiw69md303e7itnthsyfp68o,"",DOLCE & GABBANA,,DG3397,MILKY PINK,3436,54,16,140,8056262478417,,,145.56,437,1,,,t,2025-12-07 20:25:36.375,2025-12-07 20:25:36.375,t,f,999,FRAME
cmiw69mq603e9itntvg9l75nj,"",DOLCE & GABBANA,,DG3418,Bordeaux,3091,55,19,145,,,,145.56,437,1,,,t,2025-12-07 20:25:36.847,2025-12-07 20:25:36.847,t,f,999,FRAME
cmiw69n4k03ebitntkrg6jxdp,"",DOLCE & GABBANA,,DG3427,Transparent grey,3291,55,18,145,,,,113.33,340,1,,,t,2025-12-07 20:25:37.313,2025-12-07 20:25:37.313,t,f,999,FRAME
cmiw69nht03editntjc10ockr,"",Polo,,PH1179,BRUSHED SILVER/BLACK,9088,48,20,145,8056262543375,,,92.46,307,1,,,t,2025-12-07 20:25:37.842,2025-12-07 20:25:37.842,t,f,999,FRAME
cmiw69nuh03efitntozwn1smq,"",Polo,,PH1190,Matte navy blue,9303,56,17,145,,,,72.48,217,0,,,t,2025-12-07 20:25:38.298,2025-12-07 20:25:38.298,t,f,999,FRAME
cmiw69o0q03egitntb3h345w2,"",Polo,,PH1215,SEMI SHINY DARK GUNMETAL,9215,54,17,145,8056262049716,,,75.39,226,0,,,t,2025-12-07 20:25:38.522,2025-12-07 20:25:38.522,t,f,999,FRAME
cmiw69o8703ehitntkz3xdado,"",Polo,,PH1243,Semishiny black,9267,58,16,145,,,,87.05,261,2,,,t,2025-12-07 20:25:38.792,2025-12-07 20:25:38.792,t,f,999,FRAME
cmiw69ole03ejitntyb60y9hc,"",Polo,,PH2296,Shiny striped green,6316,58,16,145,,,,87.05,261,1,,,t,2025-12-07 20:25:39.267,2025-12-07 20:25:39.267,t,f,999,FRAME
cmiw69oy503elitntfczrxh59,"",Polo,,PH2299D,Shiny transparent brown,6282,55,18,145,,,,75.39,226,1,,,t,2025-12-07 20:25:39.725,2025-12-07 20:25:39.725,t,f,999,FRAME
cmiw69pb803enitnt1cwkzbyg,"",Ralph Lauren,,RA7146,Transparent green,6279,53,17,145,,,,58.75,176,0,,,t,2025-12-07 20:25:40.197,2025-12-07 20:25:40.197,t,f,999,FRAME
cmiw69phm03eoitntw4xvfdga,"",Ralph Lauren,,RA7187U,Blue transparent,6119,55,16,145,,,,58.75,176,0,,,t,2025-12-07 20:25:40.426,2025-12-07 20:25:40.426,t,f,999,FRAME
cmiw69po203epitntft71jjlf,"",Ralph,,RA7189U,Milky purple,6238,49,16,140,,,,65.42,196,0,,,t,2025-12-07 20:25:40.658,2025-12-07 20:25:40.658,t,f,999,FRAME
cmiw69puq03eqitntl1jhgbox,"",Polo,,PH2299D,Transparent Grey,6322,55,18,145,,,,75.39,226,1,,,t,2025-12-07 20:25:40.898,2025-12-07 20:25:40.898,t,f,999,FRAME
cmiw69q7r03esitnti9htdcn5,"",JIMMY CHOO,,JC2011,Silver/Navy Blue,3026,55,17,140,,,,135.19,406,1,,,t,2025-12-07 20:25:41.367,2025-12-07 20:25:41.367,t,f,999,FRAME
cmiw69qkr03euitntoz0hqb9r,"",Ralph,,RA7189U,Shiny Dark Havana,5003,53,17,145,,,,65.42,196,1,,,t,2025-12-07 20:25:41.835,2025-12-07 20:25:41.835,t,f,999,FRAME
cmiw69qxu03ewitntg7ubhkqe,"",Ralph,,RA7189U,Shiny Violet,9367,54,16,140,,,,65.42,196,1,,,t,2025-12-07 20:25:42.306,2025-12-07 20:25:42.306,t,f,999,FRAME
cmiw69rb203eyitnt4lov4hnm,"",DOLCE & GABBANA KIDS,,DX3357,Havana on white barrow,3217,49,15,130,,,,61.48,184,1,,,t,2025-12-07 20:25:42.782,2025-12-07 20:25:42.782,t,f,999,FRAME
cmiw69roo03f0itnte6p19xw3,"",MaxMara,,MM5179-B,Light Brown/Gradient,050,54,15,140,,,,88,264,1,,,t,2025-12-07 20:25:43.272,2025-12-07 20:25:43.272,t,f,999,FRAME
cmiw69s1u03f2itntraklb8li,"",Oakley,,OJ9014,Black Ink w/prism Jade,01,50,16,130,,,,47.11,141,1,,,t,2025-12-07 20:25:43.747,2025-12-07 20:25:43.747,t,f,999,FRAME
cmiw69sff03f4itntso8ittjo,"",Oakley,,OJ9014,Transparent/Artic Surf w/ Prizim Violet,04,50,16,130,,,,47.11,141,0,,,t,2025-12-07 20:25:44.235,2025-12-07 20:25:44.235,t,f,999,FRAME
cmiw69smg03f5itnt6kalii0z,"",Adidas Originals,,SP5074,Matte Light Ruthenium,015,55,16,145,,,,69,207,0,,,t,2025-12-07 20:25:44.488,2025-12-07 20:25:44.488,t,f,999,FRAME
cmiw69st303f6itntzu3p224a,"",Rayban,,RB2016 Daddy-O,Rubber Black,W2578,59,17,125,,,,69.47,208,0,,,t,2025-12-07 20:25:44.728,2025-12-07 20:25:44.728,t,f,999,FRAME
cmiw69t0003f7itntntbsc7t7,"",Tom Ford,,FT5937-B,dark havana,052,52,18,145,889214488473,,,155,465,0,,,t,2025-12-07 20:25:44.977,2025-12-07 20:25:44.977,t,f,999,FRAME
cmiw69t7503f8itnt991hrvf1,"",DOLCE & GABBANA,,DG3422,HAVANA,502,53,18,145,8056262468555,,,134.81,404,0,,,t,2025-12-07 20:25:45.233,2025-12-07 20:25:45.233,t,f,999,FRAME
cmiw69te503f9itntq96594ka,"",DOLCE & GABBANA,,DG3386,BORDEAUX LACE,3442,53,19,145,8056262294918,,,134.81,404,1,,,t,2025-12-07 20:25:45.485,2025-12-07 20:25:45.485,t,f,999,FRAME
cmiw69trx03fbitntk0osx8f7,"",Ralph Lauren,,RA6063,Shiny Black,9443,54,17,145,,,,71.25,214,1,,,t,2025-12-07 20:25:45.981,2025-12-07 20:25:45.981,t,f,999,FRAME
cmiw69u5n03fditnt2ajrh4z8,"",Ralph Lauren,,RA7190U,Transparent Light Blue,6240,54,15,145,,,,58.75,176,0,,,t,2025-12-07 20:25:46.476,2025-12-07 20:25:46.476,t,f,999,FRAME
cmiw69ucx03feitntpxycqu0p,"",Michael Kors,,MK4175D,Black Horn,4034,54,17,145,,,,61.85,186,2,,,t,2025-12-07 20:25:46.737,2025-12-07 20:25:46.737,t,f,999,FRAME
cmiw69uqa03fhitntyo9rvacr,"",Michael Kors,,MK4165U,Black,3005,53,16,140,,,,59.63,179,1,,,t,2025-12-07 20:25:47.219,2025-12-07 20:25:47.219,t,f,999,FRAME
cmiw69v4g03fjitnt6ogj8a13,"",Tory Burch,,TY2160U,Black,1709,51,19,135,,,,100.74,302,1,,,t,2025-12-07 20:25:47.729,2025-12-07 20:25:47.729,t,f,999,FRAME
cmiw69vii03flitntcao2v0ym,"",Tory Burch,,TY2137U,TRANSPARENT BROWN,1954,53,18,140,725125449779,,,84.44,253,2,,,t,2025-12-07 20:25:48.234,2025-12-07 20:25:48.234,t,f,999,FRAME
cmiw69vwq03foitntprdu54xk,"",Tory Burch,,TY2165U,Black,1709,53,17,140,,,,91.48,274,2,,,t,2025-12-07 20:25:48.746,2025-12-07 20:25:48.746,t,f,999,FRAME
cmiw69wa003fritntt3fohgyf,"",Tory Burch,,TY2165U,Dark Tortoise,1728,53,17,140,,,,91.48,274,1,,,t,2025-12-07 20:25:49.224,2025-12-07 20:25:49.224,t,f,999,FRAME
cmiw69wn403ftitntqrchgwai,"",Tory Burch,,TY2149U,Berry Transparent,3179,53,17,140,,,,91.48,274,0,,,t,2025-12-07 20:25:49.697,2025-12-07 20:25:49.697,t,f,999,FRAME
cmiw69wtv03fuitnt57q7ad7d,"",Tory Burch,,TY2152U,NAVY GRADIENT,3178,53,18,140,725125525596,,,84.44,253,1,,,t,2025-12-07 20:25:49.939,2025-12-07 20:25:49.939,t,f,999,FRAME
cmiw69x7303fwitntzyyfbm49,"",Tory Burch,,TY4015U,Tortoise,1992,55,16,140,,,,95.93,288,1,,,t,2025-12-07 20:25:50.415,2025-12-07 20:25:50.415,t,f,999,FRAME
cmiw69xkb03fyitntr3ar512c,"",Tory Burch,,TY2163U,Crystal Brown Tortoise,2026,54,17,140,,,,84.44,253,1,,,t,2025-12-07 20:25:50.892,2025-12-07 20:25:50.892,t,f,999,FRAME
cmiw69xxp03g0itntrtapin3h,"",Tory Burch,,TY2166U,Black,1709,54,16,140,,,,91.48,274,1,,,t,2025-12-07 20:25:51.373,2025-12-07 20:25:51.373,t,f,999,FRAME
cmiw69yao03g2itntvikhs0kx,"",Tory Burch,,TY1093,SILVER,3274,52,17,140,725125530644,,,95.93,288,1,,,t,2025-12-07 20:25:51.84,2025-12-07 20:25:51.84,t,f,999,FRAME
cmiw69ynz03g4itnthkanc56b,"",DOLCE & GABBANA,,DG3425,HAVANA BLUE,3443,52,18,145,8056262674307,,,113.33,340,0,,,t,2025-12-07 20:25:52.32,2025-12-07 20:25:52.32,t,f,999,FRAME
cmiw69yw003g5itnt2iqyro67,"",Oakley,,OO9384,Woodgrain,04,57,17,138,,,,109.89,330,0,,,t,2025-12-07 20:25:52.558,2025-12-07 20:25:52.558,t,f,999,FRAME
cmiw69z3003g6itnt7g3dyoym,"",JIMMY CHOO,,JC3047,Transparent Tan,5076,49,17,140,,,,106.3,319,1,,,t,2025-12-07 20:25:52.861,2025-12-07 20:25:52.861,t,f,999,FRAME
cmiw69zg203g8itntgrrn0auh,"",JIMMY CHOO,,JC3052U,Opaline Cranberry,5081,55,15,140,,,,115.93,348,1,,,t,2025-12-07 20:25:53.331,2025-12-07 20:25:53.331,t,f,999,FRAME
cmiw69zt303gaitnt3vazq7wa,"",JIMMY CHOO,,JC3051D,Opaline Prune,5086,51,20,145,,,,106.3,319,1,,,t,2025-12-07 20:25:53.799,2025-12-07 20:25:53.799,t,f,999,FRAME
cmiw6a05z03gcitntuwa9apv4,"",JIMMY CHOO,,JC3048U,Transparent Prune,5087,54,17,140,,,,106.3,319,1,,,t,2025-12-07 20:25:54.263,2025-12-07 20:25:54.263,t,f,999,FRAME
cmiw6a0iv03geitntrmks6sm8,"",JIMMY CHOO,,JC2017J,Matte Black,3001,53,16,140,,,,164.44,493,1,,,t,2025-12-07 20:25:54.728,2025-12-07 20:25:54.728,t,f,999,FRAME
cmiw6a0vv03ggitntxv021mv7,"",JIMMY CHOO,,JC3011,TRANSPARENT PINK,5034,52,17,145,8056262675236,,,106.3,319,1,,,t,2025-12-07 20:25:55.196,2025-12-07 20:25:55.196,t,f,999,FRAME
cmiw6a18u03giitntecto9016,"",Oakley,,OJ9009,Clear,03,48,15,124,,,,51.64,155,0,,,t,2025-12-07 20:25:55.663,2025-12-07 20:25:55.663,t,f,999,FRAME
cmiw6a1f903gjitnt9c1mooeo,"",Oakley,,OW8001,Black,01,52,15,120,,,,389,389,0,,,t,2025-12-07 20:25:55.894,2025-12-07 20:25:55.894,t,f,999,FRAME
cmiw6a1lw03gkitntrjlj6s1d,"",JIMMY CHOO,,JC3039D,Transparent Navy,5035,48,18,140,,,,135.19,406,1,,,t,2025-12-07 20:25:56.133,2025-12-07 20:25:56.133,t,f,999,FRAME
cmiw6a1z303gmitntmngxonwf,"",Ray-Ban,,RW4012,Black,601/1M,53,22,155,,,,358.59,459,0,,,t,2025-12-07 20:25:56.608,2025-12-07 20:25:56.608,t,f,999,FRAME
cmiw6a25m03gnitnt3o8g91xf,"",DOLCE & GABBANA,,DG3428,Havana Blue,3443,51,19,140,,,,145.56,437,0,,,t,2025-12-07 20:25:56.843,2025-12-07 20:25:56.843,t,f,999,FRAME
cmiw6a2c603goitntdsohj4de,"",DOLCE & GABBANA,,DG5112,Crystal,3133,55,17,145,,,,113.33,340,1,,,t,2025-12-07 20:25:57.078,2025-12-07 20:25:57.078,t,f,999,FRAME
cmiw6a2p903gqitnthrkztk2y,"",DOLCE & GABBANA,,DG3430,Black on Leo Brown,3299,55,18,145,,,,124.07,372,1,,,t,2025-12-07 20:25:57.549,2025-12-07 20:25:57.549,t,f,999,FRAME
cmiw6a32403gsitntrybfpism,"",Harley-Davidson,,HD0716,Metal and Blue,008,54,16,145,,,,74,222,0,,,t,2025-12-07 20:25:58.012,2025-12-07 20:25:58.012,t,f,999,FRAME
cmiw6a38h03gtitntnqkpwtpt,"",Eight to Eighty,,Ariel,Pink,,47,18,125,,,,85,85,0,,,t,2025-12-07 20:25:58.241,2025-12-07 20:25:58.241,t,f,999,FRAME
cmiw6a3f503guitntlk5dux8e,"",Oakley,,OO9102-J955,NYJ Matte Black,S6,57,18,137,,,,105.93,336,0,,,t,2025-12-07 20:25:58.481,2025-12-07 20:25:58.481,t,f,999,FRAME
cmiw6a3nh03gvitnta6hazw2y,"",Oakley,,OJ9009,Acid Pink,04,48,15,124,,,,51.64,155,1,,,t,2025-12-07 20:25:58.781,2025-12-07 20:25:58.781,t,f,999,FRAME
cmiw6a45603gxitntqkrjvy1y,"",Oakley,,OO9509,Matte Black,06,53,16,128,,,,92,276,1,,,t,2025-12-07 20:25:59.419,2025-12-07 20:25:59.419,t,f,999,FRAME
cmiw6a4v003gzitnt6ifexczb,"",Oakley,,OO9487-0761,Woodgrain,08,61,18,143,,,,118.5,356,0,,,t,2025-12-07 20:26:00.349,2025-12-07 20:26:00.349,t,f,999,FRAME
cmiw6a54203h0itntscslet4u,"",Oakley,,OO9242,Dark Amber/Light Curry,07,52,21,142,,,,127.51,383,0,,,t,2025-12-07 20:26:00.674,2025-12-07 20:26:00.674,t,f,999,FRAME
cmiw6a5c503h1itntaefaeept,"",Oakley Frame,,OX8060 OVERHEAD,MATTE CARBON,806010,57,16,138,7895653328037,,,67.98,204,1,,,t,2025-12-07 20:26:00.966,2025-12-07 20:26:00.966,t,f,999,FRAME
cmiw6a5ta03h3itntg6hq8iqw,"",Oakley,,OX3100,Matte Cement,04,57,19,140,,,,67.98,204,1,,,t,2025-12-07 20:26:01.582,2025-12-07 20:26:01.582,t,f,999,FRAME
cmiw6a66r03h5itntnammzp0r,"",Oakley Frame,,OX3035 ADDAMS 0.5,PEWTER,303502,56,18,140,888392641885,,,89.72,269,1,,,t,2025-12-07 20:26:02.068,2025-12-07 20:26:02.068,t,f,999,FRAME
cmiw6a6jm03h7itnt8boqp7q6,"",Oakley Youth,,OY8029F HUMBLY A,MATTE GINGER TORTOISE,802905,48,17,127,888392647481,,,46.38,139,1,,,t,2025-12-07 20:26:02.53,2025-12-07 20:26:02.53,t,f,999,FRAME
cmiw6a6ww03h9itnt1mjtghp4,"",Max&Co.,,MO5139,Shiny Black,001,56,16,140,,,,70,210,0,,,t,2025-12-07 20:26:03.009,2025-12-07 20:26:03.009,t,f,999,FRAME
cmiw6a73703haitntma51xyua,"",Ray-Ban Rx,,RX5446,HAVANA W/ DEMO LENS,2012,53,19,145,8058262581089,,,73.52,221,1,,,t,2025-12-07 20:26:03.236,2025-12-07 20:26:03.236,t,f,999,FRAME
cmiw6a7gw03hcitnt0ek5rzyy,"",Ray-Ban Rx,,RX7025,TRANSPARENT,5943,55,17,145,8056262670088,,,83,249,1,,,t,2025-12-07 20:26:03.728,2025-12-07 20:26:03.728,t,f,999,FRAME
cmiw6a7ug03heitntcuf0zvdu,"",Ray-Ban Rx,,RX7047,TRANSPARENT,2001,54,17,140,7895653344976,,,69.57,209,1,,,t,2025-12-07 20:26:04.217,2025-12-07 20:26:04.217,t,f,999,FRAME
cmiw6a88u03hgitntyli383g4,"",Ray-Ban Rx,,RX7260,BLACK W/ DEMO LENS,2000,56,19,150,8056262582963,,,83,249,1,,,t,2025-12-07 20:26:04.734,2025-12-07 20:26:04.734,t,f,999,FRAME
cmiw6a8lv03hiitnt62znczhy,"",Ray-Ban Rx,,RX7260,TRANSPARENT W/ DEMO LENS,2001,54,19,150,8058262583014,,,83,249,1,,,t,2025-12-07 20:26:05.204,2025-12-07 20:26:05.204,t,f,999,FRAME
cmiw6a8yo03hkitntbo8vktff,"",Ray-Ban Rx,,RX7553,ROSEGOLD W/ DEMO LENS,3217,52,20,140,8058262585827,,,109.09,327,1,,,t,2025-12-07 20:26:05.665,2025-12-07 20:26:05.665,t,f,999,FRAME
cmiw6a9bt03hmitnt37bba9v4,"",JIMMY CHOO,,JC2016J,ROSEGOLD W/ DEMO LENS,3008,56,16,140,8056262566299,,,164.44,493,1,,,t,2025-12-07 20:26:06.137,2025-12-07 20:26:06.137,t,f,999,FRAME
cmiw6a9q303hoitnt27wf9qbd,"",JIMMY CHOO,,JC3012,TRANSPARENT NAVY,5035,53,16,145,8056262579848,,,106.3,319,1,,,t,2025-12-07 20:26:06.651,2025-12-07 20:26:06.651,t,f,999,FRAME
cmiw6aa3b03hqitntai1v450r,"",DOLCE & GABBANA,,DG1323,SILVER AZURE W/ DEMO LENS,1325,54,16,140,8056262675533,,,113.33,340,1,,,t,2025-12-07 20:26:07.128,2025-12-07 20:26:07.128,t,f,999,FRAME
cmiw6aaii03hsitnt5413jxay,"",DOLCE & GABBANA,,DG3395,PEARL HAVANA PETROLEUM W/ DEMO LENS,3460,53,16,145,8056262674048,,,156.3,469,1,,,t,2025-12-07 20:26:07.629,2025-12-07 20:26:07.629,t,f,999,FRAME
cmiw6aawk03huitnt9c6aiu91,"",Oakley,,OO9189,WOFACE MATTE BLACK W/ PRIZM BLACK POLARIZED,918938,60,16,137,888392279651,,,133.5,401,1,,,t,2025-12-07 20:26:08.181,2025-12-07 20:26:08.181,t,f,999,FRAME
cmiw6abb203hwitnty8vijuta,"",Adidas Originals,,SP0067,Matte,02G,60,14,135,,,,49,147,0,,,t,2025-12-07 20:26:08.702,2025-12-07 20:26:08.702,t,f,999,FRAME
cmiw6abhu03hxitntoz33d0so,"",Costa,,06S9132 - Schoolie,Matte Tiger Shark,05,56,16,130,,,,78.5,236,1,,,t,2025-12-07 20:26:08.946,2025-12-07 20:26:08.946,t,f,999,FRAME
cmiw6abuq03hzitntn4myz4c6,"",Ralph,,RA7179U,SHINY PURPLE HAVANA,6239,55,16,145,8056262460368,,,65.42,196,1,,,t,2025-12-07 20:26:09.41,2025-12-07 20:26:09.41,t,f,999,FRAME
cmiw6ac7x03i1itnty13wmvyx,"",JIMMY CHOO,,JC3043J,Black,5078,52,18,110,,,,154.81,464,1,,,t,2025-12-07 20:26:09.885,2025-12-07 20:26:09.885,t,f,999,FRAME
cmiw6aclb03i3itnt65v016tz,"",guess,,GU7912/S,Yellow/Striped,41E,55,16,140,,,,63,189,0,,,t,2025-12-07 20:26:10.367,2025-12-07 20:26:10.367,t,f,999,FRAME
cmiw6acsi03i4itntm8ri2e5i,"",MaxMara,,MM5111,Shiny Red,066,54,16,140,,,,88,264,0,,,t,2025-12-07 20:26:10.626,2025-12-07 20:26:10.626,t,f,999,FRAME
cmiw6acyw03i5itnt9uwwo5cx,"",Oakley,,OO9417,Black Ink,08,59,18,137,,,,113.5,341,0,,,t,2025-12-07 20:26:10.856,2025-12-07 20:26:10.856,t,f,999,FRAME
cmiw6ad5e03i6itntlj7vdnil,"",Ralph,,RA7154U,SHINY CRYSTAL W/ DEMO LENS,5331,52,17,145,8058597905244,,,58.75,176,1,,,t,2025-12-07 20:26:11.091,2025-12-07 20:26:11.091,t,f,999,FRAME
cmiw6adjc03i8itnt1yueu9ex,"",Ralph,,RA7161U,SHINY BLACK,5001,53,16,145,8056262006016,,,65.42,196,1,,,t,2025-12-07 20:26:11.592,2025-12-07 20:26:11.592,t,f,999,FRAME
cmiw6advv03iaitntrruofp6x,"",Ralph,,RA7189U,TRANSPARENT BEIGE,6117,53,17,145,8058262534311,,,65.42,196,1,,,t,2025-12-07 20:26:12.043,2025-12-07 20:26:12.043,t,f,999,FRAME
cmiw6ae8f03icitnt6asywco3,"",Oakley,,OO4075,SQUARE WIRE TUNGSTEN W/ PRIZM TUNGSTEN POLARIZED,407514,60,17,123,888392411679,,,143,429,1,,,t,2025-12-07 20:26:12.495,2025-12-07 20:26:12.495,t,f,999,FRAME
cmiw6aelo03ieitntwj569d2a,"",Guess?,,GU2674,Shiny Blue,090,53,19,140,664689956913,,,77,231,1,,,t,2025-12-07 20:26:12.972,2025-12-07 20:26:12.972,t,f,999,FRAME
cmiw6aeyp03igitnt03tfob22,"",Ralph,,RA7155U,SHINY TRANSPARENT BEIGE,5802,52,17,140,8058597905107,,,52.5,158,1,,,t,2025-12-07 20:26:13.441,2025-12-07 20:26:13.441,t,f,999,FRAME
cmiw6afc703iiitntd1zb1c86,"",Ray Ban RX,,RX7550,BLACK,3222,55,18,145,8058282584226,,,103.95,312,0,,,t,2025-12-07 20:26:13.927,2025-12-07 20:26:13.927,t,f,999,FRAME
cmiw6afid03ijitnt5uynfxqf,"",Timberland,,TB1594,Black,005,58,18,135,,,,73,219,1,,,t,2025-12-07 20:26:14.149,2025-12-07 20:26:14.149,t,f,999,FRAME
cmiw6afvi03ilitntbxbyfrpi,"",Guess?,,GM0243,havana/other,056,50,16,135,889214505170,,,118,354,1,,,t,2025-12-07 20:26:14.622,2025-12-07 20:26:14.622,t,f,999,FRAME
cmiw6ag8k03initnt35pi2okp,"",Guess,,GM0397,TURQUOISE/OTHER,089,54,14,145,889214456298,,,93,279,0,,,t,2025-12-07 20:26:15.092,2025-12-07 20:26:15.092,t,f,999,FRAME
cmiw6agf203ioitntu0h003uy,"",Guess?,,GM50007,blue/other,092,54,17,145,889214490704,,,108,324,1,,,t,2025-12-07 20:26:15.326,2025-12-07 20:26:15.326,t,f,999,FRAME
cmiw6agrt03iqitntl7fbvh98,"",Guess?,,GM50013,beige/other,059,55,16,140,889214509635,,,98,294,1,,,t,2025-12-07 20:26:15.785,2025-12-07 20:26:15.785,t,f,999,FRAME
cmiw6ah4o03isitntley2ty8c,"",Guess,,GM50029,Shiny Rose Gold,028,58,12,140,889214565556,,,93,279,1,,,t,2025-12-07 20:26:16.249,2025-12-07 20:26:16.249,t,f,999,FRAME
cmiw6ahhl03iuitnttq2jt1rg,"",Guess,,GM50048,Dark Green/Havana,098,54,15,140,889214612052,,,93,279,1,,,t,2025-12-07 20:26:16.714,2025-12-07 20:26:16.714,t,f,999,FRAME
cmiw6ahuy03iwitnt8gr98ho7,"",Guess?,,GU2687,Gold,032,53,17,135,664689953578,,,87,261,0,,,t,2025-12-07 20:26:17.195,2025-12-07 20:26:17.195,t,f,999,FRAME
cmiw6ai1e03ixitnt2sfrw5vq,"",Guess,,GU2983,Shiny Dark Brown / Light Brown/Havana,050,56,17,140,889214463593,,,77,231,1,,,t,2025-12-07 20:26:17.427,2025-12-07 20:26:17.427,t,f,999,FRAME
cmiw6aie803izitnteicq63eb,"",Guess,,GU50162,Shiny Blue / Light Blue/Havana,090,51,16,135,889214526564,,,71,213,1,,,t,2025-12-07 20:26:17.889,2025-12-07 20:26:17.889,t,f,999,FRAME
cmiw6air803j1itnt0lkxyo7h,"",Guess,,GU50229,Matte Light Blue / Grey/Havana,085,57,16,140,889214572578,,,84,252,1,,,t,2025-12-07 20:26:18.357,2025-12-07 20:26:18.357,t,f,999,FRAME
cmiw6aj4l03j3itntwcinaiej,"",Guess,,GU50233,Shiny Grey / Grey/Pearl,020,53,17,140,889214572844,,,77,231,1,,,t,2025-12-07 20:26:18.838,2025-12-07 20:26:18.838,t,f,999,FRAME
cmiw6ajhg03j5itntplgp44av,"",Guess?,,GU50235,dark havana,052,50,15,140,889214604873,,,70,210,1,,,t,2025-12-07 20:26:19.3,2025-12-07 20:26:19.3,t,f,999,FRAME
cmiw6ajuc03j7itnt47qqwjb3,"",Guess,,GU50249,Matte Beige / Shiny Pale Gold,059,55,14,140,889214584793,,,71,213,1,,,t,2025-12-07 20:26:19.765,2025-12-07 20:26:19.765,t,f,999,FRAME
cmiw6ak7f03j9itntet2idx86,"",Guess,,GU50310,Blue/Havana / Blue/Havana,092,50,15,140,889214612779,,,71,213,1,,,t,2025-12-07 20:26:20.235,2025-12-07 20:26:20.235,t,f,999,FRAME
cmiw6akkn03jbitnt9fe266qz,"",Guess,,GU50311,Blue/Havana / Blue/Havana,092,53,14,140,889214612922,,,71,213,0,,,t,2025-12-07 20:26:20.712,2025-12-07 20:26:20.712,t,f,999,FRAME
cmiw6akr903jcitntat59lfpi,"",Guess,,GU50326,Matte Gunmetal / Shiny Dark Green,009,53,17,145,889214613707,,,62,186,0,,,t,2025-12-07 20:26:20.95,2025-12-07 20:26:20.95,t,f,999,FRAME
cmiw6akxq03jditntaajrp8pa,"",Guess,,GU7483,Shiny Beige / Shiny Pale Gold,57F,56,17,135,664689835669,,,48,144,1,,,t,2025-12-07 20:26:21.183,2025-12-07 20:26:21.183,t,f,999,FRAME
cmiw6alaq03jfitntkuheps85,"",Harley Davidson,,HD0578,Shiny Bordeaux / Shiny Rose Gold,071,53,16,140,889214477279,,,74,222,1,,,t,2025-12-07 20:26:21.65,2025-12-07 20:26:21.65,t,f,999,FRAME
cmiw6alnl03jhitntcgi6us4k,"",Harley Davidson,,HD0760/V,Matte Dark Brown / Matte Dark Brown,049,55,18,145,664689892228,,,79,237,0,,,t,2025-12-07 20:26:22.114,2025-12-07 20:26:22.114,t,f,999,FRAME
cmiw6alu603jiitntzzohssi7,"",Harley-Davidson,,HD0976,black/other,005,57,16,140,889214428851,,,79,237,1,,,t,2025-12-07 20:26:22.351,2025-12-07 20:26:22.351,t,f,999,FRAME
cmiw6am8703jkitntgv40t4dr,"",Harley Davidson,,HD50021,Matte Black / Matte Black,002,57,15,145,889214504319,,,70,210,1,,,t,2025-12-07 20:26:22.81,2025-12-07 20:26:22.81,t,f,999,FRAME
cmiw6amlh03jmitnttl6mqes4,"",Harley Davidson,,HD50025,Grey/Horn / Grey/Horn,020,56,16,145,889214504487,,,74,222,1,,,t,2025-12-07 20:26:23.334,2025-12-07 20:26:23.334,t,f,999,FRAME
cmiw6amyg03joitntdfgu9g39,"",Harley Davidson,,HD50026,Blue/Horn / Blue/Horn,091,57,16,145,889214504555,,,74,222,1,,,t,2025-12-07 20:26:23.801,2025-12-07 20:26:23.801,t,f,999,FRAME
cmiw6anbe03jqitnt4jztunsb,"",Harley Davidson,,HD50095,Crystal / Matte Grey,026,57,18,145,889214568571,,,70,210,1,,,t,2025-12-07 20:26:24.266,2025-12-07 20:26:24.266,t,f,999,FRAME
cmiw6anop03jsitntsuu6slw6,"",Harley Davidson,,HD50109,Matte Bordeaux / Matte Bordeaux,070,55,17,140,889214609007,,,74,222,1,,,t,2025-12-07 20:26:24.746,2025-12-07 20:26:24.746,t,f,999,FRAME
cmiw6ao2g03juitnt3hkq66te,"",Harley Davidson,,HD50119,Shiny Violet / Shiny Rose Gold,083,53,16,145,889214611550,,,74,222,1,,,t,2025-12-07 20:26:25.24,2025-12-07 20:26:25.24,t,f,999,FRAME
cmiw6aoge03jwitnt9evl43wt,"",Oakley,,OX8139A,Matte Black,06,52,21,140,,,,74,222,0,,,t,2025-12-07 20:26:25.743,2025-12-07 20:26:25.743,t,f,999,FRAME
cmiw6aomz03jxitntdf9c8ef7,"",Guess,,GM50050,Shiny Black,001,54,16,140,,,,93,279,1,,,t,2025-12-07 20:26:25.979,2025-12-07 20:26:25.979,t,f,999,FRAME
cmiw6ap1103jzitntpcjclx0k,"",Guess?,,GU2965,grey/other,020,55,18,140,889214590442,,,71,213,1,,,t,2025-12-07 20:26:26.486,2025-12-07 20:26:26.486,t,f,999,FRAME
cmiw6apf103k1itntashyyh8i,"",Harley-Davidson,,HD50108,Shiny Turquoise,087,55,15,145,,,,74,222,1,,,t,2025-12-07 20:26:26.989,2025-12-07 20:26:26.989,t,f,999,FRAME
cmiw6apsk03k3itnt9l7128fl,"",Vogue,,VO4274,TOP HAVANA/PALE GOLD,5078,53,17,135,8056597814096,,,56.64,170,1,,,t,2025-12-07 20:26:27.477,2025-12-07 20:26:27.477,t,f,999,FRAME
cmiw6aq5u03k5itntmq6li8k9,"",Vogue®,,VO4331,ROSE GOLD/TOP ROSE,5207,53,17,140,8056262348703,,,56.64,170,0,,,t,2025-12-07 20:26:27.954,2025-12-07 20:26:27.954,t,f,999,FRAME
cmiw6aqc403k6itnt2mjraiba,"",Vogue®,,VO5378,TOP HAVANA/BROWN,2386,53,17,140,8056597419024,,,68.58,206,1,,,t,2025-12-07 20:26:28.181,2025-12-07 20:26:28.181,t,f,999,FRAME
cmiw6aqp803k8itntlel9a57p,"",Vogue®,,VO5627,TRANSPARENT LIGHT GREEN,3196,52,16,140,8056262350669,,,62.39,187,1,,,t,2025-12-07 20:26:28.652,2025-12-07 20:26:28.652,t,f,999,FRAME
cmiw6ar1x03kaitntvs1ip55q,"",Vogue®,,VO5631B,TRANSPARENT LIGHT BLUE,2966,53,17,140,8056262351253,,,80.09,240,1,,,t,2025-12-07 20:26:29.109,2025-12-07 20:26:29.109,t,f,999,FRAME
cmiw6arel03kcitntwek0msdb,"",Vogue®,,VO5679B,TRANSPARENT BROWN,2940,53,19,140,8056262533772,,,73.89,222,1,,,t,2025-12-07 20:26:29.565,2025-12-07 20:26:29.565,t,f,999,FRAME
cmiw6ars303keitnt1wq26w0y,"",Vogue®,,VO5680B,TRANSPARENT PINK,2864,54,17,140,8056262534977,,,73.89,222,1,,,t,2025-12-07 20:26:30.051,2025-12-07 20:26:30.051,t,f,999,FRAME
cmiw6as5q03kgitnt7r2s8czo,"",Vogue,,VY2030,TRANSPARENT GREY,3184,48,17,130,8056262244784,,,36.15,108,1,,,t,2025-12-07 20:26:30.542,2025-12-07 20:26:30.542,t,f,999,FRAME
cmiw6ask403kiitntublo8okm,"",Vogue,,VY2031,TRANSPARENT GREEN,3117,50,15,130,8056262250457,,,36.15,108,1,,,t,2025-12-07 20:26:31.061,2025-12-07 20:26:31.061,t,f,999,FRAME
cmiw6asxz03kkitntez2oik72,"",Vogue,,VY2031,BLACK,W44,50,15,130,8056262250471,,,36.15,108,1,,,t,2025-12-07 20:26:31.559,2025-12-07 20:26:31.559,t,f,999,FRAME
cmiw6atd903kmitntnwqpws9f,"",Costa,,06A3018,GUNMETAL,301603,55,16,145,8056597584609,,,83.4,250,1,,,t,2025-12-07 20:26:32.11,2025-12-07 20:26:32.11,t,f,999,FRAME
cmiw6atqs03koitntju4xts4y,"",Costa,,06A3018,SATIN SILVER,301801,57,16,145,198537000539,,,83.4,250,2,,,t,2025-12-07 20:26:32.596,2025-12-07 20:26:32.596,t,f,999,FRAME
cmiw6au3s03kritntmupahne7,"",Costa,,06A8011,MATTE TORTOISE,801104,56,17,140,8056262140291,,,83.4,250,1,,,t,2025-12-07 20:26:33.065,2025-12-07 20:26:33.065,t,f,999,FRAME
cmiw6auh503ktitntgfdpzh3q,"",Costa Del Mar,,0689081,PALMAS BLACK W/ GRAY,908103,57,17,135,097963939720,,,94,282,1,,,t,2025-12-07 20:26:33.545,2025-12-07 20:26:33.545,t,f,999,FRAME
cmiw6auu103kvitnt81mwtz49,"",Vogue®,,VO5563,TRANSPARENT AZURE,2966,53,17,140,8056262005330,,,62.39,187,1,,,t,2025-12-07 20:26:34.01,2025-12-07 20:26:34.01,t,f,999,FRAME
cmiw6av7903kxitnt1euns3jm,"",Vogue®,,VO5832B,TRANSPARENT MALLARD GREE,3086,53,17,140,8058262351352,,,80.09,240,1,,,t,2025-12-07 20:26:34.485,2025-12-07 20:26:34.485,t,f,999,FRAME
cmiw6avkg03kzitntsm3bxitz,"",Costa,,06A3016,Gunmetal,03,55,17,145,,,,88.93,267,1,,,t,2025-12-07 20:26:34.96,2025-12-07 20:26:34.96,t,f,999,FRAME
cmiw6avxv03l1itntac6pprti,"",Dolce & Gabbana,,DG3435-B,Black,501,53,20,145,,,,167.04,501,1,,,t,2025-12-07 20:26:35.444,2025-12-07 20:26:35.444,t,f,999,FRAME
cmiw6awax03l3itnt415nxvpp,"",Oakley Frame,,OX8105 PITCHMAN R,SATIN GREY SMOKE,810523,50,19,140,888392610515,,,100.79,302,1,,,t,2025-12-07 20:26:35.913,2025-12-07 20:26:35.913,t,f,999,FRAME
cmiw6awnn03l5itntwknxt84r,"",Tom Ford,,TF6086-B,Blonde Havana,053,54,18,145,,,,212,636,1,,,t,2025-12-07 20:26:36.372,2025-12-07 20:26:36.372,t,f,999,FRAME
cmiw6ax0u03l7itntckty4w67,"",guess,,GU00104,Black and Pink,05D,56,19,140,,,,66,198,0,,,t,2025-12-07 20:26:36.846,2025-12-07 20:26:36.846,t,f,999,FRAME
cmiw6ax7g03l8itntusy3a3uq,"",Aero,,F71,Brn/Blk,,51,16,135,891160587612,,,60,180,3,,,t,2025-12-07 20:26:37.085,2025-12-07 20:26:37.085,t,f,999,FRAME
cmiw6axl803laitntjgi6n9dv,"",Line Art,,XL 2075,Pink,PK,51,17,135,883475897463,,,124.99,375,1,,,t,2025-12-07 20:26:37.581,2025-12-07 20:26:37.581,t,f,999,FRAME
cmiw6axzq03lcitnt6reryn5n,"",Line Art,,XL 2212,Gray,GR,54,16,140,883475618358,,,119.99,360,0,,,t,2025-12-07 20:26:38.06,2025-12-07 20:26:38.06,t,f,999,FRAME
cmiw6ay6503lditntsbq1egl5,"",Aero,,F59,BLK/ORA,,53,16,140,891160563104,,,60,180,2,,,t,2025-12-07 20:26:38.334,2025-12-07 20:26:38.334,t,f,999,FRAME
cmiw6ayko03lfitntijm8wi2v,"",Aero,,F59,RED/GRY,,53,16,140,891160563128,,,60,180,1,,,t,2025-12-07 20:26:38.856,2025-12-07 20:26:38.856,t,f,999,FRAME
cmiw6ayxk03lhitntpgnm8dcm,"",Aero,,F59,BRN/CRY,,53,16,140,891160563111,,,60,180,1,,,t,2025-12-07 20:26:39.321,2025-12-07 20:26:39.321,t,f,999,FRAME
cmiw6aza003ljitnt8wpnhd1l,"",Line Art,,XL 2000,Black,BK,51,19,135,883475385731,,,139.99,420,1,,,t,2025-12-07 20:26:39.768,2025-12-07 20:26:39.768,t,f,999,FRAME
cmiw6azmn03llitnte8cgnzg5,"",Line Art,,XL 2041,Gold White,GW,53,16,135,883475709568,,,169.99,510,1,,,t,2025-12-07 20:26:40.223,2025-12-07 20:26:40.223,t,f,999,FRAME
cmiw6azz603lnitnthfndsh63,"",Vivid,,VIVID KIDS 143,BLUE/PURPLE/PINKBLUE,3,48,14,130,,,,69.99,149,1,,,t,2025-12-07 20:26:40.674,2025-12-07 20:26:40.674,t,f,999,FRAME
cmiw6b0bq03lpitnt0kr0w1co,"",Vivid,,VIVID KIDS 150,wine,,48,14,130,,,,69.99,149,1,,,t,2025-12-07 20:26:41.126,2025-12-07 20:26:41.126,t,f,999,FRAME
cmiw6b0om03lritntv8h2soue,"",Vivid,,VIVID KIDS 145,purple/cotton candy,1,50,15,135,,,,69.99,149,1,,,t,2025-12-07 20:26:41.591,2025-12-07 20:26:41.591,t,f,999,FRAME
cmiw6b11903ltitntwr20gtr1,"",Vivid,,VIVID KIDS 133,WINE/BLUE,,44,15,125,,,,69.99,149,1,,,t,2025-12-07 20:26:42.045,2025-12-07 20:26:42.045,t,f,999,FRAME
cmiw6b1e203lvitnt1h6w1diq,"",Vivid,,VIVID KIDS 142,purple,,45,16,125,,,,69.99,149,1,,,t,2025-12-07 20:26:42.506,2025-12-07 20:26:42.506,t,f,999,FRAME
cmiw6b1qm03lxitntcgtu1e3d,"",Aero,,F62,BLK/GRY,,53,15,140,891160563210,,,60,180,2,,,t,2025-12-07 20:26:42.958,2025-12-07 20:26:42.958,t,f,999,FRAME
cmiw6b23h03lzitntfn8bkvch,"",Aero,,F62,BRN/CRY,,53,15,140,891160563241,,,60,180,1,,,t,2025-12-07 20:26:43.421,2025-12-07 20:26:43.421,t,f,999,FRAME
cmiw6b2fv03m1itntpwa89mfq,"",Aero,,F62,RED/CRY,,53,15,140,891160563234,,,60,180,1,,,t,2025-12-07 20:26:43.867,2025-12-07 20:26:43.867,t,f,999,FRAME
cmiw6b2sh03m3itnt8kvmlaps,"",Aero,,F62,GRY/BLU,,53,15,140,891160563227,,,60,180,1,,,t,2025-12-07 20:26:44.322,2025-12-07 20:26:44.322,t,f,999,FRAME
cmiw6b35403m5itnt03v2pm3k,"",Vivid,,VIVID KIDS 141,demi/blue,,46,17,130,,,,69.99,149,1,,,t,2025-12-07 20:26:44.776,2025-12-07 20:26:44.776,t,f,999,FRAME
cmiw6b3hq03m7itnt7hio4h2t,"",Aero,,F61,GRY/NVY,,55,13,140,891160563197,,,60,180,1,,,t,2025-12-07 20:26:45.231,2025-12-07 20:26:45.231,t,f,999,FRAME
cmiw6b3ub03m9itntv6w0ohpt,"",Aero,,F61,NVY/CRY,,55,13,140,891160563203,,,60,180,1,,,t,2025-12-07 20:26:45.683,2025-12-07 20:26:45.683,t,f,999,FRAME
cmiw6b46r03mbitntjcd5z7un,"",Vivid,,VIVID KIDS 141,demi/green,,46,17,130,,,,69.99,149,1,,,t,2025-12-07 20:26:46.131,2025-12-07 20:26:46.131,t,f,999,FRAME
cmiw6b4jb03mditntp0b91zhf,"",Vivid,,VIVID KIDS 137,blue,,45,16,125,,,,69.99,149,1,,,t,2025-12-07 20:26:46.584,2025-12-07 20:26:46.584,t,f,999,FRAME
cmiw6b4wk03mfitntadlpk5br,"",Aero,,F60,BLK/CRY,,53,17,140,891160563135,,,60,180,1,,,t,2025-12-07 20:26:47.061,2025-12-07 20:26:47.061,t,f,999,FRAME
cmiw6b59303mhitnt3lirijyc,"",Aero,,F60,CRY/BLK,,53,17,140,891160563142,,,60,180,1,,,t,2025-12-07 20:26:47.511,2025-12-07 20:26:47.511,t,f,999,FRAME
cmiw6b5m103mjitntuovj2paq,"",Aero,,F60,BRN/NVY,,53,17,140,891160563159,,,60,180,1,,,t,2025-12-07 20:26:47.977,2025-12-07 20:26:47.977,t,f,999,FRAME
cmiw6b5yk03mlitnt8cbo5ugq,"",Vivid,,VIVID KIDS 148,Blue Fade,,47,17,130,,,,69.99,149,1,,,t,2025-12-07 20:26:48.428,2025-12-07 20:26:48.428,t,f,999,FRAME
cmiw6b6cc03mnitntjos9akye,"",Vivid,,VIVID KIDS 140,black/crystal,,44,20,130,,,,69.99,149,1,,,t,2025-12-07 20:26:48.924,2025-12-07 20:26:48.924,t,f,999,FRAME
cmiw6b6p203mpitntmuzl0zo1,"",Vivid,,VIVID KIDS 147,brown/blue,,48,16,130,,,,69.99,149,1,,,t,2025-12-07 20:26:49.382,2025-12-07 20:26:49.382,t,f,999,FRAME
cmiw6b7h003mritnt00g2p356,"",Vivid,,VIVID KIDS 135,KHAKI,3,45,16,125,,,,69.99,149,1,,,t,2025-12-07 20:26:49.859,2025-12-07 20:26:49.859,t,f,999,FRAME
cmiw6b7uq03mtitntuw7dasaz,"",Vivid,,VIVID KIDS 132,black/white,,46,15,125,,,,69.99,149,1,,,t,2025-12-07 20:26:50.882,2025-12-07 20:26:50.882,t,f,999,FRAME
cmiw6b87z03mvitntbkshgc4x,"",Vivid,,VIVID KIDS 138,pink,,48,17,135,,,,69.99,149,1,,,t,2025-12-07 20:26:51.359,2025-12-07 20:26:51.359,t,f,999,FRAME
cmiw6b8kw03mxitnte95t0vf1,"",Vivid,,VIVID KIDS 146,red/pink,,48,16,130,,,,69.99,149,1,,,t,2025-12-07 20:26:51.824,2025-12-07 20:26:51.824,t,f,999,FRAME
cmiw6b8y703mzitnt12gswag2,"",Vivid,,VIVID KIDS 144,PINK/BLACK/RED/PINK,3,48,16,130,,,,69.99,149,1,,,t,2025-12-07 20:26:52.304,2025-12-07 20:26:52.304,t,f,999,FRAME
cmiw6b9cp03n1itntf6cfjmlg,"",Vivid,,VIVID KIDS 149,matt demi/red,,48,16,130,,,,69.99,149,1,,,t,2025-12-07 20:26:52.826,2025-12-07 20:26:52.826,t,f,999,FRAME
cmiw6b9py03n3itntslvf9lyi,"",Aero,,F63,PUR,,50,17,140,891160575411,,,62,186,1,,,t,2025-12-07 20:26:53.302,2025-12-07 20:26:53.302,t,f,999,FRAME
cmiw6ba3203n5itntfs1a9nta,"",Aero,,F64,BRN,,54,16,145,891160575428,,,62,186,1,,,t,2025-12-07 20:26:53.774,2025-12-07 20:26:53.774,t,f,999,FRAME
cmiw6bagj03n7itnt5ln8qylb,"",Aero,,F65,BRN/WHT,,52,14,140,891160575473,,,62,186,1,,,t,2025-12-07 20:26:54.26,2025-12-07 20:26:54.26,t,f,999,FRAME
cmiw6bau103n9itntzjy5zn96,"",Aero,,F65,RED/PUR,,52,14,140,891160575466,,,62,186,1,,,t,2025-12-07 20:26:54.746,2025-12-07 20:26:54.746,t,f,999,FRAME
cmiw6bb7o03nbitntau3kr2qm,"",Aero,,F67,BLK/CRY,,53,18,145,891160581931,,,65,186,1,,,t,2025-12-07 20:26:55.236,2025-12-07 20:26:55.236,t,f,999,FRAME
cmiw6bbkp03nditnthcsjzsr1,"",189 Optical Corporate,,OC306,Brown,,48,18,130,,,,65,149,1,,,t,2025-12-07 20:26:55.705,2025-12-07 20:26:55.705,t,f,999,FRAME
cmiw6bbyz03nfitntzympzdp4,"",189 Optical Corporate,,OC318,Tortoise,,47,19,135,,,,65,149,1,,,t,2025-12-07 20:26:56.219,2025-12-07 20:26:56.219,t,f,999,FRAME
cmiw6bcc803nhitntbyx6xwhp,"",189 Optical Corporate,,OC319,Tortoise,,48,18,,,,,65,149,2,,,t,2025-12-07 20:26:56.696,2025-12-07 20:26:56.696,t,f,999,FRAME
cmiw6bcpl03njitnttsoz437t,"",189 Optical Corporate,,OC109,CHOCOLATE,,46,16,125,,,,65,149,1,,,t,2025-12-07 20:26:57.177,2025-12-07 20:26:57.177,t,f,999,FRAME
cmiw6bd2q03nlitnthr0umrt7,"",189 Optical Corporate,,OC319,Black/Aqua,,48,18,135,849344034452,,,65,149,1,,,t,2025-12-07 20:26:57.651,2025-12-07 20:26:57.651,t,f,999,FRAME
cmiw6bdfr03nnitntlulxtzay,"",189 Optical Corporate,,OC110,Violet,,48,17,130,,,,65,149,1,,,t,2025-12-07 20:26:58.12,2025-12-07 20:26:58.12,t,f,999,FRAME
cmiw6be6t03nritntdgshnuqt,"",Charmant USA,,CH 12098,WG,,51,,,,,,100,300,1,,,t,2025-12-07 20:26:59.093,2025-12-07 20:26:59.093,t,f,999,FRAME
cmiw6bekg03ntitntxozw6r68,"",Titanium,,CH 12306,Black,,54,17,140,,,,90,270,1,,,t,2025-12-07 20:26:59.585,2025-12-07 20:26:59.585,t,f,999,FRAME
cmiw6bexx03nvitntemc0gc78,"",Titanium,,CH 12303,Brown,BR,55,17,140,,,,90,270,1,,,t,2025-12-07 20:27:00.069,2025-12-07 20:27:00.069,t,f,999,FRAME
cmiw6bfbn03nxitnta2tol45b,"",Titanium,,CH 12255P,Gray,GR,52,20,135,,,,90,360,1,,,t,2025-12-07 20:27:00.563,2025-12-07 20:27:00.563,t,f,999,FRAME
cmiw6bfp203nzitntoez6avvv,"",Titanium,,CH 12252P,Black,BK,62,13,130,,,,90,270,1,,,t,2025-12-07 20:27:01.047,2025-12-07 20:27:01.047,t,f,999,FRAME
cmiw6bg4v03o1itntmrnhhfe3,"",Nike,,Nike 8100/2,(015) Matte Black,015,53,16,140,883121946750,,,91,273,1,,,t,2025-12-07 20:27:01.615,2025-12-07 20:27:01.615,t,f,999,FRAME
cmiw6bgn703o3itnt6c0t4cdg,"",Nike,,NIKE 7230,(060) Matte Grey Tortoise/Black,060,52,16,140,886895239998,,,91,273,1,,,t,2025-12-07 20:27:02.275,2025-12-07 20:27:02.275,t,f,999,FRAME
cmiw6bh4l03o5itntykun9aqw,"",Nike,,NIKE 7091,(411) Mt Crystal Ny/Cry Bleach Turq,411,54,16,140,886895207737,,,78,234,1,,,t,2025-12-07 20:27:02.902,2025-12-07 20:27:02.902,t,f,999,FRAME
cmiw6bhn103o7itnty1h36ulx,"",Nike,,NIKE 6059,(068) SATIN GUNMETAL/VOLT,068,53,16,145,886895263726,,,121,363,1,,,t,2025-12-07 20:27:03.565,2025-12-07 20:27:03.565,t,f,999,FRAME
cmiw6bi4z03o9itntef7435g7,"",Nike,,NIKE 6056,(067) GUNMETAL/BLACK,067,56,17,145,883121987524,,,121,363,1,,,t,2025-12-07 20:27:04.212,2025-12-07 20:27:04.212,t,f,999,FRAME
cmiw6bilk03obitnt3naghd7c,"",Nike,,EV0882,Red/Black,626,58,18,135,,,,78,234,2,,,t,2025-12-07 20:27:04.808,2025-12-07 20:27:04.808,t,f,999,FRAME
cmiw6biz303oditntojalipc9,"",Ray-Ban,,RB3534,Black,002,62,17,135,,,,99,222,1,,,t,2025-12-07 20:27:05.296,2025-12-07 20:27:05.296,t,f,999,FRAME
cmiw6bjdd03ofitntbu2g13at,"",Ray-Ban,,RB3136,Gunmetal,004,58,15,140,,,,80,200,1,,,t,2025-12-07 20:27:05.809,2025-12-07 20:27:05.809,t,f,999,FRAME
cmiw6bjqm03ohitnteoy1txd0,"",Ray-Ban Rx,,RX8416,Gunmetal/Matte Blue,2914,55,17,145,8053672667646,,,86.86,261,2,,,t,2025-12-07 20:27:06.286,2025-12-07 20:27:06.286,t,f,999,FRAME
cmiw6bk9b03ojitnt0ypyxjj7,"",Ray-Ban Rx,,RX6286,Shiny Black,2509,54,17,140,8053672187342,,,82.39,249,1,,,t,2025-12-07 20:27:06.959,2025-12-07 20:27:06.959,t,f,999,FRAME
cmiw6bkrw03olitntj69ro3gg,"",Ray-Ban Rx,,RX7017,Matte Havana,5200,54,17,145,8053672061857,,,68.99,207,1,,,t,2025-12-07 20:27:07.628,2025-12-07 20:27:07.628,t,f,999,FRAME
cmiw6bl8n03onitnt2n86muhn,"",Ray-Ban Rx,,RX5184 NEW WAYFARER,Havana,2144,52,18,145,805289342397,,,68.99,207,1,,,t,2025-12-07 20:27:08.231,2025-12-07 20:27:08.231,t,f,999,FRAME
cmiw6blqg03opitntuvb5v802,"",Ray-Ban,,RB2027,Black,601/W1,62,,,,,,73.25,220,1,,,t,2025-12-07 20:27:08.872,2025-12-07 20:27:08.872,t,f,999,FRAME
cmiw6bm8203oritntix7urslc,"",Ray-Ban,,RB 3538,Brown,9006/A8,53,19,145,,,,92,276,1,,,t,2025-12-07 20:27:09.507,2025-12-07 20:27:09.507,t,f,999,FRAME
cmiw6bml703otitnt1w57ta9c,"",Ray-Ban Rx,,RX6373M,Brushed Blue,2924,52,20,145,8053672683943,,,68.99,207,1,,,t,2025-12-07 20:27:09.979,2025-12-07 20:27:09.979,t,f,999,FRAME
cmiw6bmyh03ovitntt5ietbnd,"",Coach,,HC 8159,Teal Confetti/Teal,53374S,55,16,135,,,,67,201,2,,,t,2025-12-07 20:27:10.458,2025-12-07 20:27:10.458,t,f,999,FRAME
cmiw6bnbq03oxitnt02f4u4qv,"",Harley-Davidson,,HD 470,GUNMETAL,GUN,54,17,145,715583704251,,,50.95,153,0,,,t,2025-12-07 20:27:10.934,2025-12-07 20:27:10.934,t,f,999,FRAME
cmiw6bnif03oyitntueq67aew,"",Harley-Davidson,,HD 489,ANTIQUE GUN,AGUN,54,19,145,715583877016,,,0,76.5,1,,,t,2025-12-07 20:27:11.175,2025-12-07 20:27:11.175,t,f,999,FRAME
cmiw6bo0i03p0itntrbuwe7mf,"",Harley-Davidson,,HD 403,ANTIQUE GUNMETAL,AGUN,59,17,145,715583392731,,,50.95,153,1,,,t,2025-12-07 20:27:11.826,2025-12-07 20:27:11.826,t,f,999,FRAME
cmiw6bogw03p2itnte32nj960,"",Harley-Davidson,,HD 494,SHINY GUNMETAL,GUN,57,18,145,715583911147,,,76.5,249,1,,,t,2025-12-07 20:27:12.416,2025-12-07 20:27:12.416,t,f,999,FRAME
cmiw6boxl03p4itntfwl082sb,"",Harley-Davidson,,HD0713 (HD 713),SATIN BROWN,BRN,50,20,145,715583365865,,,55,153,1,,,t,2025-12-07 20:27:13.017,2025-12-07 20:27:13.017,t,f,999,FRAME
cmiw6bpfr03p6itntyhx8w9ho,"",Harley-Davidson,,HD0712 (HD 712),SATIN BROWN,BRN,56,20,145,715583377929,,,55,153,1,,,t,2025-12-07 20:27:13.672,2025-12-07 20:27:13.672,t,f,999,FRAME
cmiw6bpwn03p8itnt1jd119wf,"",Harley-Davidson,,HD0518 (HD 518),SHINY VIOLET,084,54,18,135,715583499867,,,59,165,1,,,t,2025-12-07 20:27:14.279,2025-12-07 20:27:14.279,t,f,999,FRAME
cmiw6bqab03paitnt9lep46go,"",Harley-Davidson,,HD 473,SHINY DARK NAVY,NV,52,17,145,715583795990,,,61.95,180,1,,,t,2025-12-07 20:27:14.772,2025-12-07 20:27:14.772,t,f,999,FRAME
cmiw6bqnw03pcitnt2s665jiq,"",John Lennon,,Instant Karma,Black,BLK,46,21,140,,,,0,90,1,,,t,2025-12-07 20:27:15.26,2025-12-07 20:27:15.26,t,f,999,FRAME
cmiw6br1503peitntg4hoo0n9,"",John Lennon,,JL 260,Antique Pewter,2,39,22,140,,,,59,180,1,,,t,2025-12-07 20:27:15.737,2025-12-07 20:27:15.737,t,f,999,FRAME
cmiw6bren03pgitntu93k8ex7,"",John Lennon,,JL 308,Gold,GOLD,43,18,143,,,,59,180,2,,,t,2025-12-07 20:27:16.224,2025-12-07 20:27:16.224,t,f,999,FRAME
cmiw6brrr03piitntvi2frevj,"",John Lennon,,Wheels,Gunmetal,2,42,25,135,653385130415,,,0,126,1,,,t,2025-12-07 20:27:16.696,2025-12-07 20:27:16.696,t,f,999,FRAME
cmiw6bs5403pkitntya5icug6,"",John Lennon,,JL 04,Gunmetal/Tortoise,2,43,25,145,653385132948,,,49,180,1,,,t,2025-12-07 20:27:17.176,2025-12-07 20:27:17.176,t,f,999,FRAME
cmiw6bsi603pmitntq45n22c0,"",John Lennon,,JL 310,Satin Gold,SG,45,21,135,,,,59,180,1,,,t,2025-12-07 20:27:17.646,2025-12-07 20:27:17.646,t,f,999,FRAME
cmiw6bsv103poitntmdh81urc,"",John Lennon Lifestyles,,JL 506,Brown/Coffee,2,53,18,145,653385132291,,,59,180,1,,,t,2025-12-07 20:27:18.11,2025-12-07 20:27:18.11,t,f,999,FRAME
cmiw6bt8u03pqitnt2iif2ghl,"",John Lennon,,JL 01B,Antique Gold,3,45,20,140,,,,59,177,1,,,t,2025-12-07 20:27:18.607,2025-12-07 20:27:18.607,t,f,999,FRAME
cmiw6btm803psitnt0duqdfxs,"",John Lennon,,JL 09B,Tort/Green,CA6,46,21,140,,,,60,180,1,,,t,2025-12-07 20:27:19.088,2025-12-07 20:27:19.088,t,f,999,FRAME
cmiw6btzc03puitnti41dkzoy,"",John Lennon,,Look At Me,Gun,02,42,21,140,,,,41.33,124,2,,,t,2025-12-07 20:27:19.561,2025-12-07 20:27:19.561,t,f,999,FRAME
cmiw6buch03pwitntyi0bjlk8,"",John Lennon,,Look At Me,Gold,CA,42,21,140,,,,41.33,124,1,,,t,2025-12-07 20:27:20.033,2025-12-07 20:27:20.033,t,f,999,FRAME
cmiw6bupz03pyitntlstthfez,"",John Lennon,,Starting Over,Black,12,45,22,145,,,,60,180,1,,,t,2025-12-07 20:27:20.52,2025-12-07 20:27:20.52,t,f,999,FRAME
cmiw6bv4k03q0itntzvbexjps,"",John Lennon,,JL 01,Gold,SG,45,22,140,,,,60,180,0,,,t,2025-12-07 20:27:21.044,2025-12-07 20:27:21.044,t,f,999,FRAME
cmiw6bvb403q1itntgn7sbt5h,"",John Lennon,,JL 3005,Black,BLK,53,18,135,,,,69,207,1,,,t,2025-12-07 20:27:21.28,2025-12-07 20:27:21.28,t,f,999,FRAME
cmiw6bvo803q3itntv1oksdnu,"",John Lennon,,Ticket To Ride,Light Brown/Tortoise,1,54,15,140,653385200321,,,59,180,1,,,t,2025-12-07 20:27:21.753,2025-12-07 20:27:21.753,t,f,999,FRAME
cmiw6bw1f03q5itntgk3oluzu,"",Jaguar,,JG33071,Brown-Gold,600,56,15,140,,,,115,345,1,,,t,2025-12-07 20:27:22.227,2025-12-07 20:27:22.227,t,f,999,FRAME
cmiw6bwel03q7itnt39f2mcfo,"",Jaguar,,JG31017,Mat Black-Rust,8840,55,16,,751582178846,,,99,297,1,,,t,2025-12-07 20:27:22.702,2025-12-07 20:27:22.702,t,f,999,FRAME
cmiw6bwrx03q9itnt0pdt8ps0,"",Callaway,,Callaway Rockwall,Gunmetal,,54,18,140,838889063560,,,67.99,201,1,,,t,2025-12-07 20:27:23.181,2025-12-07 20:27:23.181,t,f,999,FRAME
cmiw6bx5203qbitnt1v22ewtf,"",Callaway,,1201,Gun,,58,17,130,,,,89,267,1,,,t,2025-12-07 20:27:23.655,2025-12-07 20:27:23.655,t,f,999,FRAME
cmiw6bxi703qditnty92tkrkg,"",Callaway,,Callaway Inkster,Brown,,55,18,140,838889062686,,,49.99,150,1,,,t,2025-12-07 20:27:24.128,2025-12-07 20:27:24.128,t,f,999,FRAME
cmiw6bxvh03qfitntbyf5wlgl,"",Lacoste,,L2713,(214) Havana,214,52,16,140,886895239929,,,91,273,0,,,t,2025-12-07 20:27:24.606,2025-12-07 20:27:24.606,t,f,999,FRAME
cmiw6by2803qgitntz3r62zhr,"",Lacoste,,L3612,(001) Black,001,49,15,135,883121981911,,,47,141,1,,,t,2025-12-07 20:27:24.848,2025-12-07 20:27:24.848,t,f,999,FRAME
cmiw6byf903qiitntt0ck554s,"",Lacoste,,L2672,(315) Green Havana,315,52,17,140,886895222655,,,69,207,1,,,t,2025-12-07 20:27:25.318,2025-12-07 20:27:25.318,t,f,999,FRAME
cmiw6bysg03qkitntoo1tm4v0,"",Lacoste,,L2721,(001) Black,001,53,16,145,886895201575,,,84,252,1,,,t,2025-12-07 20:27:25.793,2025-12-07 20:27:25.793,t,f,999,FRAME
cmiw6bz5j03qmitntd1j21pfo,"",Lacoste,,L778S,Black,002,52,20,140,,,,83,249,1,,,t,2025-12-07 20:27:26.263,2025-12-07 20:27:26.263,t,f,999,FRAME
cmiw6bzil03qoitntctlg49ke,"",Ray-Ban Rx,,RX5255,TOP HAVANA ON TRANSPAREN,5075,53,16,135,805289559207,,,68.99,207,1,,,t,2025-12-07 20:27:26.734,2025-12-07 20:27:26.734,t,f,999,FRAME
cmiw6bzvk03qqitntugd3znh6,"",Ray-Ban Rx,,RX5298,Havana,5549,53,17,135,8053672430301,,,68.99,207,1,,,t,2025-12-07 20:27:27.2,2025-12-07 20:27:27.2,t,f,999,FRAME
cmiw6c08m03qsitntplnwu106,"",Ray-Ban Rx,,RX6345,Top Brushed Violet On Si,2864,54,17,135,8053672456318,,,64.52,195,1,,,t,2025-12-07 20:27:27.671,2025-12-07 20:27:27.671,t,f,999,FRAME
cmiw6c0lm03quitntb4wdz5sg,"",Ray-Ban Rx,,RX6378,Gold/Shiny Brown,2905,49,21,145,8053672667356,,,68.99,207,1,,,t,2025-12-07 20:27:28.139,2025-12-07 20:27:28.139,t,f,999,FRAME
cmiw6c10203qwitnt2edgt28c,"",Ray-Ban Rx,,RX4246V CLUBROUND,TOP HAVANA ON OPAL PEACH,5239,49,19,140,8053672552126,,,70.24,211,1,,,t,2025-12-07 20:27:28.658,2025-12-07 20:27:28.658,t,f,999,FRAME
cmiw6c1da03qyitntja1d0rj7,"",Ray-Ban,,RB 3546,Blue,9010/9U,52,20,145,,,,92,276,1,,,t,2025-12-07 20:27:29.134,2025-12-07 20:27:29.134,t,f,999,FRAME
cmiw6c1qs03r0itnt40gh7ozc,"",Op-Ocean Pacific,,Brooks Beach,TORTOISE MULTI,,50,16,140,,,,51.99,156,1,,,t,2025-12-07 20:27:29.621,2025-12-07 20:27:29.621,t,f,999,FRAME
cmiw6c24803r2itntgj4g122q,"",Op-Ocean Pacific,,Sherbet,Root Beer,,51,15,140,886453317281,,,51.99,156,1,,,t,2025-12-07 20:27:30.104,2025-12-07 20:27:30.104,t,f,999,FRAME
cmiw6c2hn03r4itnteyfvlfiu,"",Op-Ocean Pacific,,Sundae,BLUEBERRY,,51,20,145,886453325262,,,51.99,156,1,,,t,2025-12-07 20:27:30.587,2025-12-07 20:27:30.587,t,f,999,FRAME
cmiw6c2uz03r6itntgxka8rm5,"",Op-Ocean Pacific,,Flamenco Beach,RED,,51,16,135,886453315287,,,51.99,156,1,,,t,2025-12-07 20:27:31.067,2025-12-07 20:27:31.067,t,f,999,FRAME
cmiw6c38h03r8itntu5wfylqa,"",Op-Ocean Pacific,,Notorious,Black,,59,18,135,,,,39,119,1,,,t,2025-12-07 20:27:31.554,2025-12-07 20:27:31.554,t,f,999,FRAME
cmiw6c3lt03raitnt6z5etzmp,"",Op-Ocean Pacific,,Notorious,Tort,,59,18,135,,,,39,119,1,,,t,2025-12-07 20:27:32.033,2025-12-07 20:27:32.033,t,f,999,FRAME
cmiw6c3z303rcitntb7ffon2w,"",Op-Ocean Pacific,,Blasted,Black Laminate,,54,17,135,,,,39,119,1,,,t,2025-12-07 20:27:32.511,2025-12-07 20:27:32.511,t,f,999,FRAME
cmiw6c4cc03reitntnblfap43,"",Op-Ocean Pacific,,Blasted,Navy Laminate,,54,17,135,,,,39,119,1,,,t,2025-12-07 20:27:32.988,2025-12-07 20:27:32.988,t,f,999,FRAME
cmiw6c4pg03rgitnt03dmgy63,"",Op-Ocean Pacific,,Pearl,Gold,,60,14,135,,,,40,120,0,,,t,2025-12-07 20:27:33.461,2025-12-07 20:27:33.461,t,f,999,FRAME
cmiw6c4w603rhitnty22qb6a8,"",Op-Ocean Pacific,,Pearl,Rose Gold,,60,14,135,,,,40,120,1,,,t,2025-12-07 20:27:33.703,2025-12-07 20:27:33.703,t,f,999,FRAME
cmiw6c59b03rjitnt1nqvpjmy,"",Op-Ocean Pacific,,Pilot,Black,,63,16,130,,,,39,119,1,,,t,2025-12-07 20:27:34.175,2025-12-07 20:27:34.175,t,f,999,FRAME
cmiw6c5mp03rlitntnkyd9sk6,"",John Lennon,,Mind Games,Demi Amber/Gold,DA,50,21,145,,,,59,177,1,,,t,2025-12-07 20:27:34.657,2025-12-07 20:27:34.657,t,f,999,FRAME
cmiw6c60503rnitnt4abauw2r,"",John Lennon,,Mind Games,Black,BLACK,50,21,145,,,,59,177,1,,,t,2025-12-07 20:27:35.141,2025-12-07 20:27:35.141,t,f,999,FRAME
cmiw6c6da03rpitntsil6mu7x,"",John Lennon,,In My Life,Tortoise,2,52,20,142,653385131969,,,59,180,1,,,t,2025-12-07 20:27:35.614,2025-12-07 20:27:35.614,t,f,999,FRAME
cmiw6c6rn03rritnthmrmaaso,"",Danny Gokey,,DG53,M.MARBLE,,50,17,140,891160575367,,,62,186,1,,,t,2025-12-07 20:27:36.131,2025-12-07 20:27:36.131,t,f,999,FRAME
cmiw6c74y03rtitntq7s5pn3u,"",Danny Gokey,,DG57,NAVY,,48,21,140,891160582600,,,62,186,0,,,t,2025-12-07 20:27:36.611,2025-12-07 20:27:36.611,t,f,999,FRAME
cmiw6c7br03ruitntk9602uz6,"",Danny Gokey,,DG 25,OLV/TORT,OLV/TORT,51,18,140,891160524532,,,60,180,1,,,t,2025-12-07 20:27:36.856,2025-12-07 20:27:36.856,t,f,999,FRAME
cmiw6c7p203rwitntvzf8puuv,"",Danny Gokey,,DG35,BLUE,,50,19,140,891160547302,,,60,180,1,,,t,2025-12-07 20:27:37.334,2025-12-07 20:27:37.334,t,f,999,FRAME
cmiw6c82d03ryitntf0sv3kd4,"",Polo,,PH2163,Shiny Dark Havana,5003,52,17,145,8053672662221,,,70.91,213,1,,,t,2025-12-07 20:27:37.813,2025-12-07 20:27:37.813,t,f,999,FRAME
cmiw6c8fh03s0itntb3y8r7p2,"",Izod,,Izod 408,Black,,53,17,145,765658998184,,,55.99,168,1,,,t,2025-12-07 20:27:38.286,2025-12-07 20:27:38.286,t,f,999,FRAME
cmiw6c8tn03s2itnt5otkl2jo,"",Izod,,3009,SILVER,,52,17,140,886453343471,,,66.99,201,1,,,t,2025-12-07 20:27:38.796,2025-12-07 20:27:38.796,t,f,999,FRAME
cmiw6c97403s4itnttclsq3vr,"",Izod,,Izod 437,INK,,51,17,130,886453237251,,,65.99,198,1,,,t,2025-12-07 20:27:39.28,2025-12-07 20:27:39.28,t,f,999,FRAME
cmiw6c9k703s6itnttqmfh1d9,"",Izod,,3802,BLACK,,48,17,130,886453337364,,,56.99,171,1,,,t,2025-12-07 20:27:39.751,2025-12-07 20:27:39.751,t,f,999,FRAME
cmiw6c9xk03s8itntxumsccmc,"",Izod,,Izod 2006,BLACK,,54,18,140,886453272634,,,55.99,168,1,,,t,2025-12-07 20:27:40.232,2025-12-07 20:27:40.232,t,f,999,FRAME
cmiw6caat03saitntb80tq69o,"",Izod,,2014,BLACK,,56,18,150,886453316475,,,55.99,168,1,,,t,2025-12-07 20:27:40.709,2025-12-07 20:27:40.709,t,f,999,FRAME
cmiw6caoe03scitnt8u5s46fn,"",Izod,,Izod 439,PEWTER,,54,17,135,886453237503,,,65.99,198,1,,,t,2025-12-07 20:27:41.198,2025-12-07 20:27:41.198,t,f,999,FRAME
cmiw6cb1s03seitnto2pnkjfq,"",Stepper Eyewear,,Stepper 60064,Gunmetal F022,,55,17,140,838889018027,,,73.99,219,1,,,t,2025-12-07 20:27:41.68,2025-12-07 20:27:41.68,t,f,999,FRAME
cmiw6cber03sgitntawd34rnu,"",Stepper Eyewear,,Stepper 60022,Brown,,56,18,145,838889016641,,,68.5,213,1,,,t,2025-12-07 20:27:42.148,2025-12-07 20:27:42.148,t,f,999,FRAME
cmiw6cbs303siitnti4l9r7sh,"",Stepper Eyewear,,60072 SI,Black F092,,58,15,140,838889017266,,,73.99,219,2,,,t,2025-12-07 20:27:42.627,2025-12-07 20:27:42.627,t,f,999,FRAME
cmiw6cc5203skitntnw56jo03,"",Gant,,G STELLAN,TORTOISE,TO,54,17,140,715583623361,,,56.95,165,1,,,t,2025-12-07 20:27:43.094,2025-12-07 20:27:43.094,t,f,999,FRAME
cmiw6g2h004c8itntrqvxfnf2,"",Nike,,EVO580,Black,001,60,16,135,,,,58,174,1,,,t,2025-12-07 20:30:37.188,2025-12-07 20:30:37.188,t,f,999,FRAME
cmiw6cci203smitnt190w2fl7,"",Gant,,G 3004,MATTE TORTOISE,MTO,53,17,145,715583968219,,,61.95,180,1,,,t,2025-12-07 20:27:43.563,2025-12-07 20:27:43.563,t,f,999,FRAME
cmiw6ccv503soitntq7g2ufzq,"",Gant,,G 107,TORTOISE,TO,54,19,145,715583790056,,,0,90,1,,,t,2025-12-07 20:27:44.034,2025-12-07 20:27:44.034,t,f,999,FRAME
cmiw6cd8503sqitntu9f1azn9,"",Gant,,G 104,SATIN GUNMETAL,SGUNTO,58,19,150,715583793569,,,55,165,1,,,t,2025-12-07 20:27:44.502,2025-12-07 20:27:44.502,t,f,999,FRAME
cmiw6cdli03ssitntzkxvyofb,"",Safilo Elasta,,LIB. 1321,Brown Gold,003R,52,21,145,762753375537,,,0,90,1,,,t,2025-12-07 20:27:44.982,2025-12-07 20:27:44.982,t,f,999,FRAME
cmiw6cdym03suitntf6e4svod,"",Safilo Elasta,,E 7209,Lightbrown,01WK,48,20,140,716737475614,,,69,195,1,,,t,2025-12-07 20:27:45.454,2025-12-07 20:27:45.454,t,f,999,FRAME
cmiw6cebt03switnti303g10n,"",Safilo Team,,TEAM 4146,Almond Brown,0JVZ,50,19,145,716737171219,,,62.95,189,1,,,t,2025-12-07 20:27:45.929,2025-12-07 20:27:45.929,t,f,999,FRAME
cmiw6ceox03syitntsgkz4ffg,"",Safilo Elasta,,ELASTA 3095,Ruthenium,01J1,53,19,145,716737465509,,,67,201,1,,,t,2025-12-07 20:27:46.401,2025-12-07 20:27:46.401,t,f,999,FRAME
cmiw6cf2803t0itnt3tl1aedn,"",Nautica,,N8119,(031) MATTE SMOKE HORN,031,53,18,140,688940452778,,,65,195,0,,,t,2025-12-07 20:27:46.88,2025-12-07 20:27:46.88,t,f,999,FRAME
cmiw6cf8s03t1itntg3nt7vln,"",Nautica,,N7259,(027) Gunmetal,027,55,19,140,688940449068,,,58,174,1,,,t,2025-12-07 20:27:47.116,2025-12-07 20:27:47.116,t,f,999,FRAME
cmiw6cfls03t3itntbtax5c7k,"",Nautica,,N8068,Ocean,418,53,19,140,,,,65,195,1,,,t,2025-12-07 20:27:47.585,2025-12-07 20:27:47.585,t,f,999,FRAME
cmiw6cfzd03t5itnthzigkxij,"",Carrera,,CA7370,Black,0TZ7,52,19,140,780073777473,,,69,192,1,,,t,2025-12-07 20:27:48.073,2025-12-07 20:27:48.073,t,f,999,FRAME
cmiw6cgct03t7itntcp7af76g,"",Carrera,,CARRERA 5537,Almond Havana,0MS3,50,16,130,716737738054,,,58,174,1,,,t,2025-12-07 20:27:48.557,2025-12-07 20:27:48.557,t,f,999,FRAME
cmiw6cgq203t9itntgy6rcpzt,"",Carrera,,CARRERA 5508,Havblackdkgray,0DAX,52,16,140,762753423092,,,58,174,1,,,t,2025-12-07 20:27:49.034,2025-12-07 20:27:49.034,t,f,999,FRAME
cmiw6ch3203tbitntekroilds,"",Carrera,,CARRERA 5509,Redgoldburgundy,0DCI,53,17,140,762753423382,,,58,174,1,,,t,2025-12-07 20:27:49.503,2025-12-07 20:27:49.503,t,f,999,FRAME
cmiw6chgc03tditntvanr9f1z,"",Carrera,,CARRERA 5536,Opal Havana,0MT3,51,15,130,716737738511,,,58,174,1,,,t,2025-12-07 20:27:49.981,2025-12-07 20:27:49.981,t,f,999,FRAME
cmiw6chtv03tfitntjef4kosp,"",Carrera,,CA5501,Burgundymtred,0BDA,52,17,140,762753017635,,,58,174,1,,,t,2025-12-07 20:27:50.467,2025-12-07 20:27:50.467,t,f,999,FRAME
cmiw6ci8f03thitntpa86mz5w,"",Carrera,,CARRERA 6171,Havana Violet,0HCW,54,16,135,762753551207,,,58,174,1,,,t,2025-12-07 20:27:50.944,2025-12-07 20:27:50.944,t,f,999,FRAME
cmiw6cilg03tjitnthb3utd07,"",Carrera,,CARRERA 6643,Blue Black,0KYQ,56,16,145,762753005120,,,75,225,1,,,t,2025-12-07 20:27:51.46,2025-12-07 20:27:51.46,t,f,999,FRAME
cmiw6ciyk03tlitntfrtfl0fw,"",Carrera,,CA8016/S,Blue,6XPTD,60,15,135,,,,72,216,1,,,t,2025-12-07 20:27:51.933,2025-12-07 20:27:51.933,t,f,999,FRAME
cmiw6cjbo03tnitntc5cgizy4,"",Ray-Ban,,RB3025,Gold,L0205,58,14,135,,,,88.85,225,1,,,t,2025-12-07 20:27:52.405,2025-12-07 20:27:52.405,t,f,999,FRAME
cmiw6cjp203tpitntxhk5ub6s,"",Ray-Ban,,RB3025,001/3E,,55,14,135,,,,88.85,225,1,,,t,2025-12-07 20:27:52.886,2025-12-07 20:27:52.886,t,f,999,FRAME
cmiw6ck2203tritnt1yt13mud,"",Ray-Ban,,RB3543,Silver,003/5J,59,16,140,,,,105,315,1,,,t,2025-12-07 20:27:53.355,2025-12-07 20:27:53.355,t,f,999,FRAME
cmiw6ckf603ttitntxpcfgyx6,"",Betsey Johnson,,Betsey Johnson Glamazon,Pink,,54,13,140,800445232352,,,63.99,189,1,,,t,2025-12-07 20:27:53.827,2025-12-07 20:27:53.827,t,f,999,FRAME
cmiw6cksl03tvitntcpoou6qn,"",Betsey Johnson,,Betsey Johnson Queen Bee,Tortoise,,52,17,140,800445229611,,,63.99,192,1,,,t,2025-12-07 20:27:54.309,2025-12-07 20:27:54.309,t,f,999,FRAME
cmiw6cl5r03txitntehmiteiu,"",Betsey Johnson,,Betsey Johnson Iconic,Tortoise,,50,16,131,800445195503,,,61.99,183,1,,,t,2025-12-07 20:27:54.783,2025-12-07 20:27:54.783,t,f,999,FRAME
cmiw6cliu03tzitntd9ebe645,"",Betsey Johnson,,Betsey Johnson Red Carpet,Honey,,52,20,145,800445222148,,,61.99,183,1,,,t,2025-12-07 20:27:55.254,2025-12-07 20:27:55.254,t,f,999,FRAME
cmiw6clvy03u1itntamyzuqn1,"",Candies,,CA0100,Shiny Violet,081,51,16,135,715583563834,,,52,150,1,,,t,2025-12-07 20:27:55.727,2025-12-07 20:27:55.727,t,f,999,FRAME
cmiw6cm9303u3itntbr3melzj,"",Candies,,CA0103,Black/Other,005,50,17,135,715583564169,,,52,150,1,,,t,2025-12-07 20:27:56.199,2025-12-07 20:27:56.199,t,f,999,FRAME
cmiw6cmmj03u5itntfif11g0t,"",Candies,,CA0117,Light Blue/Other,086,53,15,135,715583566071,,,52,117,1,,,t,2025-12-07 20:27:56.683,2025-12-07 20:27:56.683,t,f,999,FRAME
cmiw6cmzy03u7itntjfe3v385,"",Candies,,CA0106,Blue/Other,092,50,17,135,715583564572,,,52,150,1,,,t,2025-12-07 20:27:57.166,2025-12-07 20:27:57.166,t,f,999,FRAME
cmiw6cnd603u9itnt7y9ezw72,"",Candies,,C ZUMA,BROWN/TEAL,BRNBL,51,16,135,715583213340,,,50,150,1,,,t,2025-12-07 20:27:57.643,2025-12-07 20:27:57.643,t,f,999,FRAME
cmiw6cnqg03ubitnthvpocsxm,"",Helium-Paris,,HE 4249,GREY,,53,18,140,891160543397,,,72.95,219,1,,,t,2025-12-07 20:27:58.12,2025-12-07 20:27:58.12,t,f,999,FRAME
cmiw6co4103uditntyjvqv2kb,"",Helium-Paris,,HE 4283,BRN,,55,18,145,891160552696,,,72.95,219,1,,,t,2025-12-07 20:27:58.61,2025-12-07 20:27:58.61,t,f,999,FRAME
cmiw6cohe03ufitntv9l6a98f,"",BCBG Max Azria,,Arisa,Black,,52,16,130,886453303611,,,94.99,285,1,,,t,2025-12-07 20:27:59.09,2025-12-07 20:27:59.09,t,f,999,FRAME
cmiw6cov403uhitntgw53u48j,"",BCBG Max Azria,,Lyndsie,TORTOISE,,52,14,140,886453354910,,,59.99,180,1,,,t,2025-12-07 20:27:59.585,2025-12-07 20:27:59.585,t,f,999,FRAME
cmiw6cp8603ujitntstry22kw,"",BCBG Max Azria,,Lyndsie,BURGUNDY,,52,14,140,886453354811,,,59.99,180,1,,,t,2025-12-07 20:28:00.055,2025-12-07 20:28:00.055,t,f,999,FRAME
cmiw6cplh03ulitntrht379m2,"",BCBG Max Azria,,Lyndsie,NAVY BLUE,,52,14,140,886453354873,,,59.99,180,1,,,t,2025-12-07 20:28:00.534,2025-12-07 20:28:00.534,t,f,999,FRAME
cmiw6cpz003unitntj9pk4f5i,"",BCBG Max Azria,,Doreena,VINTAGE TORTOISE,,54,15,140,886453354576,,,59.99,180,1,,,t,2025-12-07 20:28:01.02,2025-12-07 20:28:01.02,t,f,999,FRAME
cmiw6cqci03upitnt7r3ewzx4,"",BCBG Max Azria,,Doreena,EGGPLANT,,54,15,140,886453354446,,,59.99,180,1,,,t,2025-12-07 20:28:01.506,2025-12-07 20:28:01.506,t,f,999,FRAME
cmiw6cqpm03uritntoirah50e,"",BCBG Max Azria,,Doreena,NUDE,,54,15,140,886453354538,,,59.99,180,1,,,t,2025-12-07 20:28:01.979,2025-12-07 20:28:01.979,t,f,999,FRAME
cmiw6cr2n03utitnt8olz74yk,"",BCBG Max Azria,,Doreena,EMERALD,,54,15,140,886453354491,,,59.99,180,1,,,t,2025-12-07 20:28:02.448,2025-12-07 20:28:02.448,t,f,999,FRAME
cmiw6crfx03uvitntdzsog4kh,"",BCBG Max Azria,,Agatha,AQUA,,53,15,140,886453354767,,,67.99,204,1,,,t,2025-12-07 20:28:02.925,2025-12-07 20:28:02.925,t,f,999,FRAME
cmiw6crsy03uxitntfymosdj3,"",BCBG Max Azria,,Agatha,BLUE,,53,15,140,886453354729,,,67.99,204,1,,,t,2025-12-07 20:28:03.395,2025-12-07 20:28:03.395,t,f,999,FRAME
cmiw6cs6203uzitntbt7qglnp,"",BCBG Max Azria,,Cheyenne,BLACK,,48,15,130,886453223742,,,70.99,213,1,,,t,2025-12-07 20:28:03.866,2025-12-07 20:28:03.866,t,f,999,FRAME
cmiw6g3cx04caitnt5ing3ma7,"",Nike,,EVO580,Pink/Purple,566,60,16,135,,,,58,174,1,,,t,2025-12-07 20:30:38.338,2025-12-07 20:30:38.338,t,f,999,FRAME
cmiw6csj503v1itntiykrj898,"",BCBG Max Azria,,Lauren,Wine,,48,16,125,886453372525,,,59.99,180,1,,,t,2025-12-07 20:28:04.337,2025-12-07 20:28:04.337,t,f,999,FRAME
cmiw6cswd03v3itntw5q9ycnk,"",BCBG Max Azria,,Brassy,Black,,55,16,135,,,,67,201,1,,,t,2025-12-07 20:28:04.814,2025-12-07 20:28:04.814,t,f,999,FRAME
cmiw6ct9i03v5itnt5mzve8zu,"",Nine West,,NW5080,(206) Tortoise,206,48,17,135,886895219150,,,65,162,1,,,t,2025-12-07 20:28:05.286,2025-12-07 20:28:05.286,t,f,999,FRAME
cmiw6ctmn03v7itntic2h1ny9,"",Nine West,,NW5076,(434) NAVY,434,51,17,135,886895219051,,,69,186,1,,,t,2025-12-07 20:28:05.759,2025-12-07 20:28:05.759,t,f,999,FRAME
cmiw6cu1003v9itntab82fvca,"",Nine West,,NW5078,(206) Tortoise,206,50,16,135,886895219112,,,49,147,1,,,t,2025-12-07 20:28:06.231,2025-12-07 20:28:06.231,t,f,999,FRAME
cmiw6cue703vbitntg1kaad7m,"",Nine West,,NW5064,(283) Multi Tortoise,283,50,16,135,883121982949,,,58,174,1,,,t,2025-12-07 20:28:06.752,2025-12-07 20:28:06.752,t,f,999,FRAME
cmiw6cura03vditnta60txbnk,"",Lacoste,,L2723,(220) Green Havana/Azure,220,53,15,140,886895200998,,,73,207,1,,,t,2025-12-07 20:28:07.222,2025-12-07 20:28:07.222,t,f,999,FRAME
cmiw6cv4c03vfitnt5huque58,"",Lacoste,,L2707,Havana,214,53,15,,883121962125,,,79,269,1,,,t,2025-12-07 20:28:07.693,2025-12-07 20:28:07.693,t,f,999,FRAME
cmiw6cvh903vhitntxgcilqg6,"",Tura,,R516,gold,GLD,52,17,135,764724299934,,,89.95,270,1,,,t,2025-12-07 20:28:08.157,2025-12-07 20:28:08.157,t,f,999,FRAME
cmiw6cvux03vjitntbq6gqaxn,"",Tura,,R614,gold/white,GLD,53,17,140,764724306212,,,69.95,210,1,,,t,2025-12-07 20:28:08.65,2025-12-07 20:28:08.65,t,f,999,FRAME
cmiw6cw8803vlitnterlyib3c,"",Tura,,668,TORTOISE W/PURPLE,TOR,51,17,135,764724268190,,,69.95,210,1,,,t,2025-12-07 20:28:09.128,2025-12-07 20:28:09.128,t,f,999,FRAME
cmiw6cwlg03vnitnty10divit,"",Tura,,R514,tortoise,TOR,54,16,135,764724298463,,,69.95,210,1,,,t,2025-12-07 20:28:09.604,2025-12-07 20:28:09.604,t,f,999,FRAME
cmiw6cwyg03vpitntjal3vezt,"",Tura,,R209,Lavendar with pink flowers,LAV,57,16,138,764724291891,,,69.95,210,1,,,t,2025-12-07 20:28:10.073,2025-12-07 20:28:10.073,t,f,999,FRAME
cmiw6cxbj03vritnt4un8qvri,"",Tura,,R613,burgundy,BUR,50,16,135,764724306175,,,69.95,210,1,,,t,2025-12-07 20:28:10.544,2025-12-07 20:28:10.544,t,f,999,FRAME
cmiw6cxot03vtitnt93to3w30,"",Tura,,R524,silver,SIL,52,16,135,764724313364,,,89.95,270,1,,,t,2025-12-07 20:28:11.021,2025-12-07 20:28:11.021,t,f,999,FRAME
cmiw6cy2003vvitnt6y9qnyvm,"",Tura,,TE221,Brown with Amber,DBR,51,18,130,764724288730,,,129.95,390,1,,,t,2025-12-07 20:28:11.496,2025-12-07 20:28:11.496,t,f,999,FRAME
cmiw6cyfh03vxitntqx84wvm4,"",Stepper Eyewear,,50117 SI,Burgundy F082,,53,15,130,838889018348,,,73.99,222,1,,,t,2025-12-07 20:28:11.982,2025-12-07 20:28:11.982,t,f,999,FRAME
cmiw6cysp03vzitntgjtvrmxv,"",Stepper Eyewear,,90996,Amethyst F082,,53,16,135,838889016856,,,73.99,216,1,,,t,2025-12-07 20:28:12.457,2025-12-07 20:28:12.457,t,f,999,FRAME
cmiw6cz5v03w1itntwdlqdg3l,"",Stepper Eyewear,,Stepper 9749,Mauve Gold F013,,52,16,140,838889015248,,,71.99,216,1,,,t,2025-12-07 20:28:12.932,2025-12-07 20:28:12.932,t,f,999,FRAME
cmiw6czja03w3itntte2bgxs6,"",Stepper Eyewear,,Stepper 50079,Plum F082,,54,15,135,838889017303,,,73.99,216,1,,,t,2025-12-07 20:28:13.414,2025-12-07 20:28:13.414,t,f,999,FRAME
cmiw6czwc03w5itnt0uwrx1rf,"",Guess?,,GU2502,Matte Black,002,52,16,135,664689697076,,,67,189,1,,,t,2025-12-07 20:28:13.885,2025-12-07 20:28:13.885,t,f,999,FRAME
cmiw6d0al03w7itntwr50f5ct,"",Brendel,,922017,grey,30,53,17,135,764724310523,,,79.95,240,1,,,t,2025-12-07 20:28:14.397,2025-12-07 20:28:14.397,t,f,999,FRAME
cmiw6d0ra03w9itntekbfm2hk,"",Brendel,,922012,navy,72,52,17,135,764724305857,,,79.95,240,1,,,t,2025-12-07 20:28:14.998,2025-12-07 20:28:14.998,t,f,999,FRAME
cmiw6d17303wbitnthqzhm7vu,"",Brendel,,922006,brown/blue,60,51,17,135,764724303235,,,79.95,240,1,,,t,2025-12-07 20:28:15.567,2025-12-07 20:28:15.567,t,f,999,FRAME
cmiw6d1oi03wditntiu22j69e,"",Brendel,,922029,brown,60,51,17,135,764724321574,,,79.95,240,1,,,t,2025-12-07 20:28:16.194,2025-12-07 20:28:16.194,t,f,999,FRAME
cmiw6d27b03wfitntbql6o72n,"",Humphrey's,,592018,navy,70,49,16,135,764724310905,,,59.95,180,1,,,t,2025-12-07 20:28:16.872,2025-12-07 20:28:16.872,t,f,999,FRAME
cmiw6d2ni03whitnt4f4tvuai,"",Humphrey's,,592010,black/blue,17,55,17,140,764724310738,,,59.95,180,1,,,t,2025-12-07 20:28:17.454,2025-12-07 20:28:17.454,t,f,999,FRAME
cmiw6d30s03wjitntsf8gdhbv,"",Humphrey's,,582127,gun,31,51,18,135,764724299163,,,59.95,180,1,,,t,2025-12-07 20:28:17.933,2025-12-07 20:28:17.933,t,f,999,FRAME
cmiw6d3er03wlitnt19vadk40,"",ClearVision,,Judy,BROWN,,53,18,135,886453206417,,,42.99,129,1,,,t,2025-12-07 20:28:18.435,2025-12-07 20:28:18.435,t,f,999,FRAME
cmiw6d3s203wnitntmxzynhws,"",ClearVision,,Annie,BLUE MIX,,52,16,130,886453350424,,,42.99,129,1,,,t,2025-12-07 20:28:18.914,2025-12-07 20:28:18.914,t,f,999,FRAME
cmiw6d45803wpitnthnrl0abv,"",ClearVision,,Petite 29,Lilac,,49,17,130,,,,42.99,129,1,,,t,2025-12-07 20:28:19.388,2025-12-07 20:28:19.388,t,f,999,FRAME
cmiw6d4i803writntfmc5q7e3,"",Izod,,2803,GUNMETAL,,49,16,130,886453332604,,,46.99,141,1,,,t,2025-12-07 20:28:19.857,2025-12-07 20:28:19.857,t,f,999,FRAME
cmiw6d4vb03wtitntg7qst0gh,"",Izod,,2802,TORTOISE,,49,16,135,886453332369,,,49.99,150,1,,,t,2025-12-07 20:28:20.327,2025-12-07 20:28:20.327,t,f,999,FRAME
cmiw6d58r03wvitntgo7f5nt5,"",Izod,,Izod PerformX-102,BLUE,,45,17,125,886453188355,,,56.99,165,1,,,t,2025-12-07 20:28:20.812,2025-12-07 20:28:20.812,t,f,999,FRAME
cmiw6d5nb03wxitntber50by5,"",Op-Ocean Pacific,,849,BERRY,,47,16,130,886453341200,,,46.99,149,1,,,t,2025-12-07 20:28:21.288,2025-12-07 20:28:21.288,t,f,999,FRAME
cmiw6d60i03wzitnty6f98izj,"",Op-Ocean Pacific,,OP 832,BLACK,,46,16,125,886453145594,,,51.99,150,1,,,t,2025-12-07 20:28:21.811,2025-12-07 20:28:21.811,t,f,999,FRAME
cmiw6d6dv03x1itntmnouszwf,"",Op-Ocean Pacific,,847,GREEN CAMO,,48,16,130,886453268583,,,46.99,141,1,,,t,2025-12-07 20:28:22.291,2025-12-07 20:28:22.291,t,f,999,FRAME
cmiw6d6rb03x3itntd1st3b9u,"",Op-Ocean Pacific,,850,RASPBERRY,,47,16,130,886453336800,,,46.99,141,1,,,t,2025-12-07 20:28:22.776,2025-12-07 20:28:22.776,t,f,999,FRAME
cmiw6d74n03x5itntgt0zhncu,"",Airlock,,AIRLOCK POWER 200,(033) GUNMETAL,033,53,18,140,886895221948,,,110,273,1,,,t,2025-12-07 20:28:23.256,2025-12-07 20:28:23.256,t,f,999,FRAME
cmiw6d7ho03x7itnt7p4hdaf9,"",FYSH UK Collection,,FYSH 3557,TORTOISE,640,52,20,135,676190269178,,,89,270,1,,,t,2025-12-07 20:28:23.725,2025-12-07 20:28:23.725,t,f,999,FRAME
cmiw6d7us03x9itntp6wgsqhj,"",FYSH UK Collection,,FYSH 3565,Crystal Gold,671,52,18,140,676190275322,,,89.99,270,1,,,t,2025-12-07 20:28:24.196,2025-12-07 20:28:24.196,t,f,999,FRAME
cmiw6d88903xbitnt55jskfz4,"",FYSH UK Collection,,FYSH 3559,RAINBOW CONFRETTI,648,52,17,140,676190270297,,,89,270,1,,,t,2025-12-07 20:28:24.682,2025-12-07 20:28:24.682,t,f,999,FRAME
cmiw6d8lr03xditnt7mtqhjln,"",FYSH UK Collection,,FYSH 3558,MERLOT,645,51,16,135,676190268652,,,89,270,1,,,t,2025-12-07 20:28:25.167,2025-12-07 20:28:25.167,t,f,999,FRAME
cmiw6d8yw03xfitnth7cys91s,"",FYSH UK Collection,,FYSH 3560,BLACK CHERRY,654,53,15,135,676190270211,,,89,270,1,,,t,2025-12-07 20:28:25.64,2025-12-07 20:28:25.64,t,f,999,FRAME
cmiw6g3q304ccitntw18hfhw4,"",Nike,,EVO580,Tort,202,60,16,135,,,,58,174,2,,,t,2025-12-07 20:30:38.812,2025-12-07 20:30:38.812,t,f,999,FRAME
cmiw6d9c303xhitntkywjioz6,"",FYSH UK Collection,,FYSH 3555,BURGUNDY RASPBERRY,567,53,16,140,676190267372,,,89,270,1,,,t,2025-12-07 20:28:26.115,2025-12-07 20:28:26.115,t,f,999,FRAME
cmiw6d9pj03xjitntay6dx2ws,"",FYSH UK Collection,,FYSH 3567,Ink Purple,680,54,15,135,676190279580,,,89.99,270,1,,,t,2025-12-07 20:28:26.599,2025-12-07 20:28:26.599,t,f,999,FRAME
cmiw6da2u03xlitntb5fd1ujt,"",FYSH UK Collection,,FYSH 2005,Rainbow,col.210,55,20,140,,,,89,267,1,,,t,2025-12-07 20:28:27.078,2025-12-07 20:28:27.078,t,f,999,FRAME
cmiw6dag803xnitntc4g1s3d1,"",FYSH UK Collection,,FYSH 2006,Grey,col. 212,55,18,140,,,,89,267,1,,,t,2025-12-07 20:28:27.561,2025-12-07 20:28:27.561,t,f,999,FRAME
cmiw6date03xpitnt4iz80jqr,"",FYSH UK Collection,,FYSH 2006,Purple,col. 213,55,18,140,,,,89,267,1,,,t,2025-12-07 20:28:28.035,2025-12-07 20:28:28.035,t,f,999,FRAME
cmiw6db6j03xritnti25ler0l,"",KLiiK:denmark,,KLiiK 566,RED,453,47,18,135,676190275155,,,85,270,1,,,t,2025-12-07 20:28:28.507,2025-12-07 20:28:28.507,t,f,999,FRAME
cmiw6dbk303xtitntgjaqusbr,"",KLiiK:denmark,,KLiiK 576,Black,484,51,17,140,676190281705,,,85,255,1,,,t,2025-12-07 20:28:28.996,2025-12-07 20:28:28.996,t,f,999,FRAME
cmiw6dbxc03xvitntp627j88r,"",KLiiK:denmark,,KLiiK 547,RED MARBLE,218,50,18,140,676190261394,,,82,255,1,,,t,2025-12-07 20:28:29.472,2025-12-07 20:28:29.472,t,f,999,FRAME
cmiw6dcao03xxitntrjw46mm9,"",KLiiK:denmark,,KLiiK 564,ASH,442,47,17,140,676190273083,,,85,255,1,,,t,2025-12-07 20:28:29.953,2025-12-07 20:28:29.953,t,f,999,FRAME
cmiw6dcob03xzitntiusav4uq,"",KLiiK:denmark,,KLiiK 555,BLACK,658,51,18,140,676190267259,,,85,255,1,,,t,2025-12-07 20:28:30.443,2025-12-07 20:28:30.443,t,f,999,FRAME
cmiw6dd1q03y1itntjaom5qhx,"",KLiiK:denmark,,KLiiK 541,COBALT GRADIENT,815,50,17,140,676190252934,,,82,255,1,,,t,2025-12-07 20:28:30.926,2025-12-07 20:28:30.926,t,f,999,FRAME
cmiw6ddf203y3itnt4trxx21o,"",KLiiK:denmark,,KLiiK 539,MAGENTA TORT,133,47,20,140,676190252736,,,82,255,1,,,t,2025-12-07 20:28:31.406,2025-12-07 20:28:31.406,t,f,999,FRAME
cmiw6ddsg03y5itntfazt366q,"",KLiiK:denmark,,KLiiK 568,Distressed Grey,456,50,17,140,676190280647,,,85,255,1,,,t,2025-12-07 20:28:31.889,2025-12-07 20:28:31.889,t,f,999,FRAME
cmiw6de5n03y7itntlh1n3bm1,"",Michael Kors,,MK8013,Brown Turquoise,3058,51,16,135,725125945158,,,52.69,159,1,,,t,2025-12-07 20:28:32.363,2025-12-07 20:28:32.363,t,f,999,FRAME
cmiw6dej503y9itnt8xt06j51,"",Michael Kors,,MK8009,Black Soft Touch,3022,53,15,135,725125944960,,,45.43,159,1,,,t,2025-12-07 20:28:32.849,2025-12-07 20:28:32.849,t,f,999,FRAME
cmiw6dewd03ybitnt7z1s0khf,"",Michael Kors,,MK4029,Turquoise Tortoise,3068,53,15,135,725125963442,,,67.2,204,1,,,t,2025-12-07 20:28:33.326,2025-12-07 20:28:33.326,t,f,999,FRAME
cmiw6df9h03yditntwagn5ks9,"",Michael Kors,,MK4029,DK BROWN TIGERS EYE,3116,51,15,135,725125953047,,,67.2,204,1,,,t,2025-12-07 20:28:33.797,2025-12-07 20:28:33.797,t,f,999,FRAME
cmiw6dfmo03yfitnt1g0t5ywk,"",Michael Kors,,MK4033,Tortoise,3176,54,17,140,725125961929,,,83.52,252,1,,,t,2025-12-07 20:28:34.272,2025-12-07 20:28:34.272,t,f,999,FRAME
cmiw6dfzt03yhitntfg2i1i3h,"",Michael Kors,,MK8022,TORTOISE/ FUSCHIA,3132,52,16,135,725125953603,,,67.2,102.5,1,,,t,2025-12-07 20:28:34.746,2025-12-07 20:28:34.746,t,f,999,FRAME
cmiw6dgcw03yjitntodyylxzv,"",Michael Kors,,MK7005,Chocolate/ Gold,1049,54,16,140,725125944182,,,52.69,159,1,,,t,2025-12-07 20:28:35.217,2025-12-07 20:28:35.217,t,f,999,FRAME
cmiw6dgpy03ylitntk8vfovxg,"",Michael Kors,,MK8018,Dk Tortoise/Gold,3106,52,15,135,725125949859,,,67.2,204,1,,,t,2025-12-07 20:28:35.686,2025-12-07 20:28:35.686,t,f,999,FRAME
cmiw6dh3103ynitntgrsltvjp,"",Michael Kors,,MK8006,Dk Tortoise Snake,3010,52,16,140,725125944762,,,67.2,204,1,,,t,2025-12-07 20:28:36.157,2025-12-07 20:28:36.157,t,f,999,FRAME
cmiw6dhhl03ypitntb4c3cn1s,"",Michael Kors,,MK8023,BLACK/WHITE,3129,52,17,135,725125953610,,,67.2,204,1,,,t,2025-12-07 20:28:36.681,2025-12-07 20:28:36.681,t,f,999,FRAME
cmiw6dhup03yritntf66e99me,"",Michael Kors,,MK8013,Tortoise Black,3057,53,16,140,725125945196,,,52.69,159,1,,,t,2025-12-07 20:28:37.154,2025-12-07 20:28:37.154,t,f,999,FRAME
cmiw6di7s03ytitnttmtrutx0,"",Michael Kors,,MK8019,Blue Tortoise/Gold,3109,53,15,135,725125950008,,,67.2,204,1,,,t,2025-12-07 20:28:37.624,2025-12-07 20:28:37.624,t,f,999,FRAME
cmiw6diky03yvitnt5m3hex9q,"",Michael Kors,,MK7008,GOLD,1044,51,17,135,725125953283,,,52.69,159,1,,,t,2025-12-07 20:28:38.099,2025-12-07 20:28:38.099,t,f,999,FRAME
cmiw6diz003yxitntoakg8wc9,"",Michael Kors,,MK7005,Tile Blue/Gold,1046,54,16,140,725125944151,,,52.69,159,1,,,t,2025-12-07 20:28:38.605,2025-12-07 20:28:38.605,t,f,999,FRAME
cmiw6djch03yzitnt2edi923w,"",Swarovski,,SK5090,Shiny Black,01B,52,14,135,664689618514,,,87,246,1,,,t,2025-12-07 20:28:39.09,2025-12-07 20:28:39.09,t,f,999,FRAME
cmiw6djpq03z1itntip17hw5g,"",Swarovski,,SK5139,Shiny Black,01A,55,16,135,664689663521,,,84,231,1,,,t,2025-12-07 20:28:39.566,2025-12-07 20:28:39.566,t,f,999,FRAME
cmiw6dk2y03z3itnt8cw4vg6b,"",Swarovski,,SK5094,Shiny Palladium,016,55,16,135,664689618835,,,82,231,1,,,t,2025-12-07 20:28:40.043,2025-12-07 20:28:40.043,t,f,999,FRAME
cmiw6dkgh03z5itnt770compx,"",Swarovski,,SK5133,Beige/Other,059,54,15,140,664689664443,,,89,261,1,,,t,2025-12-07 20:28:40.529,2025-12-07 20:28:40.529,t,f,999,FRAME
cmiw6dkuj03z7itnt7oqf0fsv,"",Swarovski,,SK5084,Shiny Black,01B,54,15,140,664689618309,,,72,216,1,,,t,2025-12-07 20:28:41.036,2025-12-07 20:28:41.036,t,f,999,FRAME
cmiw6dl7m03z9itntdyusu6s3,"",Swarovski,,SK5089,Shiny Rose Gold,028,56,14,135,664689618606,,,84,231,1,,,t,2025-12-07 20:28:41.506,2025-12-07 20:28:41.506,t,f,999,FRAME
cmiw6dll903zbitnt2i3wxzln,"",Swarovski,,SK5088,Dark Havana,052,53,,,664689618484,,,84,231,1,,,t,2025-12-07 20:28:41.997,2025-12-07 20:28:41.997,t,f,999,FRAME
cmiw6dlyf03zditntyck1ranl,"",Swarovski,,SK5095,Shiny Black,01B,53,16,140,664689618873,,,79,231,1,,,t,2025-12-07 20:28:42.471,2025-12-07 20:28:42.471,t,f,999,FRAME
cmiw6dmcf03zfitnt52csegau,"",Swarovski,,SK5149,Shiny Red,066,54,16,140,664689664924,,,79,216,1,,,t,2025-12-07 20:28:42.975,2025-12-07 20:28:42.975,t,f,999,FRAME
cmiw6dmpr03zhitntnju7d9eo,"",Swarovski,,SK5140,Shiny Pink,072,54,17,135,664689663569,,,84,246,1,,,t,2025-12-07 20:28:43.455,2025-12-07 20:28:43.455,t,f,999,FRAME
cmiw6dn3203zjitntox2zw8t1,"",Swarovski,,SK5134,Shiny Palladium,016,56,15,140,664689663576,,,89,246,1,,,t,2025-12-07 20:28:43.935,2025-12-07 20:28:43.935,t,f,999,FRAME
cmiw6dngk03zlitntvvd076v4,"",Swarovski,,SW 110,Grey,21B,54,18,140,,,,90,270,1,,,t,2025-12-07 20:28:44.42,2025-12-07 20:28:44.42,t,f,999,FRAME
cmiw6dnts03znitnty4t6m1gz,"",Geoffrey Beene,,G306,olive,OLI,52,15,140,764724297978,,,49.95,180,1,,,t,2025-12-07 20:28:44.896,2025-12-07 20:28:44.896,t,f,999,FRAME
cmiw6do6u03zpitntvy72mz8g,"",Geoffrey Beene,,G305,tortoise,TOR,52,15,140,764724295103,,,49.95,150,1,,,t,2025-12-07 20:28:45.366,2025-12-07 20:28:45.366,t,f,999,FRAME
cmiw6dokk03zritnta1biw2hz,"",Geoffrey Beene,,G413,Green,HUN,54,18,140,764724306465,,,69.95,210,1,,,t,2025-12-07 20:28:45.861,2025-12-07 20:28:45.861,t,f,999,FRAME
cmiw6doxv03ztitntrwx84p9v,"",Geoffrey Beene,,G507,brown,BRN,55,16,140,764724312008,,,49.95,150,1,,,t,2025-12-07 20:28:46.339,2025-12-07 20:28:46.339,t,f,999,FRAME
cmiw6g43804ceitntfrzk8dk3,"",Lacoste,,L704S,001,,55,14,135,,,,78,234,1,,,t,2025-12-07 20:30:39.284,2025-12-07 20:30:39.284,t,f,999,FRAME
cmiw6dpbb03zvitnt6uex7q87,"",Geoffrey Beene,,G502,HORN,HON,54,16,135,764724290917,,,49.95,150,1,,,t,2025-12-07 20:28:46.824,2025-12-07 20:28:46.824,t,f,999,FRAME
cmiw6dpos03zxitntxxj1n12n,"",Geoffrey Beene,,G504,navy horn,NAV,53,17,140,764724295196,,,49.95,150,1,,,t,2025-12-07 20:28:47.308,2025-12-07 20:28:47.308,t,f,999,FRAME
cmiw6dq2203zzitntevq0pfdw,"",Geoffrey Beene,,G211,garnet,GAR,52,17,135,764724301026,,,49.95,150,1,,,t,2025-12-07 20:28:47.787,2025-12-07 20:28:47.787,t,f,999,FRAME
cmiw6dqfc0401itntospqx935,"",Geoffrey Beene,,G401,gunmetal,GUN,49,19,140,764724290764,,,49.95,0,1,,,t,2025-12-07 20:28:48.265,2025-12-07 20:28:48.265,t,f,999,FRAME
cmiw6dqsp0403itnt94c5sfba,"",Ted Baker,,B302,PURPLE,PUR,52,18,140,764724265236,,,64.95,198,1,,,t,2025-12-07 20:28:48.745,2025-12-07 20:28:48.745,t,f,999,FRAME
cmiw6dr650405itntzjfo0kt9,"",Ted Baker,,B711,forest tort,GRN,52,15,140,764724296667,,,74.95,225,1,,,t,2025-12-07 20:28:49.23,2025-12-07 20:28:49.23,t,f,999,FRAME
cmiw6drjl0407itntnoygfz2e,"",Ted Baker,,B870,black,BLK,54,17,140,764724305536,,,69.95,210,1,,,t,2025-12-07 20:28:49.714,2025-12-07 20:28:49.714,t,f,999,FRAME
cmiw6drwj0409itntmf2sqyvv,"",Ted Baker,,B335,brown/black,BRN,53,17,140,764724305918,,,74.95,225,1,,,t,2025-12-07 20:28:50.179,2025-12-07 20:28:50.179,t,f,999,FRAME
cmiw6dsa7040bitnt00rtj39q,"",Ted Baker,,B710,black/turquoise,BLK,53,15,140,764724296629,,,69.95,210,1,,,t,2025-12-07 20:28:50.671,2025-12-07 20:28:50.671,t,f,999,FRAME
cmiw6dsnq040ditntsa1g1eqp,"",Ted Baker,,B717,tortoise,TOR,53,17,140,764724305475,,,69.95,210,1,,,t,2025-12-07 20:28:51.158,2025-12-07 20:28:51.158,t,f,999,FRAME
cmiw6dt2l040fitntlxc3cvzm,"",Ted Baker,,B718,black,BLK,51,16,140,764724306977,,,69.99,210,1,,,t,2025-12-07 20:28:51.644,2025-12-07 20:28:51.644,t,f,999,FRAME
cmiw6dtfx040hitnt3milb1ci,"",Ted Baker,,B869,tortoise,TOR,54,16,140,764724296797,,,69.95,210,1,,,t,2025-12-07 20:28:52.173,2025-12-07 20:28:52.173,t,f,999,FRAME
cmiw6dttt040jitntwizoxe88,"",Ted Baker,,B229,brown,BRN,50,18,140,764724296292,,,69.95,210,1,,,t,2025-12-07 20:28:52.674,2025-12-07 20:28:52.674,t,f,999,FRAME
cmiw6du7k040litnt4hv5wktn,"",Ted Baker,,B319,MIDNIGHT,MID,53,16,135,764724293093,,,65.95,198,1,,,t,2025-12-07 20:28:53.168,2025-12-07 20:28:53.168,t,f,999,FRAME
cmiw6dul0040nitnthuxa4kg4,"",Ted Baker,,B316,BLACK,BLK,52,18,135,764724293079,,,65.95,198,1,,,t,2025-12-07 20:28:53.652,2025-12-07 20:28:53.652,t,f,999,FRAME
cmiw6duy6040pitntkxt2qpd1,"",Ted Baker,,B327,slate,SLA,52,18,135,764724296360,,,69.95,210,1,,,t,2025-12-07 20:28:54.127,2025-12-07 20:28:54.127,t,f,999,FRAME
cmiw6dvbf040ritntg6toyj8t,"",ED HARDY OPHTHALMIC,,EHO756,Burgundy Horn,BUHO,52,17,135,847835008951,,,79.95,240,1,,,t,2025-12-07 20:28:54.603,2025-12-07 20:28:54.603,t,f,999,FRAME
cmiw6dvor040titnti4omy72g,"",ED HARDY OPHTHALMIC,,EHO 754,BLACK,BLK,52,17,135,847835008814,,,79.95,240,1,,,t,2025-12-07 20:28:55.084,2025-12-07 20:28:55.084,t,f,999,FRAME
cmiw6dw1x040vitntpuicfl1p,"",COACH,,HC5075,Silver/Milky Navy Sig C,9278,53,17,135,725125964470,,,68.33,207,1,,,t,2025-12-07 20:28:55.557,2025-12-07 20:28:55.557,t,f,999,FRAME
cmiw6dwfi040xitntayxzv0v4,"",COACH,,HC5027B,Dark Silver/ Black-white,9093,52,17,,679420884363,,,74.92,225,1,,,t,2025-12-07 20:28:56.047,2025-12-07 20:28:56.047,t,f,999,FRAME
cmiw6dwsy040zitntuowonhj3,"",COACH,,HC5078,SATIN NAVY/BLUE BLACK MO,9255,52,18,135,725125955713,,,63.92,192,1,,,t,2025-12-07 20:28:56.531,2025-12-07 20:28:56.531,t,f,999,FRAME
cmiw6dx6b0411itnt9d441o33,"",COACH,,HC6075Q,DARK VINTAGE TORTOISE/BL,5324,52,18,135,725125956048,,,83.73,259,1,,,t,2025-12-07 20:28:57.012,2025-12-07 20:28:57.012,t,f,999,FRAME
cmiw6dxje0413itntl286jscd,"",COACH,,HC6077,PURPLE/DARK TORTOISE,5335,51,15,135,725125948487,,,0,228,1,,,t,2025-12-07 20:28:57.482,2025-12-07 20:28:57.482,t,f,999,FRAME
cmiw6dxws0415itntf7i5szxd,"",COACH,,HC6070,Black/Wild Beast,5342,51,17,135,725125948982,,,68.33,207,1,,,t,2025-12-07 20:28:57.964,2025-12-07 20:28:57.964,t,f,999,FRAME
cmiw6dyaj0417itntpmhlf5ol,"",COACH,,HC6082,CRYS PLUM/CRYS PLUM BLUS,5351,51,17,135,725125955850,,,59.99,180,1,,,t,2025-12-07 20:28:58.459,2025-12-07 20:28:58.459,t,f,999,FRAME
cmiw6dyof0419itntz71uzkm9,"",COACH,,HC6083,BLACK/DARK GREY CRYSTAL,5354,50,17,135,725125955928,,,63.92,195,1,,,t,2025-12-07 20:28:58.96,2025-12-07 20:28:58.96,t,f,999,FRAME
cmiw6dz2o041bitntcnpv4vmc,"",COACH,,HC6061,Dark Tort/Dark Tort Sand,5262,52,15,135,725125928779,,,68.33,205,1,,,t,2025-12-07 20:28:59.472,2025-12-07 20:28:59.472,t,f,999,FRAME
cmiw6dzha041ditnt3xk82hr0,"",COACH,,HC6084Q,CORNFLOWER CRYSTAL/SADDL,5384,52,19,135,725125959100,,,96.93,291,1,,,t,2025-12-07 20:28:59.999,2025-12-07 20:28:59.999,t,f,999,FRAME
cmiw6dzv7041fitnt15kt20lp,"",Coach,,HC7056Q,LT/DKTort,920913,59,15,140,,,,82,246,1,,,t,2025-12-07 20:29:00.499,2025-12-07 20:29:00.499,t,f,999,FRAME
cmiw6e08r041hitnti013h59a,"",COACH,,HC7059,Silver/Black,9015T3,58,15,135,,,,67,201,1,,,t,2025-12-07 20:29:00.987,2025-12-07 20:29:00.987,t,f,999,FRAME
cmiw6e0mo041jitntuoxi4g6z,"",COACH,,HC7068,Light Gold/Black,929111,58,16,135,,,,74,222,1,,,t,2025-12-07 20:29:01.488,2025-12-07 20:29:01.488,t,f,999,FRAME
cmiw6e0zy041litnt7nnn8nca,"",Coach,,HC8192,Dark Tort,539413,56,15,140,,,,72,216,1,,,t,2025-12-07 20:29:01.967,2025-12-07 20:29:01.967,t,f,999,FRAME
cmiw6e1dp041nitntfsjxrps0,"",Chantal Thomass,,CT14005,Brown-Leopard,C20,49,19,,751582181709,,,99,297,1,,,t,2025-12-07 20:29:02.461,2025-12-07 20:29:02.461,t,f,999,FRAME
cmiw6e1r3041pitnt0nvz8oqe,"",Chantal Thomass,,CT14002,Black-Pink,C4,51,19,,751582179218,,,79,237,1,,,t,2025-12-07 20:29:02.943,2025-12-07 20:29:02.943,t,f,999,FRAME
cmiw6e24e041ritnt3xfgsv83,"",Chantal Thomass,,CT14032,Brown-Black-Crystal-Striped,C3,53,16,,751582181723,,,0,148.5,1,,,t,2025-12-07 20:29:03.422,2025-12-07 20:29:03.422,t,f,999,FRAME
cmiw6e2hu041titntgtyfprnh,"",Diva,,DI5406,Aqua Violet Marble,H45,51,16,143,,,,129,387,1,,,t,2025-12-07 20:29:03.907,2025-12-07 20:29:03.907,t,f,999,FRAME
cmiw6e2vp041vitntav6d3dpg,"",Guess?,,GU 2383,BROWN,BRN,52,17,135,715583765573,,,59.95,174,1,,,t,2025-12-07 20:29:04.405,2025-12-07 20:29:04.405,t,f,999,FRAME
cmiw6e395041xitnte9tvjltt,"",Guess?,,GU2565,Shiny Black,001,52,17,135,664689791750,,,67,195,1,,,t,2025-12-07 20:29:04.889,2025-12-07 20:29:04.889,t,f,999,FRAME
cmiw6e3mq041zitntqzd7b9id,"",Guess?,,GU 2469,SATIN PURPLE,PUR,52,18,135,715583295261,,,79.5,79.5,1,,,t,2025-12-07 20:29:05.379,2025-12-07 20:29:05.379,t,f,999,FRAME
cmiw6e3zs0421itntxjq5w8kb,"",Guess?,,GU 2420,SATIN BLACK,BLK,53,16,135,715583960527,,,57.95,174,1,,,t,2025-12-07 20:29:05.849,2025-12-07 20:29:05.849,t,f,999,FRAME
cmiw6e4d70423itntr47mkwi9,"",Guess?,,GU2506,Light Brown/Other,047,52,15,135,664689712267,,,67,189,1,,,t,2025-12-07 20:29:06.331,2025-12-07 20:29:06.331,t,f,999,FRAME
cmiw6e4rs0425itnti1hrwfyq,"",Guess?,,GU2492,Shiny Black,001,52,16,135,664689697427,,,70,204,1,,,t,2025-12-07 20:29:06.807,2025-12-07 20:29:06.807,t,f,999,FRAME
cmiw6e5580427itntljuxyhzs,"",Guess?,,GU2543,Shiny Violet,081,52,17,135,664689743599,,,57,165,1,,,t,2025-12-07 20:29:07.34,2025-12-07 20:29:07.34,t,f,999,FRAME
cmiw6e5iu0429itntinlnw11k,"",Guess?,,GU2399,Satin Black,BKGUN,53,18,135,715583979048,,,57,165,1,,,t,2025-12-07 20:29:07.83,2025-12-07 20:29:07.83,t,f,999,FRAME
cmiw6e5w5042bitntc88tbhh9,"",Clariti Eyewear,,AB7706,Grey Mist,C3,54,17,138,,,,83.2,250,1,,,t,2025-12-07 20:29:08.309,2025-12-07 20:29:08.309,t,f,999,FRAME
cmiw6e6f3042ditnth6n787hr,"",Clariti Eyewear,,ANB101,Steel Black,C1,57,18,140,,,,95,285,1,,,t,2025-12-07 20:29:08.992,2025-12-07 20:29:08.992,t,f,999,FRAME
cmiw6e6sh042fitntcxdwdkw2,"",Clariti Eyewear,,ANB102,Mocha,C2,53,18,135,,,,95,285,1,,,t,2025-12-07 20:29:09.473,2025-12-07 20:29:09.473,t,f,999,FRAME
cmiw6e768042hitntjxyvi102,"",Clariti Eyewear,,KONISHI KL3681,MAT.GREY,C1,52,17,140,844535025028,,,68,204,1,,,t,2025-12-07 20:29:09.968,2025-12-07 20:29:09.968,t,f,999,FRAME
cmiw6e7jn042jitnt9mykp84k,"",Clariti Eyewear,,KONISHI KL3625,GREY/OLIVE,C2,51,17,138,844535035607,,,55,165,1,,,t,2025-12-07 20:29:10.451,2025-12-07 20:29:10.451,t,f,999,FRAME
cmiw6e7xa042litnthx6bqfsc,"",Clariti Eyewear,,KONISHI KF8236,MAT.DK.BLUE,C2,52,18,135,844535010185,,,55,165,1,,,t,2025-12-07 20:29:10.942,2025-12-07 20:29:10.942,t,f,999,FRAME
cmiw6e8aa042nitntp8p2w27k,"",Clariti Eyewear,,KONISHI KF8654,MATTE BROWN,C1,55,18,140,844535034150,,,55,165,1,,,t,2025-12-07 20:29:11.41,2025-12-07 20:29:11.41,t,f,999,FRAME
cmiw6e8no042pitnttt01ju11,"",Clariti Eyewear,,KONISHI KF2369,MAT.MOCHA,C2,53,18,140,844535023673,,,55,165,1,,,t,2025-12-07 20:29:11.892,2025-12-07 20:29:11.892,t,f,999,FRAME
cmiw6e916042ritnth14dv9fj,"",Clariti Eyewear,,KONISHI KF8559,MAT.PLUM,C2,50,18,135,844535024274,,,55,165,1,,,t,2025-12-07 20:29:12.379,2025-12-07 20:29:12.379,t,f,999,FRAME
cmiw6e9ef042titntpvoyesvn,"",Clariti Eyewear,,KONISHI KF8460,PLUM,C2,54,15,140,844535030794,,,60,180,1,,,t,2025-12-07 20:29:12.856,2025-12-07 20:29:12.856,t,f,999,FRAME
cmiw6e9rn042vitntxcgm8jhb,"",Clariti Eyewear,,KONISHI KP5515,MOCHA,C2,54,18,140,844535022782,,,55,165,1,,,t,2025-12-07 20:29:13.332,2025-12-07 20:29:13.332,t,f,999,FRAME
cmiw6ea50042xitnt0apud6v0,"",Lunar Vision,,Luke Bradley Victor,Gunmetal,,53,17,135,7673920482404,,,45,138,1,,,t,2025-12-07 20:29:13.812,2025-12-07 20:29:13.812,t,f,999,FRAME
cmiw6eaid042zitnthry56ev4,"",Lunar Vision,,Luke Bradley Amber,Rose,,51,18,135,6739204820520,,,45,135,1,,,t,2025-12-07 20:29:14.293,2025-12-07 20:29:14.293,t,f,999,FRAME
cmiw6eaw70431itnt827iuki2,"",Lunar Vision,,Luke Bradley Susan,Burgundy,,53,18,135,7673920482121,,,45,135,1,,,t,2025-12-07 20:29:14.791,2025-12-07 20:29:14.791,t,f,999,FRAME
cmiw6eb9d0433itntg5pbdnf5,"",Lunar Vision,,Luke Bradley Garome,Gunmetal,,52,18,135,7673920482022,,,0,67.5,1,,,t,2025-12-07 20:29:15.266,2025-12-07 20:29:15.266,t,f,999,FRAME
cmiw6ebmm0435itntc0t4gdpd,"",Lunar Vision,,Irislcindy,Grey,,51,18,140,,,,50,150,1,,,t,2025-12-07 20:29:15.742,2025-12-07 20:29:15.742,t,f,999,FRAME
cmiw6ebzu0437itntv6zo4eno,"",Lunar Vision,,Cheryl,Purple,,52,17,140,,,,0,75,1,,,t,2025-12-07 20:29:16.218,2025-12-07 20:29:16.218,t,f,999,FRAME
cmiw6ecdd0439itntn2yw64gt,"",Lunar Vision,,Chirs,Gun,,53,18,140,,,,0,75,2,,,t,2025-12-07 20:29:16.705,2025-12-07 20:29:16.705,t,f,999,FRAME
cmiw6ecqh043bitnt0h18pk9a,"",Catherine Deneuve,,CD0358 (CD-358),SHINY LAVENDER,LV,53,16,135,715583010680,,,49,138,1,,,t,2025-12-07 20:29:17.178,2025-12-07 20:29:17.178,t,f,999,FRAME
cmiw6ed5c043ditntkww5xpnv,"",Catherine Deneuve,,CD-324,SATIN BROWN,BRN,53,14,135,,,,46.95,138,2,,,t,2025-12-07 20:29:17.712,2025-12-07 20:29:17.712,t,f,999,FRAME
cmiw6edmz043fitnt5x4m7sw8,"",Catherine Deneuve,,CD-310,SATIN BLACK,SBLK,50,18,135,715583530461,,,45.95,138,1,,,t,2025-12-07 20:29:18.347,2025-12-07 20:29:18.347,t,f,999,FRAME
cmiw6ee32043hitntpj41nwm8,"",Catherine Deneuve,,CD-369,SHINY GREEN,GRN,53,16,135,715583355750,,,46.95,138,1,,,t,2025-12-07 20:29:18.926,2025-12-07 20:29:18.926,t,f,999,FRAME
cmiw6eel1043jitntgonj5t7z,"",Catherine Deneuve,,CD0377,SHINY TORTOISE,TOR,53,16,140,715583401112,,,46.95,138,1,,,t,2025-12-07 20:29:19.574,2025-12-07 20:29:19.574,t,f,999,FRAME
cmiw6ef1y043litntapf6bd08,"",Catherine Deneuve,,CD-306,Tortoise,TO,52,16,135,715583444362,,,46.95,138,1,,,t,2025-12-07 20:29:20.182,2025-12-07 20:29:20.182,t,f,999,FRAME
cmiw6efgo043nitnte6yrbwcy,"",Catherine Deneuve,,CD-357,STRIATED BROWN,BRN,54,16,135,715583010635,,,45.95,138,1,,,t,2025-12-07 20:29:20.713,2025-12-07 20:29:20.713,t,f,999,FRAME
cmiw6efts043pitntnx13fq0f,"",Catherine Deneuve,,CD-378,SHINY GOLD,GLD,54,17,135,715583401372,,,46.95,138,1,,,t,2025-12-07 20:29:21.184,2025-12-07 20:29:21.184,t,f,999,FRAME
cmiw6eg6p043ritnta10ctc3x,"",Izod,,IZOD PFX-94,GUNMETAL,,61,13,145,,,,70,210,1,,,t,2025-12-07 20:29:21.649,2025-12-07 20:29:21.649,t,f,999,FRAME
cmiw6egls043titntlw06jme4,"",Izod,,2026,BROWN HORN,,53,18,135,886453333120,,,55.99,168,1,,,t,2025-12-07 20:29:22.192,2025-12-07 20:29:22.192,t,f,999,FRAME
cmiw6eh2h043vitntt4pa5014,"",Izod,,2009,Green,,54,15,135,886453284880,,,80,240,1,,,t,2025-12-07 20:29:22.794,2025-12-07 20:29:22.794,t,f,999,FRAME
cmiw6ehjv043xitntj826pn9m,"",Izod,,Izod 2004,Black,,54,17,140,886453275895,,,55.99,168,1,,,t,2025-12-07 20:29:23.419,2025-12-07 20:29:23.419,t,f,999,FRAME
cmiw6ei2t043zitnts90k1nng,"",ClearVision,,Quinn,BROWN HORN,,56,18,145,886453311166,,,46.99,141,1,,,t,2025-12-07 20:29:24.102,2025-12-07 20:29:24.102,t,f,999,FRAME
cmiw6eike0441itnt0ie0gezh,"",ClearVision,,Hunter,TORTOISE,,57,15,145,886453317823,,,46.99,141,1,,,t,2025-12-07 20:29:24.734,2025-12-07 20:29:24.734,t,f,999,FRAME
cmiw6eizr0443itnts6f4a1q8,"",ClearVision,,Norman,Gunmetal,,54,18,140,886453283067,,,0,72,1,,,t,2025-12-07 20:29:25.288,2025-12-07 20:29:25.288,t,f,999,FRAME
cmiw6ejct0445itntl656tgpr,"",ClearVision,,Eli,Brown,,50,19,140,886453018904,,,35.99,119,1,,,t,2025-12-07 20:29:25.758,2025-12-07 20:29:25.758,t,f,999,FRAME
cmiw6ejpv0447itnte7cso7h1,"",ClearVision,,Clint,Brown,,60,18,150,765658768961,,,40,120,1,,,t,2025-12-07 20:29:26.227,2025-12-07 20:29:26.227,t,f,999,FRAME
cmiw6ek3c0449itntl1qmqs3v,"",ClearVision,,Walter-Aviator,Gold,,56,19,145,765658586800,,,46.99,141,1,,,t,2025-12-07 20:29:26.712,2025-12-07 20:29:26.712,t,f,999,FRAME
cmiw6ekg9044bitntkfbk7o8q,"",ClearVision,,XL-8,Brown,,60,19,150,886453084572,,,46.99,138,1,,,t,2025-12-07 20:29:27.177,2025-12-07 20:29:27.177,t,f,999,FRAME
cmiw6ekyz044ditntrid4h3x8,"",ClearVision,,Timothy,BLACK,,57,18,145,886453314020,,,42.99,129,1,,,t,2025-12-07 20:29:27.852,2025-12-07 20:29:27.852,t,f,999,FRAME
cmiw6elkb044fitntrbac13a1,"",ClearVision,,Hunter,BLACK,,55,15,140,886453317793,,,46.99,141,1,,,t,2025-12-07 20:29:28.62,2025-12-07 20:29:28.62,t,f,999,FRAME
cmiw6em9m044hitnta6bvo7ka,"",ClearVision,,Bernice,PURPLE MIX,,52,14,130,886453209494,,,42.99,119,1,,,t,2025-12-07 20:29:29.53,2025-12-07 20:29:29.53,t,f,999,FRAME
cmiw6emr8044jitntddjzmw44,"",ClearVision,,Petite 34,BROWN,,47,17,125,886453339344,,,46.99,119,1,,,t,2025-12-07 20:29:30.164,2025-12-07 20:29:30.164,t,f,999,FRAME
cmiw6en4i044litntv5oqk5nu,"",ClearVision,,Durahinge 18,Gunmetal,,53,19,140,886453363196,,,51.99,156,1,,,t,2025-12-07 20:29:30.643,2025-12-07 20:29:30.643,t,f,999,FRAME
cmiw6eni8044nitntuki4yafh,"",DuraHinge,,Durahinge 6,BROWN MATTE,,57,17,145,886453161273,,,51.99,138,1,,,t,2025-12-07 20:29:31.136,2025-12-07 20:29:31.136,t,f,999,FRAME
cmiw6envy044pitntn6wdkq7r,"",DuraHinge,,Durahinge 8,BROWN HORN,,56,15,145,886453204987,,,51.99,138,1,,,t,2025-12-07 20:29:31.63,2025-12-07 20:29:31.63,t,f,999,FRAME
cmiw6eo94044ritntd358dpsi,"",DuraHinge,,Durahinge 1,BROWN MATTE,,52,18,140,886453160818,,,51.99,156,1,,,t,2025-12-07 20:29:32.105,2025-12-07 20:29:32.105,t,f,999,FRAME
cmiw6eomd044titntfl9g2cvu,"",DuraHinge,,Durahinge 51,Navy Horn,,53,16,140,,,,52,156,1,,,t,2025-12-07 20:29:32.582,2025-12-07 20:29:32.582,t,f,999,FRAME
cmiw6eozh044vitntfs973pmg,"",Puriti,,W17,AUBERGINE,,52,16,135,886453338002,,,67.99,204,1,,,t,2025-12-07 20:29:33.054,2025-12-07 20:29:33.054,t,f,999,FRAME
cmiw6epco044xitntb0pib9j8,"",Puriti,,5002,FOREST/BROWN,,53,18,140,886453338910,,,67.99,204,1,,,t,2025-12-07 20:29:33.529,2025-12-07 20:29:33.529,t,f,999,FRAME
cmiw6eppk044zitnt2rh7t1yw,"",Klassic Design,,KD 528,Bronze front w/ tortoise temples,,52,18,135,,,,49.99,150,1,,,t,2025-12-07 20:29:33.992,2025-12-07 20:29:33.992,t,f,999,FRAME
cmiw6eq330451itntydt32nli,"",Klassic Design,,KD 203,Gold,,50,18,135,,,,54.99,150,1,,,t,2025-12-07 20:29:34.479,2025-12-07 20:29:34.479,t,f,999,FRAME
cmiw6eqgb0453itntxe3mq3m7,"",Klassic Design,,KD 206,Gold,,50,18,140,,,,0,75,1,,,t,2025-12-07 20:29:34.955,2025-12-07 20:29:34.955,t,f,999,FRAME
cmiw6eqt80455itnt86ypt4py,"",Klassic Design,,KD 215,Black,,54,17,130,,,,54.99,150,1,,,t,2025-12-07 20:29:35.42,2025-12-07 20:29:35.42,t,f,999,FRAME
cmiw6er6l0457itntte7y42z8,"",Klassic Design,,KD 503,Gunmetal,,54,18,145,,,,54.99,150,1,,,t,2025-12-07 20:29:35.902,2025-12-07 20:29:35.902,t,f,999,FRAME
cmiw6erjt0459itnt465vgyt5,"",Klassic Design,,KD 536,Gunmetal,,56,17,140,,,,54.99,165,1,,,t,2025-12-07 20:29:36.377,2025-12-07 20:29:36.377,t,f,999,FRAME
cmiw6erx0045bitnturkq85eh,"",Klassic Design,,KD 218,Black front/gold temples,,49,17,130,,,,54.99,150,1,,,t,2025-12-07 20:29:36.852,2025-12-07 20:29:36.852,t,f,999,FRAME
cmiw6esbn045ditntl790zfo2,"",Klassic Design,,KD 224,gun front,,51,18,140,,,,54.99,224,1,,,t,2025-12-07 20:29:37.38,2025-12-07 20:29:37.38,t,f,999,FRAME
cmiw6esot045fitnt147juik2,"",Klassic Design,,KD 531,Silver,,52,16,136,,,,54.99,150,1,,,t,2025-12-07 20:29:37.854,2025-12-07 20:29:37.854,t,f,999,FRAME
cmiw6et2a045hitnthgtalgro,"",Klassic Design,,KD 212,Brown,,48,18,135,,,,54.99,150,1,,,t,2025-12-07 20:29:38.339,2025-12-07 20:29:38.339,t,f,999,FRAME
cmiw6etg9045jitnt7eh6brjf,"",Esprit,,ET 17472,Purple,577,50,17,135,883475853742,,,59.99,180,1,,,t,2025-12-07 20:29:38.841,2025-12-07 20:29:38.841,t,f,999,FRAME
cmiw6ettk045litntm44cv629,"",Esprit,,ET 17459,Brown,535,51,16,135,883475812497,,,49.99,150,1,,,t,2025-12-07 20:29:39.32,2025-12-07 20:29:39.32,t,f,999,FRAME
cmiw6eu6o045nitntgb6vtso6,"",Esprit,,ET 17446,Black,538,52,16,140,883475760071,,,47.99,135,1,,,t,2025-12-07 20:29:39.792,2025-12-07 20:29:39.792,t,f,999,FRAME
cmiw6eujy045pitnte7e8ursi,"",Esprit,,ET 17458,Brown,535,49,17,135,883475812435,,,49.99,150,1,,,t,2025-12-07 20:29:40.271,2025-12-07 20:29:40.271,t,f,999,FRAME
cmiw6euxd045ritntonf2b366,"",Esprit,,ET 17455,Brown,535,52,14,135,883475812329,,,47.99,135,1,,,t,2025-12-07 20:29:40.753,2025-12-07 20:29:40.753,t,f,999,FRAME
cmiw6evas045titnt815s6k9a,"",Humphrey's,,594005,brown,60,53,16,140,764724310639,,,49.95,150,1,,,t,2025-12-07 20:29:41.236,2025-12-07 20:29:41.236,t,f,999,FRAME
cmiw6evo4045vitntlv16mt1p,"",Humphrey's,,582175,burgundy,52,52,17,135,764724304065,,,59.95,180,1,,,t,2025-12-07 20:29:41.716,2025-12-07 20:29:41.716,t,f,999,FRAME
cmiw6ew1d045xitntan62zvsb,"",Vivid,,VIVID 831,BROWN/BLUE,,52,17,140,,,,69.99,119,1,,,t,2025-12-07 20:29:42.193,2025-12-07 20:29:42.193,t,f,999,FRAME
cmiw6ewet045zitnt1dou4bmh,"",Vivid,,VIVID 379,matt black,,56,20,145,,,,0,75,1,,,t,2025-12-07 20:29:42.677,2025-12-07 20:29:42.677,t,f,999,FRAME
cmiw6ewrz0461itntaxu8fwkd,"",Vivid,,Boutique 5005,Black/Tan,30,52,17,135,,,,45,135,1,,,t,2025-12-07 20:29:43.152,2025-12-07 20:29:43.152,t,f,999,FRAME
cmiw6ex5c0463itntfgto9pmy,"",Aristar,,AR 18428,Blue,543,50,15,140,883475864441,,,39.99,119,1,,,t,2025-12-07 20:29:43.632,2025-12-07 20:29:43.632,t,f,999,FRAME
cmiw6exia0465itntuvym904q,"",Aristar,,AR 6890,Pink,534,54,18,135,883475179255,,,47.99,144,1,,,t,2025-12-07 20:29:44.098,2025-12-07 20:29:44.098,t,f,999,FRAME
cmiw6exvt0467itnt9beidopd,"",Aristar,,AR 6714,Antique Gray,054,54,17,140,799084038572,,,29.99,119,1,,,t,2025-12-07 20:29:44.585,2025-12-07 20:29:44.585,t,f,999,FRAME
cmiw6ey8z0469itntazkmz9cd,"",Aristar,,AR 6102,Brown,035,57,18,145,799084000395,,,29.99,119,1,,,t,2025-12-07 20:29:45.059,2025-12-07 20:29:45.059,t,f,999,FRAME
cmiw6eym8046bitnt78jmzvzk,"",Aristar,,AR 6789,Gold,584,50,20,140,883475514629,,,42.99,126,1,,,t,2025-12-07 20:29:45.536,2025-12-07 20:29:45.536,t,f,999,FRAME
cmiw6eyzb046ditntf372lrgq,"",Aristar,,AR 16402,Brown,535,53,16,135,883475680881,,,39.99,120,1,,,t,2025-12-07 20:29:46.008,2025-12-07 20:29:46.008,t,f,999,FRAME
cmiw6ezcj046fitnt59isfv5f,"",Aristar,,AR 16346,White Gold,553,54,17,135,883475759563,,,39.99,120,1,,,t,2025-12-07 20:29:46.484,2025-12-07 20:29:46.484,t,f,999,FRAME
cmiw6ezpu046hitntg609298i,"",Aristar,,AR 6865,Brown,035,50,15,130,806334795847,,,34.99,119,1,,,t,2025-12-07 20:29:46.962,2025-12-07 20:29:46.962,t,f,999,FRAME
cmiw6f02y046jitnttaxy1a0r,"",Aristar,,AR 16207,Black,538,53,18,145,883475706963,,,39.99,120,1,,,t,2025-12-07 20:29:47.434,2025-12-07 20:29:47.434,t,f,999,FRAME
cmiw6f0g2046litntzdf9gfoj,"",Aristar,,AR 6779,Brown,535,55,17,140,883475375558,,,39.99,125,0,,,t,2025-12-07 20:29:47.906,2025-12-07 20:29:47.906,t,f,999,FRAME
cmiw6f0mi046mitntnsd38pkl,"",Aristar,,AR 16216,Olive,527,47,19,140,883475761030,,,59.99,180,1,,,t,2025-12-07 20:29:48.139,2025-12-07 20:29:48.139,t,f,999,FRAME
cmiw6f10w046oitntjeiicwnc,"",SuperFlex,,SF-1063T,GOLD,1,52,17,135,881814487061,,,67.95,120,1,,,t,2025-12-07 20:29:48.657,2025-12-07 20:29:48.657,t,f,999,FRAME
cmiw6f1e4046qitnthk45f1o0,"",SuperFlex,,SF-461,PURPLE PINK,3,50,16,135,881814485524,,,39.99,120,1,,,t,2025-12-07 20:29:49.133,2025-12-07 20:29:49.133,t,f,999,FRAME
cmiw6f1r9046sitntja44voh4,"",SuperFlex,,SF-431,BROWN,1,53,17,135,881814458665,,,39.99,120,1,,,t,2025-12-07 20:29:49.605,2025-12-07 20:29:49.605,t,f,999,FRAME
cmiw6f24n046uitntn5pjteuk,"",SuperFlex,,SF-425,BURGUNDY CHAMPAGNE,2,48,17,130,881814453509,,,39.99,120,1,,,t,2025-12-07 20:29:50.088,2025-12-07 20:29:50.088,t,f,999,FRAME
cmiw6f2ht046witntdbf6gfo0,"",SuperFlex,,SF-447,PURPLE FUCHSIA,2,50,18,140,881814476638,,,39.99,140,1,,,t,2025-12-07 20:29:50.562,2025-12-07 20:29:50.562,t,f,999,FRAME
cmiw6f2uw046yitnt51bz7w4a,"",SuperFlex,,SF-479,Black Brown,2,54,16,140,881814500982,,,39.99,120,1,,,t,2025-12-07 20:29:51.032,2025-12-07 20:29:51.032,t,f,999,FRAME
cmiw6f38c0470itntudo5892l,"",SuperFlex,,SF-437,BLACK BLUE,2,48,16,135,881814463638,,,39.99,120,1,,,t,2025-12-07 20:29:51.516,2025-12-07 20:29:51.516,t,f,999,FRAME
cmiw6f3ln0472itnt2l4xf9jn,"",SuperFlex,,SF-443,MATTE BLACK,3,51,19,140,881814472388,,,39.99,120,1,,,t,2025-12-07 20:29:51.996,2025-12-07 20:29:51.996,t,f,999,FRAME
cmiw6f40g0474itnt066zk679,"",SuperFlex,,SF-435,BROWN TURQUOISE,3,49,16,130,881814462198,,,39.99,120,1,,,t,2025-12-07 20:29:52.529,2025-12-07 20:29:52.529,t,f,999,FRAME
cmiw6f4dx0476itntaft7v4om,"",SuperFlex,,SF-1070T,Black,2,56,18,145,881814502542,,,67.95,120,1,,,t,2025-12-07 20:29:53.013,2025-12-07 20:29:53.013,t,f,999,FRAME
cmiw6f4rn0478itntbd92h3vu,"",SuperFlex,,SF-1066T,Gun,2,56,18,145,881814498494,,,69,207,1,,,t,2025-12-07 20:29:53.507,2025-12-07 20:29:53.507,t,f,999,FRAME
cmiw6f54s047aitntiejlymyl,"",Smart,,SMART S7253,WINE,,52,18,135,844535020993,,,39.95,119,1,,,t,2025-12-07 20:29:53.981,2025-12-07 20:29:53.981,t,f,999,FRAME
cmiw6f5hx047citnty8gmyy9i,"",Smart,,SMART S2210,MATTE GREY,C3,56,17,140,844535004276,,,39.95,119,1,,,t,2025-12-07 20:29:54.453,2025-12-07 20:29:54.453,t,f,999,FRAME
cmiw6f5vc047eitnteqenirg0,"",Clariti Eyewear,,SMART S2694,BLACK/BLUE,C3,54,18,140,844535029507,,,39.95,119,1,,,t,2025-12-07 20:29:54.937,2025-12-07 20:29:54.937,t,f,999,FRAME
cmiw6f68j047gitnt9s4z2lez,"",Smart,,SMART S2210,GOLD,C1,56,17,140,844535004252,,,39.95,119,1,,,t,2025-12-07 20:29:55.411,2025-12-07 20:29:55.411,t,f,999,FRAME
cmiw6f6lo047iitntn6v4hz5k,"",Smart,,SMART S7134,BLACK/PURPLE,C4,52,18,140,844535029996,,,39.95,119,1,,,t,2025-12-07 20:29:55.885,2025-12-07 20:29:55.885,t,f,999,FRAME
cmiw6f6z9047kitntyuidt924,"",Smart,,SMART S2705,BLACK/LEOPARD,C1,50,17,140,844535036451,,,39.95,119,1,,,t,2025-12-07 20:29:56.374,2025-12-07 20:29:56.374,t,f,999,FRAME
cmiw6f7co047mitntcdsie4b1,"",Clariti Eyewear,,SMART S2631,GUN,,52,18,138,844535012523,,,39.95,119,1,,,t,2025-12-07 20:29:56.857,2025-12-07 20:29:56.857,t,f,999,FRAME
cmiw6f7py047oitntj22utxim,"",Clariti Eyewear,,SMART S2697,BLACK/PURPLE,C2,45,17,133,844535032361,,,39.95,119,1,,,t,2025-12-07 20:29:57.334,2025-12-07 20:29:57.334,t,f,999,FRAME
cmiw6f833047qitnt7ensz1io,"",Clariti Eyewear,,SMART S7135,BLACK/BURGUNDY,C2,53,17,135,844535030022,,,39.95,119,1,,,t,2025-12-07 20:29:57.807,2025-12-07 20:29:57.807,t,f,999,FRAME
cmiw6f8gg047sitntg1vd3jiy,"",Clariti Eyewear,,SMART S7356,GOLD,C1,56,18,145,844535024526,,,39.95,119,1,,,t,2025-12-07 20:29:58.288,2025-12-07 20:29:58.288,t,f,999,FRAME
cmiw6f8u9047uitntkz9giv50,"",Clariti Eyewear,,SMART S7362,LILAC,C2,56,18,135,844535030282,,,39.95,119,1,,,t,2025-12-07 20:29:58.785,2025-12-07 20:29:58.785,t,f,999,FRAME
cmiw6f97q047witntp9eyjc9f,"",Smart,,SMART S2804,NAVY BLUE,C3,53,20,147,844535035119,,,39.95,119,1,,,t,2025-12-07 20:29:59.27,2025-12-07 20:29:59.27,t,f,999,FRAME
cmiw6f9l0047yitntpuoy3rzc,"",Smart,,SMART S7129,PURPLE/STRIPE,C3,50,21,140,844535028098,,,39.5,119,1,,,t,2025-12-07 20:29:59.749,2025-12-07 20:29:59.749,t,f,999,FRAME
cmiw6f9yv0480itnty2xjdl1e,"",Smart,,SMART S2808,CRYSTAL BLUE/BLACK,C1,49,20,140,844535035218,,,39.95,119,1,,,t,2025-12-07 20:30:00.247,2025-12-07 20:30:00.247,t,f,999,FRAME
cmiw6faci0482itnt5zo5b8wf,"",Jessica Mc Clintock,,4803,TEAL LAMINATE,,48,15,130,886453340326,,,46.99,141,1,,,t,2025-12-07 20:30:00.739,2025-12-07 20:30:00.739,t,f,999,FRAME
cmiw6faq10484itntbsz1oix3,"",Jessica Mc Clintock,,4805,EGGPLANT BERRY,,48,16,130,886453340883,,,46.99,141,1,,,t,2025-12-07 20:30:01.225,2025-12-07 20:30:01.225,t,f,999,FRAME
cmiw6fb3k0486itntx2j8w1g3,"",Jessica Mc Clintock,,JMC 428,AUBERGINE,,46,16,125,886453187655,,,56.99,165,1,,,t,2025-12-07 20:30:01.713,2025-12-07 20:30:01.713,t,f,999,FRAME
cmiw6fbgs0488itntoiwnn3a5,"",Savvy Eyewear,,SV0381 (SAVVY 381),SATIN SLATE,SSL,53,16,135,715583767386,,,0,59.5,1,,,t,2025-12-07 20:30:02.188,2025-12-07 20:30:02.188,t,f,999,FRAME
cmiw6fbvy048aitntpd4gxpdb,"",Savvy Eyewear,,SAVVY 374,MATTE ROSE GOLD,GLD,52,19,135,715583623460,,,34.95,119,1,,,t,2025-12-07 20:30:02.734,2025-12-07 20:30:02.734,t,f,999,FRAME
cmiw6fc96048citntjmvjjriz,"",Savvy Eyewear,,SAVVY 337,GOLD,GLD,51,17,135,715583386587,,,34.95,119,1,,,t,2025-12-07 20:30:03.211,2025-12-07 20:30:03.211,t,f,999,FRAME
cmiw6fcme048eitntn7wlygkz,"",Savvy Eyewear,,SAVVY 369,CRYSTAL TAN,BRN,51,17,140,715583642607,,,0,59.5,1,,,t,2025-12-07 20:30:03.686,2025-12-07 20:30:03.686,t,f,999,FRAME
cmiw6fczo048gitnt6xgnasgj,"",Savvy Eyewear,,SV0385 (SAVVY 385),BROWN/TORTOISE,BRNTO,53,16,140,715583946538,,,36,119,1,,,t,2025-12-07 20:30:04.164,2025-12-07 20:30:04.164,t,f,999,FRAME
cmiw6fdcs048iitntk509a6vq,"",Savvy Eyewear,,SAVVY 387,SATIN BLACK,SBLK,52,17,135,715583002128,,,20,40,1,,,t,2025-12-07 20:30:04.636,2025-12-07 20:30:04.636,t,f,999,FRAME
cmiw6fdpv048kitntawhaqgzq,"",National,,NA0339,Light Brown/Other,047,48,15,135,664689714056,,,59.5,179,1,,,t,2025-12-07 20:30:05.107,2025-12-07 20:30:05.107,t,f,999,FRAME
cmiw6fe2x048mitntsy8bz2q5,"",National,,NA0319 ADAM,Shiny Gunmetal,008,55,17,145,664689616831,,,29.99,119,1,,,t,2025-12-07 20:30:05.577,2025-12-07 20:30:05.577,t,f,999,FRAME
cmiw6feg0048oitntvdwn3c2n,"",Skechers,,SE3108 (SK 3108),GUNMETAL,MGUN,54,17,145,715583719057,,,0,75,1,,,t,2025-12-07 20:30:06.048,2025-12-07 20:30:06.048,t,f,999,FRAME
cmiw6fet5048qitntwqizjegm,"",Skechers,,SK 3107,MATTE BURGUNDY,BUR,54,18,145,715583719002,,,51.95,150,1,,,t,2025-12-07 20:30:06.521,2025-12-07 20:30:06.521,t,f,999,FRAME
cmiw6ff6f048sitntn4m1q2ow,"",Skechers,,SK 2086,TORTOISE,TOR,52,16,135,715583733718,,,46.95,67.5,1,,,t,2025-12-07 20:30:07,2025-12-07 20:30:07,t,f,999,FRAME
cmiw6ffld048uitnt9dfrcn12,"",Skechers,,SK 1015,Navy Milky Blue,NVBL,45,16,125,715583250758,,,32,105,1,,,t,2025-12-07 20:30:07.484,2025-12-07 20:30:07.484,t,f,999,FRAME
cmiw6ffyt048witntbvw8w8xl,"",ClearVision,,Watertown,Black,,52,18,135,886453314846,,,46.99,141,1,,,t,2025-12-07 20:30:08.021,2025-12-07 20:30:08.021,t,f,999,FRAME
cmiw6fgc4048yitntqykj5k3p,"",Junction City,,Darien,BLACK,,54,16,140,886453267586,,,42.99,129,1,,,t,2025-12-07 20:30:08.5,2025-12-07 20:30:08.5,t,f,999,FRAME
cmiw6fgq80490itntf08heh7e,"",ClearVision,,Nashville,EGGPLANT,,51,15,135,886453329178,,,46.99,141,1,,,t,2025-12-07 20:30:09.009,2025-12-07 20:30:09.009,t,f,999,FRAME
cmiw6fh3h0492itnthwy4yhtf,"",ClearVision,,Cascade Park,BLACK,,52,15,140,886453203188,,,42.99,129,1,,,t,2025-12-07 20:30:09.486,2025-12-07 20:30:09.486,t,f,999,FRAME
cmiw6fhgu0494itnt54tz4lfh,"",Junction City,,Westlake Park,NAVY FADE,,54,17,145,886453323596,,,42.99,129,1,,,t,2025-12-07 20:30:09.966,2025-12-07 20:30:09.966,t,f,999,FRAME
cmiw6fhu40496itnttg6n8x7x,"",Junction City,,Cedar Park,Black Tortoise,,50,17,135,886453351957,,,42.99,129,1,,,t,2025-12-07 20:30:10.445,2025-12-07 20:30:10.445,t,f,999,FRAME
cmiw6fi7f0498itntntn11t8d,"",Junction City,,Rickwood Park,BLACK LAMINATE,,54,18,145,886453203393,,,42.99,119,1,,,t,2025-12-07 20:30:10.924,2025-12-07 20:30:10.924,t,f,999,FRAME
cmiw6fiky049aitntx69jo2ol,"",Junction City,,Troy,BLACK,,54,17,140,886453228013,,,42.99,129,1,,,t,2025-12-07 20:30:11.41,2025-12-07 20:30:11.41,t,f,999,FRAME
cmiw6fiy3049citnt8c69r2n6,"",Ted Baker,,B237,black/teal,BLK,49,16,130,764724325534,,,74.95,240,1,,,t,2025-12-07 20:30:11.883,2025-12-07 20:30:11.883,t,f,999,FRAME
cmiw6fjbb049eitnto9kjuaww,"",Guess?,,GU 1652,Brown,BRN,52,17,135,,,,67.95,204,1,,,t,2025-12-07 20:30:12.359,2025-12-07 20:30:12.359,t,f,999,FRAME
cmiw6fjoi049gitntlwtfnlrr,"",DIESEL,,DL5012,Black/ white/ pearl grey,005,52,16,140,664689547913,,,0,93,1,,,t,2025-12-07 20:30:12.834,2025-12-07 20:30:12.834,t,f,999,FRAME
cmiw6fk1y049iitnt1yworvb1,"",Marcolin®,,MA7328 MERCY,Gunmetal/Mauve,008,48,19,135,664689632749,,,39.99,119,1,,,t,2025-12-07 20:30:13.318,2025-12-07 20:30:13.318,t,f,999,FRAME
cmiw6fkez049kitnt1317m088,"",Clariti Eyewear,,MONALISA M8816,LILAC/MARBLE,C2,53,13,135,844535028821,,,68,204,1,,,t,2025-12-07 20:30:13.787,2025-12-07 20:30:13.787,t,f,999,FRAME
cmiw6fks0049mitnt0180szdd,"",Blue Ribbon,,BR26,Blue Mist,,53,15,135,,,,40,120,1,,,t,2025-12-07 20:30:14.256,2025-12-07 20:30:14.256,t,f,999,FRAME
cmiw6fl5d049oitntfe764d50,"",Aero,,F71,Gry/Nvy,,51,16,135,891160587605,,,60,180,1,,,t,2025-12-07 20:30:14.737,2025-12-07 20:30:14.737,t,f,999,FRAME
cmiw6fli7049qitntp492hbhc,"",Rampage,,RA0156,Shiny Light Brown,045,51,16,135,715583573635,,,56,159,1,,,t,2025-12-07 20:30:15.2,2025-12-07 20:30:15.2,t,f,999,FRAME
cmiw6flv8049sitnty4pnjdmd,"",Rampage,,RA0155A,Black/Other,005,53,17,135,715583573581,,,56,159,1,,,t,2025-12-07 20:30:15.668,2025-12-07 20:30:15.668,t,f,999,FRAME
cmiw6fm8d049uitntplr91z7z,"",Rampage,,R 174,MATTE BURGUNDY,BU,51,17,135,715583654372,,,56,159,1,,,t,2025-12-07 20:30:16.141,2025-12-07 20:30:16.141,t,f,999,FRAME
cmiw6fmlp049witntgbee5gyn,"",Rampage,,R 169,PLUM,PL,50,16,135,715583514744,,,54.95,159,1,,,t,2025-12-07 20:30:16.622,2025-12-07 20:30:16.622,t,f,999,FRAME
cmiw6fmyw049yitnt786jk5no,"",Clariti Eyewear,,MONALISA M8818,BLACK,C1,53,16,140,844535031722,,,68,204,1,,,t,2025-12-07 20:30:17.096,2025-12-07 20:30:17.096,t,f,999,FRAME
cmiw6fnc004a0itntg88m9obs,"",Clariti Eyewear,,MONALISA M8724,Dark Tortoise,C3,54,16,,844535031234,,,68,204,1,,,t,2025-12-07 20:30:17.569,2025-12-07 20:30:17.569,t,f,999,FRAME
cmiw6fnpf04a2itntsltaaynp,"",Marcolin®,,MA7327 GRACE,Shiny Gunmetal/Pink,008,54,17,135,664689610693,,,39.99,119,1,,,t,2025-12-07 20:30:18.052,2025-12-07 20:30:18.052,t,f,999,FRAME
cmiw6fo2o04a4itnthaug70sy,"",Marcolin®,,MA7313 EDITH,Shiny Bordeaux,,54,17,130,664689582303,,,39.99,119,1,,,t,2025-12-07 20:30:18.528,2025-12-07 20:30:18.528,t,f,999,FRAME
cmiw6foga04a6itntytmup1or,"",Marcolin®,,MA7329 DAWN,Dark brown/ gold,,53,17,135,664689635078,,,39.99,120,1,,,t,2025-12-07 20:30:19.019,2025-12-07 20:30:19.019,t,f,999,FRAME
cmiw6fotn04a8itntkwbehxzy,"",Red Raven,,Kings Peak,TORTOISE,,47,19,140,886453173405,,,49.99,150,1,,,t,2025-12-07 20:30:19.499,2025-12-07 20:30:19.499,t,f,999,FRAME
cmiw6fpaa04aaitnttob0btbj,"",Red Raven,,Tarleton,BLUE SILVER MATTE,,54,16,140,886453176536,,,49.99,150,1,,,t,2025-12-07 20:30:20.098,2025-12-07 20:30:20.098,t,f,999,FRAME
cmiw6fpny04acitnt6vymphjr,"",189 Optical Corporate,,B113,Black,,50,18,,,,,0,90,1,,,t,2025-12-07 20:30:20.59,2025-12-07 20:30:20.59,t,f,999,FRAME
cmiw6fq1h04aeitntus60hcbb,"",189 Optical Corporate,,B110,BLACK,,56,18,145,,,,0,90,1,,,t,2025-12-07 20:30:21.077,2025-12-07 20:30:21.077,t,f,999,FRAME
cmiw6fqeo04agitntj1gcje6m,"",Candies,,C SKYLAR,TRANSLUCENT BROWN,BRN,51,17,135,715583945241,,,49.95,150,1,,,t,2025-12-07 20:30:21.552,2025-12-07 20:30:21.552,t,f,999,FRAME
cmiw6fqru04aiitntg5txpck3,"",Candies,,CA0104,Havana/Other,056,50,18,135,715583564442,,,52,150,1,,,t,2025-12-07 20:30:22.027,2025-12-07 20:30:22.027,t,f,999,FRAME
cmiw6fr5204akitntrdynb1k5,"",Laura Ashley,,Aerin,Dar Roast,,53,16,130,747754013008,,,59.95,180,1,,,t,2025-12-07 20:30:22.503,2025-12-07 20:30:22.503,t,f,999,FRAME
cmiw6frjl04amitnth5d60wsf,"",Laura Ashley,,Belle,Oyster,,53,17,130,747754013664,,,62.95,180,1,,,t,2025-12-07 20:30:23.026,2025-12-07 20:30:23.026,t,f,999,FRAME
cmiw6frwv04aoitntz8fa4kmj,"",Sophia Loren,,Sophia Loren 1520,Rose,225,55,15,140,741558139445,,,0,64.5,1,,,t,2025-12-07 20:30:23.504,2025-12-07 20:30:23.504,t,f,999,FRAME
cmiw6fsa704aqitntqth7ju1s,"",Ray-Ban,,RB2447,Black,901,49,21,145,,,,79.99,240,1,,,t,2025-12-07 20:30:23.983,2025-12-07 20:30:23.983,t,f,999,FRAME
cmiw6fsno04asitnteon9g1jg,"",Ray-Ban Rx,,RX7163,Matte Red Havana,5678,53,19,145,8053672666687,,,73.46,222,1,,,t,2025-12-07 20:30:24.469,2025-12-07 20:30:24.469,t,f,999,FRAME
cmiw6ft0w04auitntp7r89bk5,"",Ray-Ban Rx,,RX6370,GUNMETAL,2502,55,18,145,8053672646078,,,64.52,195,1,,,t,2025-12-07 20:30:24.944,2025-12-07 20:30:24.944,t,f,999,FRAME
cmiw6ftds04awitntjggvd4xc,"",Ray-Ban,,RB4246,2372,,47,19,140,,,,69,207,2,,,t,2025-12-07 20:30:25.409,2025-12-07 20:30:25.409,t,f,999,FRAME
cmiw6ftqz04ayitntvg4b5xd7,"",Ray-Ban Rx,,RX8903,Black,5681,53,18,145,8053672667776,,,88.11,264,1,,,t,2025-12-07 20:30:25.883,2025-12-07 20:30:25.883,t,f,999,FRAME
cmiw6fu4e04b0itnt44gnsxbf,"",Ray-Ban Rx,,RX8954,Dark Grey Graphene,8029,48,18,140,8053672728682,,,86.86,261,1,,,t,2025-12-07 20:30:26.366,2025-12-07 20:30:26.366,t,f,999,FRAME
cmiw6fuhs04b2itntz9ykodn7,"",Ray-Ban Rx,,RX5150,Top Havana On Opal Viole,5240,50,19,135,,,,56,168,1,,,t,2025-12-07 20:30:26.848,2025-12-07 20:30:26.848,t,f,999,FRAME
cmiw6fuv104b4itntls7wq2kh,"",Ray-Ban Rx,,RX6397,Gunmetal,2934,52,19,140,8053672729276,,,68.99,207,1,,,t,2025-12-07 20:30:27.325,2025-12-07 20:30:27.325,t,f,999,FRAME
cmiw6fv8f04b6itntzof1pnpo,"",Ray-Ban,,RB6344,Tort/Gold,2917,54,17,140,,,,65,195,1,,,t,2025-12-07 20:30:27.807,2025-12-07 20:30:27.807,t,f,999,FRAME
cmiw6fvm004b8itnt98ph6ita,"",Ray-Ban,,RB3530,Gold/BRN/Blue,001/13,58,17,140,,,,82,246,1,,,t,2025-12-07 20:30:28.296,2025-12-07 20:30:28.296,t,f,999,FRAME
cmiw6fvzk04baitntqbewgkrq,"",Ray-Ban Rx,,RX6362,Silver/Top Shiny Black,2861,53,19,145,8053672727913,,,64.52,195,1,,,t,2025-12-07 20:30:28.785,2025-12-07 20:30:28.785,t,f,999,FRAME
cmiw6fwd104bcitntpgdeb3g9,"",Ray-Ban,,RB3548-N,Gold/Blue Mirror,001/9O,51,21,145,,,,87,261,1,,,t,2025-12-07 20:30:29.269,2025-12-07 20:30:29.269,t,f,999,FRAME
cmiw6fwq904beitnt9f0enbnj,"",Michael Kors,,MK4031,Tiger Tortoise,3169,49,15,135,725125961424,,,74.45,225,1,,,t,2025-12-07 20:30:29.745,2025-12-07 20:30:29.745,t,f,999,FRAME
cmiw6fx4i04bgitntkjphk00d,"",Michael Kors,,MK4038,Dk Tortoise,3217,51,14,135,725125971553,,,45.43,138,1,,,t,2025-12-07 20:30:30.259,2025-12-07 20:30:30.259,t,f,999,FRAME
cmiw6fxi604biitntq552qkzz,"",Michael Kors,,MK4034,Black,3204,52,18,135,725125971287,,,61.76,186,1,,,t,2025-12-07 20:30:30.75,2025-12-07 20:30:30.75,t,f,999,FRAME
cmiw6fxvr04bkitntcfl1zbyx,"",Michael Kors,,MK4035 AMBROSINE,Dark Tortoise,3202,51,15,135,725125971096,,,61.76,186,1,,,t,2025-12-07 20:30:31.239,2025-12-07 20:30:31.239,t,f,999,FRAME
cmiw6fyai04bmitnttq7kqqkp,"",Michael Kors,,MK4032,Tiger Tortoise,3169,51,17,135,725125961783,,,74.45,225,1,,,t,2025-12-07 20:30:31.77,2025-12-07 20:30:31.77,t,f,999,FRAME
cmiw6fyow04boitntgt6962yk,"",Michael Kors,,MK4043,Black/Tortoise,3255,53,15,135,725125977029,,,67.2,168,1,,,t,2025-12-07 20:30:32.288,2025-12-07 20:30:32.288,t,f,999,FRAME
cmiw6fz3504bqitntyxgk863b,"",Michael Kors,,MK4043,Gray Tort Graphic,3260,51,15,135,725125977050,,,67.2,168,1,,,t,2025-12-07 20:30:32.802,2025-12-07 20:30:32.802,t,f,999,FRAME
cmiw6fzgf04bsitnt3vvk7tbo,"",Michael Kors,,MK2046,Teal/Silver,323848,54,17,,,,,43,129,1,,,t,2025-12-07 20:30:33.28,2025-12-07 20:30:33.28,t,f,999,FRAME
cmiw6fzti04buitntbitaj0kt,"",Michael Kors,,MK1015,Gold/Blue,11324L,58,14,140,,,,87,261,1,,,t,2025-12-07 20:30:33.75,2025-12-07 20:30:33.75,t,f,999,FRAME
cmiw6g06o04bwitntufbzl3p8,"",Michael Kors,,MK2047,White Tort,,53,18,140,,,,66,198,1,,,t,2025-12-07 20:30:34.225,2025-12-07 20:30:34.225,t,f,999,FRAME
cmiw6g0ka04byitnt7audb4f4,"",Michael Kors,,MK2049,White Tort,325411,55,18,140,,,,66,198,1,,,t,2025-12-07 20:30:34.714,2025-12-07 20:30:34.714,t,f,999,FRAME
cmiw6g0y604c0itntqk0u5862,"",Michael Kors,,MK1019,Blue/Silver,116755,59,15,135,,,,87,261,1,,,t,2025-12-07 20:30:35.214,2025-12-07 20:30:35.214,t,f,999,FRAME
cmiw6g1bi04c2itnthrl56laj,"",Polo,,PH1168,Matte Dark Gunmetal,9187,53,18,145,8053672643831,,,61.48,186,1,,,t,2025-12-07 20:30:35.694,2025-12-07 20:30:35.694,t,f,999,FRAME
cmiw6g1oz04c4itnt4zo9uid2,"",Polo,,PH2065,TOP BROWN/HAVANA,5035,54,16,140,713132332535,,,0,189,1,,,t,2025-12-07 20:30:36.179,2025-12-07 20:30:36.179,t,f,999,FRAME
cmiw6g23e04c6itntpjzhb7qf,"",Polo,,PH2152,Matte Cristal Blue,5276,52,17,145,8053672470246,,,63.84,192,1,,,t,2025-12-07 20:30:36.699,2025-12-07 20:30:36.699,t,f,999,FRAME
cmiw6g4gg04cgitntaz8mz2b7,"",Betsey Johnson,,Bj442111,Purple,500,60,15,128,,,,40,120,1,,,t,2025-12-07 20:30:39.76,2025-12-07 20:30:39.76,t,f,999,FRAME
cmiw6g4ts04ciitntjewfc8b2,"",Smith Optics,,Mt Shasta/Poppy,Carbonic,90,56,17,140,,,,40,120,1,,,t,2025-12-07 20:30:40.24,2025-12-07 20:30:40.24,t,f,999,FRAME
cmiw6g5bg04ckitntepds0h5y,"",Exces,,RK2,Brown/Pink,201,52,17,135,,,,50,150,1,,,t,2025-12-07 20:30:40.876,2025-12-07 20:30:40.876,t,f,999,FRAME
cmiw6g5su04cmitntj8104vj9,"",Brendel,,916001,Navy,70,54,17,135,,,,70,210,1,,,t,2025-12-07 20:30:41.503,2025-12-07 20:30:41.503,t,f,999,FRAME
cmiw6g6a604coitntg0cjwts4,"",Betsey Johnson,,BJ169127,Black/Pink,,54,16,137,,,,50,150,1,,,t,2025-12-07 20:30:42.126,2025-12-07 20:30:42.126,t,f,999,FRAME
cmiw6g6s404cqitntrb18at59,"",Carrera,,CA5019/S,Tort/Pink,NB1UE,54,19,145,,,,59,177,1,,,t,2025-12-07 20:30:42.772,2025-12-07 20:30:42.772,t,f,999,FRAME
cmiw6g75w04csitnt16yu02n9,"",Nike,,EVO786,Gray/Pink,,58,17,150,,,,73,219,1,,,t,2025-12-07 20:30:43.268,2025-12-07 20:30:43.268,t,f,999,FRAME
cmiw6g7is04cuitntgnbz5oxd,"",Ted Baker,,B567,Purple,PUR,54,16,135,,,,80,240,1,,,t,2025-12-07 20:30:43.732,2025-12-07 20:30:43.732,t,f,999,FRAME
cmiw6g7vx04cwitntzyj6ufsl,"",Guess?,,GU7332,BLK-3,,61,17,135,,,,41,123,1,,,t,2025-12-07 20:30:44.205,2025-12-07 20:30:44.205,t,f,999,FRAME
cmiw6g8ct04cyitntjusjq0wt,"",ELLE,,EL 14821,Purple,PU,59,13,145,,,,45,135,1,,,t,2025-12-07 20:30:44.813,2025-12-07 20:30:44.813,t,f,999,FRAME
cmiw6g8v604d0itntr5ygg935,"",Flexon,,5001RX,Black,001,58,15,140,,,,88,264,1,,,t,2025-12-07 20:30:45.474,2025-12-07 20:30:45.474,t,f,999,FRAME
cmiw6g9gl04d2itnto9tuha4y,"",Nike,,EVO758,Black/Blue,049,58,18,150,,,,72,216,2,,,t,2025-12-07 20:30:46.245,2025-12-07 20:30:46.245,t,f,999,FRAME
cmiw6g9zg04d4itntyjv4txfn,"",Nike,,EVO572,Black,095,58,18,150,,,,85,256,1,,,t,2025-12-07 20:30:46.924,2025-12-07 20:30:46.924,t,f,999,FRAME
cmiw6gahr04d6itnto9cclu2h,"",Smith Optics,,LOWDOWN,Black (Ies),0D28,56,16,135,715757438333,,,44.5,119,1,,,t,2025-12-07 20:30:47.583,2025-12-07 20:30:47.583,t,f,999,FRAME
cmiw6gavh04d8itntl1qw9x7k,"",Guess?,,GU6805,Blue/Red,NV-3F,55,18,140,,,,48,144,1,,,t,2025-12-07 20:30:48.078,2025-12-07 20:30:48.078,t,f,999,FRAME
cmiw6gb8s04daitntr6088k2s,"",Geoffrey Beene,,G817,Brown,BRN,55,17,140,764724309503,,,59.95,210,1,,,t,2025-12-07 20:30:48.556,2025-12-07 20:30:48.556,t,f,999,FRAME
cmiw6gbly04dcitnt3cbd64rr,"",Geoffrey Beene,,G815,Black,BLK,56,16,140,764724309466,,,59.95,210,1,,,t,2025-12-07 20:30:49.031,2025-12-07 20:30:49.031,t,f,999,FRAME
cmiw6gc2i04deitnti924z8is,"",Flexon,,5025RX,Brown,210,60,15,140,,,,98,294,1,,,t,2025-12-07 20:30:49.626,2025-12-07 20:30:49.626,t,f,999,FRAME
cmiw6gcla04dgitntyyu57aju,"",Harley Davidson,,HDX869,Gun,35,61,16,135,,,,45,135,1,,,t,2025-12-07 20:30:50.302,2025-12-07 20:30:50.302,t,f,999,FRAME
cmiw6gd2y04diitnt3qlt4zqi,"",Dragon,,DR Count H2O,Matte H2O Black Grey,041,58,15,140,,,,90,270,1,,,t,2025-12-07 20:30:50.938,2025-12-07 20:30:50.938,t,f,999,FRAME
cmiw6gdks04dkitnt5aijutnc,"",COACH,,HC7059,Gold Purple/Purple Confetti,92482P,58,15,135,,,,67,201,1,,,t,2025-12-07 20:30:51.581,2025-12-07 20:30:51.581,t,f,999,FRAME
cmiw6ge1u04dmitnt2rdxp4dx,"",COACH,,HC6040 BROOKLYN,Dark Tortoise/Teal,5116,52,16,135,725125903424,,,81.2,244,1,,,t,2025-12-07 20:30:52.194,2025-12-07 20:30:52.194,t,f,999,FRAME
cmiw6geho04doitnt40mpl1ll,"",COACH,,HC5083B,Gold/Dark Tortoise,9238,51,14,135,725125964623,,,83.73,252,1,,,t,2025-12-07 20:30:52.765,2025-12-07 20:30:52.765,t,f,999,FRAME
cmiw6gewj04dqitntymh56vus,"",COACH,,HC5001,Dark Silver,9021,52,,,679420489407,,,70,225,1,,,t,2025-12-07 20:30:53.299,2025-12-07 20:30:53.299,t,f,999,FRAME
cmiw6gf9l04dsitnt7973k48d,"",COACH,,HC6087,Black,5002,51,16,135,725125964104,,,74.92,225,1,,,t,2025-12-07 20:30:53.769,2025-12-07 20:30:53.769,t,f,999,FRAME
cmiw6gfno04duitntbw0wvfl2,"",COACH,,HC5054,Satin Brn/Dark Tort Gold,9187,51,17,135,725125921893,,,74.92,225,1,,,t,2025-12-07 20:30:54.276,2025-12-07 20:30:54.276,t,f,999,FRAME
cmiw6gg6f04dwitntvkcad6o4,"",COACH,,HC5086,Light Gold/Black,9291,50,16,135,725125969888,,,74.92,225,1,,,t,2025-12-07 20:30:54.951,2025-12-07 20:30:54.951,t,f,999,FRAME
cmiw6ggpp04dyitnta7f302el,"",Coach,,HC8166F,White,536011,58,18,135,,,,67,201,1,,,t,2025-12-07 20:30:55.646,2025-12-07 20:30:55.646,t,f,999,FRAME
cmiw6ghad04e0itntno4lo6r2,"",COACH,,HC8019,Black,5034/11,58,16,135,,,,67,201,1,,,t,2025-12-07 20:30:56.389,2025-12-07 20:30:56.389,t,f,999,FRAME
cmiw6ghsv04e2itntc1sqm2iy,"",Coach,,HC8178,Dark Tort/Black,532411,57,17,140,,,,62,186,1,,,t,2025-12-07 20:30:57.056,2025-12-07 20:30:57.056,t,f,999,FRAME
cmiw6gi7h04e4itntkwjq8jc0,"",COACH,,HC8186B,Dark Tort,5120D0,56,19,140,,,,82,246,1,,,t,2025-12-07 20:30:57.581,2025-12-07 20:30:57.581,t,f,999,FRAME
cmiw6gikk04e6itntro6f2l9x,"",COACH,,HC8168,Blue,534917,56,16,135,,,,67,201,1,,,t,2025-12-07 20:30:58.052,2025-12-07 20:30:58.052,t,f,999,FRAME
cmiw6gixs04e8itntnxmcrqwg,"",Riserva,,9121,Saddle,,58,16,135,813989012366,,,69.97,189,1,,,t,2025-12-07 20:30:58.529,2025-12-07 20:30:58.529,t,f,999,FRAME
cmiw6gjbn04eaitntjgt9v0oh,"",Riserva,,9097,Gold,,53,17,135,813989011918,,,69.97,189,1,,,t,2025-12-07 20:30:59.028,2025-12-07 20:30:59.028,t,f,999,FRAME
cmiw6gjty04ecitnto0qt7tc6,"",Riserva,,9047,Bronze Pearl,,52,16,,813989010478,,,69.97,189,1,,,t,2025-12-07 20:30:59.686,2025-12-07 20:30:59.686,t,f,999,FRAME
cmiw6gkwo04eeitnt8km7nnt1,"",Riserva,,9090,Light Brown,,50,19,135,813989011840,,,69.97,189,1,,,t,2025-12-07 20:31:01.081,2025-12-07 20:31:01.081,t,f,999,FRAME
cmiw6gll804egitnt3btdvk49,"",Riserva,,9020,Silver,,53,17,,813989010201,,,69.97,189,1,,,t,2025-12-07 20:31:01.964,2025-12-07 20:31:01.964,t,f,999,FRAME
cmiw6gm1v04eiitnt5v6rn9qs,"",Riserva,,9151,Brown Pearl,,53,17,135,813989012663,,,69.97,189,1,,,t,2025-12-07 20:31:02.563,2025-12-07 20:31:02.563,t,f,999,FRAME
cmiw6gmf504ekitntngzjzg93,"",Riserva,,9079,Brown,,53,16,135,813989010799,,,69.97,189,1,,,t,2025-12-07 20:31:03.042,2025-12-07 20:31:03.042,t,f,999,FRAME
cmiw6gmsi04emitnt8upcaxuf,"",Riserva,,9162,Matte Brown,,46,17,130,813989012779,,,69.97,189,1,,,t,2025-12-07 20:31:03.522,2025-12-07 20:31:03.522,t,f,999,FRAME
cmiw6gn6704eoitnto8kk1od3,"",Riserva,,9033,Lilac,,51,16,,813989010331,,,69.97,189,1,,,t,2025-12-07 20:31:04.016,2025-12-07 20:31:04.016,t,f,999,FRAME
cmiw6gnof04eqitnt3fwg8goj,"",Riserva,,9031,Black Cherry,,51,16,,813989010317,,,69.97,189,1,,,t,2025-12-07 20:31:04.671,2025-12-07 20:31:04.671,t,f,999,FRAME
cmiw6go5d04esitntsxnqfmo8,"",189 Optical Corporate,,VC804,PINK,,53,16,140,,,,35,105,2,,,t,2025-12-07 20:31:05.282,2025-12-07 20:31:05.282,t,f,999,FRAME
cmiw6gont04euitnth2zmck8l,"",189 Optical Corporate,,VC705,Purple,,52,17,,,,,75,90,1,,,t,2025-12-07 20:31:05.946,2025-12-07 20:31:05.946,t,f,999,FRAME
cmiw6gp7f04ewitntzs00hye9,"",189 Optical Corporate,,VC807,Brown,,54,17,,,,,75,180,1,,,t,2025-12-07 20:31:06.652,2025-12-07 20:31:06.652,t,f,999,FRAME
cmiw6gpnd04eyitntt991y4gz,"",189 Optical Corporate,,VC708,Black,,49,17,,,,,75,180,1,,,t,2025-12-07 20:31:07.225,2025-12-07 20:31:07.225,t,f,999,FRAME
cmiw6gq0k04f0itnt85oclc80,"",189 Optical Corporate,,VC727,MT Brown,,53,17,135,,,,75,180,1,,,t,2025-12-07 20:31:07.7,2025-12-07 20:31:07.7,t,f,999,FRAME
cmiw6gqgf04f2itntiee5zi80,"",189 Optical Corporate,,VC809,Tortoise,,51,16,,,,,75,90,1,,,t,2025-12-07 20:31:08.224,2025-12-07 20:31:08.224,t,f,999,FRAME
cmiw6gqux04f4itntnouvjlb1,"",189 Optical Corporate,,VC728,Purple,,52,17,,,,,75,90,1,,,t,2025-12-07 20:31:08.793,2025-12-07 20:31:08.793,t,f,999,FRAME
cmiw6grca04f6itnt2jin1b36,"",189 Optical Corporate,,VC728,Black,,52,17,,,,,75,90,1,,,t,2025-12-07 20:31:09.418,2025-12-07 20:31:09.418,t,f,999,FRAME
cmiw6grvv04f8itntthcr5cb9,"",189 Optical Corporate,,VC723,BROWN,,53,17,135,,,,75,90,1,,,t,2025-12-07 20:31:10.123,2025-12-07 20:31:10.123,t,f,999,FRAME
cmiw6gscc04faitntaj8f3yuw,"",Skechers,,SK 3112,CLEAR CRYSTAL,CLR,53,16,145,715583891623,,,51.95,150,1,,,t,2025-12-07 20:31:10.716,2025-12-07 20:31:10.716,t,f,999,FRAME
cmiw6gsvu04fcitntjgp3gj2a,"",Skechers,,SK 1079,Shiny Silver,SINV,48,17,130,715583943032,,,35,105,1,,,t,2025-12-07 20:31:11.418,2025-12-07 20:31:11.418,t,f,999,FRAME
cmiw6gtdo04feitntbmjoqqm0,"",Puma,,PU 15305,Silver,SI,52,17,135,883475502107,,,69.99,210,1,,,t,2025-12-07 20:31:12.06,2025-12-07 20:31:12.06,t,f,999,FRAME
cmiw6gtqy04fgitntds15sisp,"",Puma,,PU 15417,Navy,NV,48,17,135,883475765960,,,49.99,150,1,,,t,2025-12-07 20:31:12.539,2025-12-07 20:31:12.539,t,f,999,FRAME
cmiw6gu3v04fiitntpywja38s,"",Puma,,PU 15451,Silver,SI,52,16,140,883475845259,,,89.99,270,1,,,t,2025-12-07 20:31:13.003,2025-12-07 20:31:13.003,t,f,999,FRAME
cmiw6guh004fkitntk0tzljhw,"",Smith Optics,,SERPICO SLIM/S,Silver,00DN,60,13,120,715757412098,,,64.5,0,1,,,t,2025-12-07 20:31:13.476,2025-12-07 20:31:13.476,t,f,999,FRAME
cmiw6guvz04fmitnt7w89lhhy,"",Harley-Davidson,,HDT 107,BLUE/BRIGHT BLUE,BL,48,16,135,715583256835,,,50.95,147,1,,,t,2025-12-07 20:31:14.016,2025-12-07 20:31:14.016,t,f,999,FRAME
cmiw6gvc704foitntyb4kb4va,"",Harley-Davidson,,HDT 114,SATIN BLACK,BLK,48,17,130,715583244719,,,48.95,147,1,,,t,2025-12-07 20:31:14.6,2025-12-07 20:31:14.6,t,f,999,FRAME
cmiw6gvu104fqitntjkp6xf27,"",ELLE,,EL18966,Black/Red,RE,53,17,135,,,,50,150,1,,,t,2025-12-07 20:31:15.241,2025-12-07 20:31:15.241,t,f,999,FRAME
cmiw6gwc604fsitntcitjaht5,"",Revolution Kids,,REK2023,Brush Pewter,BRPT,45,18,130,839763029818,,,49.95,150,1,,,t,2025-12-07 20:31:15.894,2025-12-07 20:31:15.894,t,f,999,FRAME
cmiw6gwvq04fuitntlo97iqfo,"",Revolution Kids,,REK2032,Espresso,ESPR,48,17,130,839763046112,,,49.95,150,1,,,t,2025-12-07 20:31:16.599,2025-12-07 20:31:16.599,t,f,999,FRAME
cmiw6gx9904fwitntv809rsdp,"",Revolution Kids,,REK2016,Pink,PINK,40,17,130,839763026497,,,49.95,150,1,,,t,2025-12-07 20:31:17.085,2025-12-07 20:31:17.085,t,f,999,FRAME
cmiw6gxm804fyitntvkct2szt,"",Lacoste,,L816S,Matte Black,001,54,18,145,,,,78,234,1,,,t,2025-12-07 20:31:17.553,2025-12-07 20:31:17.553,t,f,999,FRAME
cmiw6gxze04g0itntvpch2wul,"",Marc Ecko,,Political,Black Laminate,,52,19,145,,,,56,168,1,,,t,2025-12-07 20:31:18.026,2025-12-07 20:31:18.026,t,f,999,FRAME
cmiw6gycs04g2itntpq8nuck4,"",Revolution Eyewear,,REV323,Matte Black,MBLK,50,19,140,839763036779,,,74.95,225,1,,,t,2025-12-07 20:31:18.509,2025-12-07 20:31:18.509,t,f,999,FRAME
cmiw6gytp04g4itntmz4ly6ec,"",Flexon,,5000RX,Silver,46,57,15,140,,,,88,264,1,,,t,2025-12-07 20:31:19.118,2025-12-07 20:31:19.118,t,f,999,FRAME
cmiw6gzb304g6itnt3u64nh17,"",Nike,,Show EVO675,Red,,65,16,135,,,,85,255,1,,,t,2025-12-07 20:31:19.743,2025-12-07 20:31:19.743,t,f,999,FRAME
cmiw6gzsr04g8itntmdy9uehu,"",Nike,,Show EVO806,Blue,,65,17,135,,,,93,279,1,,,t,2025-12-07 20:31:20.38,2025-12-07 20:31:20.38,t,f,999,FRAME
cmiw6h09p04gaitntccsag205,"",Nike,,Flip EVO989,Blue,216,51,17,140,,,,50,150,1,,,t,2025-12-07 20:31:20.989,2025-12-07 20:31:20.989,t,f,999,FRAME
cmiw6h0pz04gcitnt88dm69ip,"",Nike,,EVO921,Tort,116,55,22,145,,,,40,120,1,,,t,2025-12-07 20:31:21.576,2025-12-07 20:31:21.576,t,f,999,FRAME
cmiw6h13b04geitnt3kth1inn,"",Nike,,EVO921,Black,001,55,22,145,,,,40,120,1,,,t,2025-12-07 20:31:22.055,2025-12-07 20:31:22.055,t,f,999,FRAME
cmiw6h1gs04ggitnt53elsyz1,"",Michael Kors,,MK4036,Black,3196,52,16,135,725125971171,,,52.69,159,1,,,t,2025-12-07 20:31:22.541,2025-12-07 20:31:22.541,t,f,999,FRAME
cmiw6h1ut04giitntyoyqpu62,"",Michael Kors,,MK1015,Rose,1130R1,58,14,140,,,,87,261,1,,,t,2025-12-07 20:31:23.045,2025-12-07 20:31:23.045,t,f,999,FRAME
cmiw6h2f604gkitntuujsjk58,"",COACH,,HC7072B,Rose Gold/Aubergine,93041T,59,14,140,,,,82,246,1,,,t,2025-12-07 20:31:23.779,2025-12-07 20:31:23.779,t,f,999,FRAME
cmiw6h2xp04gmitntcn44w8fu,"",Polo,,PH2155,MATTE BLACK,5284,56,18,145,8053672556902,,,52,185,1,,,t,2025-12-07 20:31:24.445,2025-12-07 20:31:24.445,t,f,999,FRAME
cmiw6h3hc04goitnt352gedwn,"",Ray-Ban,,RB3025,Matte Gold w/Grey Mirror Fuxia,112/4T,58,14,135,,,,88.85,225,1,,,t,2025-12-07 20:31:25.153,2025-12-07 20:31:25.153,t,f,999,FRAME
cmiw6h40l04gqitntg9gg1lgi,"",Ray-Ban,,RB3528,Matte Gunmetal,029/71,61,17,145,,,,74,222,1,,,t,2025-12-07 20:31:25.846,2025-12-07 20:31:25.846,t,f,999,FRAME
cmiw6h4h204gsitntg9fmr5vr,"",Ray-Ban,,RB3534,Gun,004/58,59,17,135,,,,99,297,1,,,t,2025-12-07 20:31:26.439,2025-12-07 20:31:26.439,t,f,999,FRAME
cmiw6h4ur04guitntbng3w0ir,"",Ray-Ban Rx,,RX8953,Light Blue Graphene,8027,56,17,145,8053672728620,,,86.86,261,1,,,t,2025-12-07 20:31:26.931,2025-12-07 20:31:26.931,t,f,999,FRAME
cmiw6h57z04gwitnt0a7l99f8,"",COACH,,HC8179,Dark Tort,512013,58,16,135,,,,0,225,0,,,t,2025-12-07 20:31:27.408,2025-12-07 20:31:27.408,t,f,999,FRAME
cmiw6h5ek04gxitntqyptv337,"",Polo,,PH2057,HAVANA,5003,53,18,140,713132319642,,,61.48,186,1,,,t,2025-12-07 20:31:27.644,2025-12-07 20:31:27.644,t,f,999,FRAME
cmiw6h5ru04gzitntnx52kd4e,"",Line Art,,XL 2011,Gold White,GW,50,17,135,883475526455,,,139.99,420,1,,,t,2025-12-07 20:31:28.122,2025-12-07 20:31:28.122,t,f,999,FRAME
cmiw6h66c04h1itntl5kekpx9,"",Line Art,,XL 2081,Rose Gold,RG,50,17,135,883475923100,,,149.99,450,1,,,t,2025-12-07 20:31:28.644,2025-12-07 20:31:28.644,t,f,999,FRAME
cmiw6h6u604h3itnt9xxidpyr,"",Line Art,,XL 2012,White Gold,WG,51,17,135,883475526523,,,139.99,350,1,,,t,2025-12-07 20:31:29.502,2025-12-07 20:31:29.502,t,f,999,FRAME
cmiw6h7cn04h5itnt3qybq8mt,"",Line Art,,XL 2082,White1,WP1,52,17,135,883475923131,,,149.99,450,1,,,t,2025-12-07 20:31:30.168,2025-12-07 20:31:30.168,t,f,999,FRAME
cmiw6h82l04h7itntcl6jey5m,"",Line Art,,XL 2096,White Gold,WG,51,17,135,883475941920,,,144.99,435,1,,,t,2025-12-07 20:31:31.101,2025-12-07 20:31:31.101,t,f,999,FRAME
cmiw6h8gy04h9itnth0e69bm3,"",Line Art,,XL 2051,Burgundy,BU,52,17,135,883475763270,,,130,390,1,,,t,2025-12-07 20:31:31.618,2025-12-07 20:31:31.618,t,f,999,FRAME
cmiw6h8uc04hbitntpgkxeafw,"",ELLE,,EL14851,Purple,PU,57,17,135,,,,55,165,1,,,t,2025-12-07 20:31:32.1,2025-12-07 20:31:32.1,t,f,999,FRAME
cmiw6h97d04hditntzuczb637,"",Aristar,,AR 16236,Gray,505,52,17,140,883475901580,,,39.99,120,1,,,t,2025-12-07 20:31:32.569,2025-12-07 20:31:32.569,t,f,999,FRAME
cmiw6h9kp04hfitntwhm0wpz9,"",Aristar,,AR 16365,Pink,534,54,16,135,883475901757,,,44.99,135,1,,,t,2025-12-07 20:31:33.049,2025-12-07 20:31:33.049,t,f,999,FRAME
cmiw6h9za04hhitntu8fwddwp,"",Polo,,PH1165,Matte Dark Gunmetal,9187,53,17,145,8053672600759,,,69.9,420,1,,,t,2025-12-07 20:31:33.574,2025-12-07 20:31:33.574,t,f,999,FRAME
cmiw6haic04hjitnta4i9aa6y,"",Carrera,,CARRERA 162/V/F,Brown/Greyolive,716736047829,48,20,145,,,,71.67,215,0,,,t,2025-12-07 20:31:34.26,2025-12-07 20:31:34.26,t,f,999,FRAME
cmiw6har204hkitnt3z91t4zw,"",ELLE,,EL13404,Demi Brown,883475895681,52,15,135,,,,69.99,210,0,,,t,2025-12-07 20:31:34.574,2025-12-07 20:31:34.574,t,f,999,FRAME
cmiw6hazw04hlitntqv1iw54y,"",ELLE,,EL13404,BLACK,883475895667,52,15,135,,,,69.99,210,0,,,t,2025-12-07 20:31:34.892,2025-12-07 20:31:34.892,t,f,999,FRAME
cmiw6hb8m04hmitntvzxmr3uq,"",Ray Ban,,RX7025,BLACK/BLACK - EYE 57,8056597857819,57,17,150,,,,74.34,223,0,,,t,2025-12-07 20:31:35.206,2025-12-07 20:31:35.206,t,f,999,FRAME
cmiw6hbi504hnitntl1o7w3is,"",Costa Del Mar RX,,06A8015  OCR410,Multicolor/FOG GRAY - EYE 54,8056597584715,54,17,140,,,,83.4,250,1,,,t,2025-12-07 20:31:35.549,2025-12-07 20:31:35.549,t,f,999,FRAME
cmiw6hbzc04hpitntmfcfrvpb,"",Swarovski,,SK 5248,Black to silver fade,,52,19,140,,,,95,285,0,,,t,2025-12-07 20:31:36.168,2025-12-07 20:31:36.168,t,f,999,FRAME
cmiw6hc5z04hqitntvjltjjxg,"",scot harris,,sh826,Rainbow / Crystal - EYE 46,738921571032,46,14,125,,,,50,246,0,,,t,2025-12-07 20:31:36.407,2025-12-07 20:31:36.407,t,f,999,FRAME
cmiw6hccj04hritnt4zws3ghb,"",Ray Ban,,RB2186 STATE STREET,Yellow/YELLOW HAVANA - EYE 52,8056597559867,52,20,145,,,,93.04,319,0,,,t,2025-12-07 20:31:36.643,2025-12-07 20:31:36.643,t,f,999,FRAME
cmiw6hcj004hsitnt19ivxy80,"",Randolph,,AV145,GUNMETAL,,58,20,140,,,,123,389,0,,,t,2025-12-07 20:31:36.877,2025-12-07 20:31:36.877,t,f,999,FRAME
cmiw6hcph04htitnt6jgurjx5,"",Fysh,,2004,BLACK HAVANA,676190265989,54,17,140,,,,73.34,220,0,,,t,2025-12-07 20:31:37.11,2025-12-07 20:31:37.11,t,f,999,FRAME
cmiw6hcvx04huitnttmflysxg,"",bebe,,bb5189,TORTOISE,788678079039,55,17,135,,,,80,220,0,,,t,2025-12-07 20:31:37.342,2025-12-07 20:31:37.342,t,f,999,FRAME
cmiw6hd5104hvitnty4uxayhv,"",Versace,,1275,matte black/gold,8056597384551,54,15,140,,,,94.83,284,0,,,t,2025-12-07 20:31:37.67,2025-12-07 20:31:37.67,t,f,999,FRAME
cmiw6hddy04hwitntzrhwb706,"",BCBG,,Greta,Black Horn,,53,17,135,,,,67.99,229,0,,,t,2025-12-07 20:31:37.99,2025-12-07 20:31:37.99,t,f,999,FRAME
cmiw6hdmi04hxitntjkziv1mm,"",Cinzia,,CIN-5080,Peacock Demi,,53,17,138,,,,74.67,224,0,,,t,2025-12-07 20:31:38.299,2025-12-07 20:31:38.299,t,f,999,FRAME
cmiw6hdwl04hyitnt140d68jt,"",Marchon NYC,,M-2027,BROWN/COPPER,,54,16,145,,,,55,159,0,,,t,2025-12-07 20:31:38.603,2025-12-07 20:31:38.603,t,f,999,FRAME
cmiw6he6r04hzitntvlie5jsz,"",Scott Harris,,SH-828,Shadow/Mauve DEMI,738921563723,52,16,140,,,,81.95,246,0,,,t,2025-12-07 20:31:39.027,2025-12-07 20:31:39.027,t,f,999,FRAME
cmiw6hef904i0itnth9jig3hm,"",Nautica,,Nautica 8170,(015) CRYSTAL GREY,688940467291,55,17,145,688940467291,,,72,225,0,,,t,2025-12-07 20:31:39.333,2025-12-07 20:31:39.333,t,f,999,FRAME
cmiw6heo004i1itnt1izr82ru,"",Ellen Tracy,,Hamburg,NAVY,886453598673,50,17,130,886453598673,,,69.99,210,1,,,t,2025-12-07 20:31:39.648,2025-12-07 20:31:39.648,t,f,999,FRAME
cmiw6hf6e04i3itntwyp5f58e,"",Titanium,,CH 16700,Navy,888989237736,54,18,140,888989237736,,,115.99,348,0,,,t,2025-12-07 20:31:40.31,2025-12-07 20:31:40.31,t,f,999,FRAME
cmiw6hfem04i4itnthfh0tizw,"",Coach,,HC5148,Light Gold/Deep Violet,,52,17,140,,,,77.34,225,0,,,t,2025-12-07 20:31:40.606,2025-12-07 20:31:40.606,t,f,999,FRAME
cmiw6hfmm04i5itnt78mmar6l,"",Scott Harris,,SHX-019,Crystal/Crystal/Gold,738921561453,51,18,140,738921561453,,,72,216,0,,,t,2025-12-07 20:31:40.895,2025-12-07 20:31:40.895,t,f,999,FRAME
cmiw6hft104i6itnt9nx5q6lp,"",Versace,,3186,5077 HAVANA (TORTOISE),8053672109276,54,16,140,,,,94.83,260,0,,,t,2025-12-07 20:31:41.126,2025-12-07 20:31:41.126,t,f,999,FRAME
cmiw6hfzl04i7itntdmtqolkx,"",Costa Del Mar RX,,06S1007,Brown Fade,,53,1,145,,,,68,204,0,,,t,2025-12-07 20:31:41.362,2025-12-07 20:31:41.362,t,f,999,FRAME
cmiw6hg6404i8itntzhciw8qp,"",Cote d Azur,,CDA-374,2 - ANTIQUE GOLD / DEMI,738921574552,54,17,138,738921574552,,,0,222,1,,,t,2025-12-07 20:31:41.596,2025-12-07 20:31:41.596,t,f,999,FRAME
cmiw6hgjl04iaitnt3vthn96l,"",Cote d Azur Boutique,,CDA-295,2 - COCOA / SMOKE,738921547556,51,16,135,738921547556,,,70,210,1,,,t,2025-12-07 20:31:42.081,2025-12-07 20:31:42.081,t,f,999,FRAME
cmiw6hh3304icitntabwl74z3,"",Carrera,,8846,BLACK,,54,19,145,,,,79.67,239,0,,,t,2025-12-07 20:31:42.783,2025-12-07 20:31:42.783,t,f,999,FRAME
cmiw6hhbh04iditntu5lrpaxb,"",Guess,,GU2521,071 - BORDEAUX/OTHER,664689748563,53,16,135,664689748563,,,67,201,0,,,t,2025-12-07 20:31:43.085,2025-12-07 20:31:43.085,t,f,999,FRAME
cmiw6hhjm04ieitntdhnnaycm,"",Diva,,5349,273 SILVER PEARL,,52,18,129,,,,135,338,0,,,t,2025-12-07 20:31:43.378,2025-12-07 20:31:43.378,t,f,999,FRAME
cmiw6hhsp04ifitnttgjr6rwh,"",Nike,,N7257,(090) IRONSTONE,886895543613,51,20,145,886895543613,,,78,234,0,,,t,2025-12-07 20:31:43.705,2025-12-07 20:31:43.705,t,f,999,FRAME
cmiw6hi1104igitnt4n5pie7u,"",Fossil,,7075G,06Q1 BLACK GREY,716736221045,52,18,145,716736221045,,,0,192,0,,,t,2025-12-07 20:31:44.005,2025-12-07 20:31:44.005,t,f,999,FRAME
cmiw6hi9u04ihitntbln198ls,"",Superflex,,SF-601,S203-GREY ROSE GOLD - EYE 53,676190607970,53,17,135,676190607970,,,36,120,0,,,t,2025-12-07 20:31:44.323,2025-12-07 20:31:44.323,t,f,999,FRAME
cmiw6hiio04iiitntci1647d4,"",Scott Harris,,SH-806,3 - SAND / BLACK,738921558019,53,15,135,738921558019,,,78,234,0,,,t,2025-12-07 20:31:44.64,2025-12-07 20:31:44.64,t,f,999,FRAME
cmiw6hirq04ijitntc9wxaqbv,"",Harley Davidson,,HD0774,Grey (020),,54,17,145,,,,70,210,0,,,t,2025-12-07 20:31:44.967,2025-12-07 20:31:44.967,t,f,999,FRAME
cmiw6hj1504ikitntb3afjfgc,"",Nautica,,N7295,(005) MATTE BLACK,886895432375,57,17,145,886895432375,,,78.5,220,0,,,t,2025-12-07 20:31:45.306,2025-12-07 20:31:45.306,t,f,999,FRAME
cmiw6hjb104ilitntp0z3sxfj,"",Lulu Guinness,,L927,TEAL FADE,,51,16,135,,,,73.25,220,0,,,t,2025-12-07 20:31:45.662,2025-12-07 20:31:45.662,t,f,999,FRAME
cmiw6hjhw04imitntva88r3gf,"",Charmant Titanium,,CH29228,GRAY,,51,18,140,,,,89.99,226,0,,,t,2025-12-07 20:31:45.908,2025-12-07 20:31:45.908,t,f,999,FRAME
cmiw6hjow04initntcbz2p7oj,"",Aristar,,AR30822,Green,,50,17,135,,3082250547,,49.99,150,0,,,t,2025-12-07 20:31:46.161,2025-12-07 20:31:46.161,t,f,999,FRAME
cmiw6hjvp04ioitntcjxxb6s9,"",Scott Harris,,SH-742,1 - DENIM TORTOISE / GRAPHITE,738921553298,49,16,132,738921553298,,,70.95,213,1,,,t,2025-12-07 20:31:46.405,2025-12-07 20:31:46.405,t,f,999,FRAME
cmiw6hk9504iqitntp7kwa2rw,"",Nautica,,N8177,(971) CRYSTAL,688940468731,53,17,145,688940468731,,,69,207,1,,,t,2025-12-07 20:31:46.889,2025-12-07 20:31:46.889,t,f,999,FRAME
cmiw6hkqg04isitntytxuhstg,"",Cote d Azur,,CDA370,3 - BLACK / IRIS,738921574507,57,17,145,738921574507,,,0,222,1,,,t,2025-12-07 20:31:47.512,2025-12-07 20:31:47.512,t,f,999,FRAME
cmiw6hl8304iuitnt4bm0xzf4,"",Carrera,,CARRERA 8848,MTDKRUTH,716736226439,55,18,140,716736226439,,,75,225,1,,,t,2025-12-07 20:31:48.147,2025-12-07 20:31:48.147,t,f,999,FRAME
cmiw6hlrt04iwitntbtxlt8d7,"",Coach,,HC8359U CD455,Transparent Dark Navy,,56,18,145,,,,70.7,239,0,,,t,2025-12-07 20:31:48.857,2025-12-07 20:31:48.857,t,f,999,FRAME
cmiw6hm1904ixitntofvu3rha,"",Line Art,,XL 2159,White,888989226983,52,16,135,888989226983,,,143.99,360,0,,,t,2025-12-07 20:31:49.198,2025-12-07 20:31:49.198,t,f,999,FRAME
cmiw6hmaz04iyitntoebc9eb7,"",Scott Harris,,SH-826,1 - VIOLET,738921563693,54,16,140,738921563693,,,81.95,246,0,,,t,2025-12-07 20:31:49.548,2025-12-07 20:31:49.548,t,f,999,FRAME
cmiw6hmjj04izitnt9wtosi3j,"",Danny Gokey,,136,Tort/Gun,,54,18,140,891160118540,,,69,229,1,,,t,2025-12-07 20:31:49.856,2025-12-07 20:31:49.856,t,f,999,FRAME
cmiw6hne404j1itnth7mpmgal,"",KLiiK:denmark,,K-748,SAGE ROSE GOLD,S216,45,18,135,676190690767,,,89.99,289,1,,,t,2025-12-07 20:31:50.571,2025-12-07 20:31:50.571,t,f,999,FRAME
cmiw6hnr104j3itntad5p5i2e,"",Scott Harris,,Scott Harris 814,Shadow / Black Demi,1,52,17,140,738921561392,,,74.95,245,0,,,t,2025-12-07 20:31:51.422,2025-12-07 20:31:51.422,t,f,999,FRAME
cmiw6hnxe04j4itnt8n6zqb4n,"",Scott Harris,,Scott Harris 814,Teal / Redwood Demi,3,52,17,140,738921561415,,,74.95,245,0,,,t,2025-12-07 20:31:51.65,2025-12-07 20:31:51.65,t,f,999,FRAME
cmiw6ho3u04j5itnt92iknj60,"",Flexon,,FLEXON E1048,(412) NAVY,412,55,17,145,883900203029,,,109,260,0,,,t,2025-12-07 20:31:51.883,2025-12-07 20:31:51.883,t,f,999,FRAME
cmiw6hoje04j6itnt4df3h6tz,"",Ray-Ban Rx,,RX5598 EAGLEEYE,HAVANA ON TRANSPARENT GR,8249,51,21,145,8056597827492,,,79.08,226,0,,,t,2025-12-07 20:31:52.443,2025-12-07 20:31:52.443,t,f,999,FRAME
cmiw6hosg04j7itnthjqkiaqz,"",Scott Harris,,Scott Harris 700,Plum/Teal,1,52,15,135,738921542759,,,73.95,249,0,,,t,2025-12-07 20:31:52.768,2025-12-07 20:31:52.768,t,f,999,FRAME
cmiw6hp0m04j8itnt4lanmcmt,"",Scott Harris,,Scott Harris 882,Sky / Sand / Cocoa,2,50,17,135,738921570899,,,75.95,180,0,,,t,2025-12-07 20:31:53.062,2025-12-07 20:31:53.062,t,f,999,FRAME
cmiw6hp9l04j9itnt872sixub,"",Danny Gokey,,126,Black/Gold,,50,19,140,891160104123,,,66,219,1,,,t,2025-12-07 20:31:53.385,2025-12-07 20:31:53.385,t,f,999,FRAME
cmiw6hprz04jbitnt5h04dfdr,"",Helium-Paris,,4461,MBlk/SDGun,,55,19,145,891160114863,,,79,259,0,,,t,2025-12-07 20:31:54.048,2025-12-07 20:31:54.048,t,f,999,FRAME
cmiw6hq1f04jcitntv7lmp498,"",Cosmopolitan,,Jane,Crystal,,,,,891160119356,,,60,209,0,,,t,2025-12-07 20:31:54.387,2025-12-07 20:31:54.387,t,f,999,FRAME
cmiw6hq9604jditntplwj1b08,"",Nautica,,N7160,(029) Satin Gun,029,54,17,145,,,,51,153,0,,,t,2025-12-07 20:31:54.667,2025-12-07 20:31:54.667,t,f,999,FRAME
cmiw6hqii04jeitnt7py47hbz,"",Scott Harris,,Scott Harris 748,Crystal / Pewter,2,52,18,143,738921555940,,,72.95,210,0,,,t,2025-12-07 20:31:55.003,2025-12-07 20:31:55.003,t,f,999,FRAME
cmiw6hqr804jfitntc1tjvcio,"",Ellen Tracy,,Sicily,NAVY LAMINATE,,48,16,130,886453558141,,,75.99,225,0,,,t,2025-12-07 20:31:55.317,2025-12-07 20:31:55.317,t,f,999,FRAME
cmiw6hqxq04jgitntbj3by4lb,"",Nike,,NIKE 7287,Matte Dark Grey,034,54,17,140,886895577816,,,97.5,265,0,,,t,2025-12-07 20:31:55.55,2025-12-07 20:31:55.55,t,f,999,FRAME
cmiw6hr4604jhitnt135a0jw7,"",David Benjamin 4 Kids,,Rock Candy,Violet / Wisteria,3,44,19,125,738921556282,,,53.95,150,0,,,t,2025-12-07 20:31:55.782,2025-12-07 20:31:55.782,t,f,999,FRAME
cmiw6hrag04jiitntq58u9rbi,"",Nautica,,N7327,BLACK,,56,18,145,,,,71,213,0,,,t,2025-12-07 20:31:56.009,2025-12-07 20:31:56.009,t,f,999,FRAME
cmiw6hrh204jjitntei9xhju7,"",SuperFlex,,SF-615,GREY BLUE,S303,55,18,145,676190639216,,,42.99,129,0,,,t,2025-12-07 20:31:56.247,2025-12-07 20:31:56.247,t,f,999,FRAME
cmiw6hrnj04jkitnt1xsq7jp1,"",Scott Harris Vintage,,Scott Harris VIN-61,Tokyo / Silver,2,46,21,140,738921570066,,,82.95,269,1,,,t,2025-12-07 20:31:56.479,2025-12-07 20:31:56.479,t,f,999,FRAME
cmiw6hs0904jmitntrith4jgd,"",BCBG Max Azria,,Brynn,ONYX TORTOISE,,,,,886453644134,,,84.99,0,1,,,t,2025-12-07 20:31:56.937,2025-12-07 20:31:56.937,t,f,999,FRAME
cmiw6hsey04joitntrqfc1lm1,"",Line Art,,XL 2151,GEP,GP,50,17,135,888989198761,,,169.99,239,1,,,t,2025-12-07 20:31:57.467,2025-12-07 20:31:57.467,t,f,999,FRAME
cmiw6hsuu04jqitntonsbuh7v,"",David Benjamin 4 Kids,,Otto,Black / Red,1,50,16,135,738921557784,,,53.95,162,1,,,t,2025-12-07 20:31:58.038,2025-12-07 20:31:58.038,t,f,999,FRAME
cmiw6htc704jsitntbcxuy7bj,"",Cote d Azur,,CDA-362,Peach / Gold,1,52,16,132,738921570493,,,71.95,216,1,,,t,2025-12-07 20:31:58.664,2025-12-07 20:31:58.664,t,f,999,FRAME
cmiw6htv604juitnthw4xqarn,"",Line Art,,XL 2172,Brown,BR,50,17,135,888989327512,,,169.99,255,0,,,t,2025-12-07 20:31:59.346,2025-12-07 20:31:59.346,t,f,999,FRAME
cmiw6hu5704jvitnts1ixd39u,"",BCBG Max Azria,,Lizzie,Blush,,47,14,125,886453450759,,,79.99,135,0,,,t,2025-12-07 20:31:59.707,2025-12-07 20:31:59.707,t,f,999,FRAME
cmiw6hufg04jwitnt09y4rzrv,"",SuperFlex,,SF-617,BLUE FLORAL GOLD,S401,53,15,140,676190648096,,,42.99,149,1,,,t,2025-12-07 20:32:00.076,2025-12-07 20:32:00.076,t,f,999,FRAME
cmiw6hust04jyitntc4fotpah,"",Easyclip,,EC555,Blue Marbled & Matt Blue / Matt Blue,50,48,16,130,686245236635,,,54.99,189,0,,,t,2025-12-07 20:32:00.557,2025-12-07 20:32:00.557,t,f,999,FRAME
cmiw6huz704jzitntwietz094,"",Steve Madden,,Mayven,BROWN NUTMEG,,55,17,140,886453683515,,,69.99,229,1,,,t,2025-12-07 20:32:00.787,2025-12-07 20:32:00.787,t,f,999,FRAME
cmiw6hvc304k1itntkdrsxwe3,"",Helium-Paris,,4165,Brown,BRN,53,17,135,891160491452,,,72.95,239,1,,,t,2025-12-07 20:32:01.252,2025-12-07 20:32:01.252,t,f,999,FRAME
cmiw6hvq404k3itnt6u8gdmxq,"",SuperFlex,,SF-628,VANILLA TORT,S402,54,16,140,676190664560,,,42.99,129,1,,,t,2025-12-07 20:32:01.756,2025-12-07 20:32:01.756,t,f,999,FRAME
cmiw6hw7c04k5itntynq5ouim,"",Tura,,R139,navy/ gold,NAV,52,16,140,764724859510,,,91.95,296,1,,,t,2025-12-07 20:32:02.377,2025-12-07 20:32:02.377,t,f,999,FRAME
cmiw6hwqb04k7itnt23xvfyc3,"",Scott Harris,,Scott Harris 810,Black / Graphite,3,51,18,140,738921559276,,,78.95,237,0,,,t,2025-12-07 20:32:03.06,2025-12-07 20:32:03.06,t,f,999,FRAME
cmiw6hwy804k8itntd4zxq71h,"",Steve Madden,,Leilani,BLUE NAVY,,53,16,135,886453615844,,,69.99,229,1,,,t,2025-12-07 20:32:03.344,2025-12-07 20:32:03.344,t,f,999,FRAME
cmiw6hxdv04kaitntipqtss1f,"",Tura,,R144,slate/gold,SLA,56,18,140,764724866655,,,79.95,259,1,,,t,2025-12-07 20:32:03.907,2025-12-07 20:32:03.907,t,f,999,FRAME
cmiw6hxun04kcitnt6jdibwhy,"",Tura,,R702,gray/gold,GRY,50,15,135,764724862039,,,83.95,272,0,,,t,2025-12-07 20:32:04.511,2025-12-07 20:32:04.511,t,f,999,FRAME
cmiw6hy3n04kditnthv2ars09,"",Tura,,R213,brown/black,BRN,50,15,130,764724358839,,,72.95,239,1,,,t,2025-12-07 20:32:04.835,2025-12-07 20:32:04.835,t,f,999,FRAME
cmiw6hygl04kfitntsrhw1o4z,"",Tura,,R145,silver/gold,SIL,54,16,140,764724870348,,,91.95,299,1,,,t,2025-12-07 20:32:05.302,2025-12-07 20:32:05.302,t,f,999,FRAME
cmiw6hyt404khitntwki5jbdb,"",Tura,,R704,"navy,blush",NAV,55,16,140,764724866730,,,83.95,279,0,,,t,2025-12-07 20:32:05.752,2025-12-07 20:32:05.752,t,f,999,FRAME
cmiw6hz0s04kiitntud81bk61,"",Steve Madden,,Trixie,BLACK MARBLE,,54,16,140,886453643908,,,69.99,210,1,,,t,2025-12-07 20:32:05.983,2025-12-07 20:32:05.983,t,f,999,FRAME
cmiw6hzdt04kkitntis0qgct1,"",BCBG Max Azria,,Sylvie,TEAL GREEN,,55,16,145,886453644967,,,76.99,259,0,,,t,2025-12-07 20:32:06.497,2025-12-07 20:32:06.497,t,f,999,FRAME
cmiw6hzn504klitnt8pot3sav,"",Guess?,,GU2956,grey/other,020,54,16,140,889214424648,,,71,213,1,,,t,2025-12-07 20:32:06.833,2025-12-07 20:32:06.833,t,f,999,FRAME
cmiw6i04u04knitnt3jgvt6pi,"",Tura,,R582,brown/gold,BRN,50,16,135,764724835835,,,100.95,329,1,,,t,2025-12-07 20:32:07.47,2025-12-07 20:32:07.47,t,f,999,FRAME
cmiw6i0kl04kpitntvg27jojv,"",Steve Madden,,Aberdeen,PURPLE SLATE,,53,16,135,886453631851,,,69.99,229,1,,,t,2025-12-07 20:32:08.037,2025-12-07 20:32:08.037,t,f,999,FRAME
cmiw6i12a04kritntkuqjf94y,"",Scott Harris,,Scott Harris 912,Bottle / Graphite,2,51,18,145,738921575481,,,79.95,240,0,,,t,2025-12-07 20:32:08.674,2025-12-07 20:32:08.674,t,f,999,FRAME
cmiw6i1av04ksitntcva5u6yw,"",Cote d Azur,,CDA-356,Plum / Lilac,1,53,16,135,738921569824,,,72.95,150,1,,,t,2025-12-07 20:32:08.983,2025-12-07 20:32:08.983,t,f,999,FRAME
cmiw6i1rt04kuitnt038eau7o,"",Cote d Azur,,CDA-370,Black / Iris,3,57,17,145,738921574507,,,74.95,229,1,,,t,2025-12-07 20:32:09.593,2025-12-07 20:32:09.593,t,f,999,FRAME
cmiw6i26804kwitnt3cygl2pc,"",Cote d Azur,,CDA-348,Plum / Aqua,2,55,17,140,738921566168,,,70.95,213,0,,,t,2025-12-07 20:32:10.113,2025-12-07 20:32:10.113,t,f,999,FRAME
cmiw6i2cr04kxitntbfnh4fa0,"",Scott Harris,,Scott Harris 878,Black / Gold,2,54,18,140,738921570837,,,82.95,269,0,,,t,2025-12-07 20:32:10.347,2025-12-07 20:32:10.347,t,f,999,FRAME
cmiw6i2j704kyitntom2dhz9f,"",Cote d Azur,,CDA-378,Fuchsia / Cherry / Rose Gold,1,54,16,140,738921575658,,,71.95,150,1,,,t,2025-12-07 20:32:10.579,2025-12-07 20:32:10.579,t,f,999,FRAME
cmiw6i2vp04l0itntl2efsnq5,"",Cosmopolitan,,Kimber,Tan/Cinder Fade,,54,17,140,891160104321,,,69,227,0,,,t,2025-12-07 20:32:11.03,2025-12-07 20:32:11.03,t,f,999,FRAME
cmiw6i32e04l1itntpybfln78,"",Guess?,,GU2940,shiny bordeaux,069,54,17,140,889214391339,,,72,216,1,,,t,2025-12-07 20:32:11.271,2025-12-07 20:32:11.271,t,f,999,FRAME
cmiw6i3f604l3itntyb1o8psk,"",Guess?,,GU50087-D,dark havana,052,55,16,145,889214426017,,,65,219,1,,,t,2025-12-07 20:32:11.73,2025-12-07 20:32:11.73,t,f,999,FRAME
cmiw6i3v704l5itntwmko96n9,"",Guess?,,GU50133,grey/other,020,55,15,145,889214495709,,,65,215,0,,,t,2025-12-07 20:32:12.308,2025-12-07 20:32:12.308,t,f,999,FRAME
cmiw6i43z04l6itntm309l7zw,"",Oakley Frame,,OX8081 PLANK 2.0,POLISHED BLACK CLEAR FAD,808112,53,18,139,888392488206,,,66.18,199,1,,,t,2025-12-07 20:32:12.624,2025-12-07 20:32:12.624,t,f,999,FRAME
cmiw6i4mo04l8itnt9duohvjk,"",SuperFlex,,SF-641,MATTE BLUE GREY,M301,54,17,145,676190707007,,,42.99,149,0,,,t,2025-12-07 20:32:13.296,2025-12-07 20:32:13.296,t,f,999,FRAME
cmiw6i4w704l9itnt30jrcpam,"",SuperFlex,,SF-568,Black Blue,S400,56,16,145,676190437225,,,42.99,149,0,,,t,2025-12-07 20:32:13.639,2025-12-07 20:32:13.639,t,f,999,FRAME
cmiw6i54x04laitnteci2zwr8,"",Izod,,2108,BLUE GREY FADE,,55,16,150,886453633763,,,76.99,259,0,,,t,2025-12-07 20:32:13.953,2025-12-07 20:32:13.953,t,f,999,FRAME
cmiw6i5c304lbitntldcn5lo3,"",American Optical,,AO-1002,GOLD,,52,15,145,,,,90,270,0,,,t,2025-12-07 20:32:14.211,2025-12-07 20:32:14.211,t,f,999,FRAME
cmiw6i5l304lcitntvl61pz5t,"",Oakley,,OO9474 SPIN DRIFT - USE FOR SUN,947401 - Matte brown tortoise,0152,52,20,137,,,,113.71,369,1,,,t,2025-12-07 20:32:14.536,2025-12-07 20:32:14.536,t,f,999,FRAME
cmiw6i5yp04leitntbka5vdxm,"",KLiiK:denmark,,K-713,SKY BLUE TROPIC,S401,49,16,135,676190616729,,,89.99,289,0,,,t,2025-12-07 20:32:15.026,2025-12-07 20:32:15.026,t,f,999,FRAME
cmiw6i65404lfitnt1gy01j6f,"",Scott Harris,,Scott Harris 628,Teal/Blue Demi,1,49,15,132,738921533795,,,70.95,157,0,,,t,2025-12-07 20:32:15.256,2025-12-07 20:32:15.256,t,f,999,FRAME
cmiw6i6bo04lgitntabab37q2,"",Helium-Paris,,4431,Crystal,,51,21,140,891160103768,,,79,259,0,,,t,2025-12-07 20:32:15.492,2025-12-07 20:32:15.492,t,f,999,FRAME
cmiw6i6i004lhitntsufgj61o,"",Lulu Guinness,,L793,black/rose gold,BLK,53,16,140,764724828813,,,91.95,299,0,,,t,2025-12-07 20:32:15.72,2025-12-07 20:32:15.72,t,f,999,FRAME
cmiw6i6oa04liitntapn2zdje,"",Aristar,,AR 30725,Navy Blue,507,55,18,145,888989303622,,,39.99,139,0,,,t,2025-12-07 20:32:15.947,2025-12-07 20:32:15.947,t,f,999,FRAME
cmiw6i6uq04ljitnt25nxweap,"",Cote d Azur,,CDA-354,Cinnamon Demi,3,55,17,140,738921569435,,,72.95,239,0,,,t,2025-12-07 20:32:16.179,2025-12-07 20:32:16.179,t,f,999,FRAME
cmiw6i71704lkitntpydax336,"",Elements,,EL-364,Light Gunmetal,3,54,16,140,738921536185,,,48.5,169,0,,,t,2025-12-07 20:32:16.411,2025-12-07 20:32:16.411,t,f,999,FRAME
cmiw6i77j04llitntw15mue1o,"",SuperFlex,,SF-1154T,PURPLE ROSE GOLD,S407,51,16,135,676190663228,,,67.95,229,0,,,t,2025-12-07 20:32:16.64,2025-12-07 20:32:16.64,t,f,999,FRAME
cmiw6i7f604lmitnt6kuz1ho1,"",Isaac Mizrahi,,IM30282,Crystal/Blue,,55,17,140,,,,69,229,0,,,t,2025-12-07 20:32:16.914,2025-12-07 20:32:16.914,t,f,999,FRAME
cmiw6i7o204lnitntx1vgr638,"",Helium-Paris,,4440,Nude Crystal/Nude,,54,16,140,891160110155,,,79,259,1,,,t,2025-12-07 20:32:17.234,2025-12-07 20:32:17.234,t,f,999,FRAME
cmiw6i84m04lpitntkeon9q0g,"",Scott Harris,,Scott Harris 836,Crystal,1,50,20,140,738921565833,,,72.95,239,0,,,t,2025-12-07 20:32:17.83,2025-12-07 20:32:17.83,t,f,999,FRAME
cmiw6i8f504lqitntp22vwfvv,"",Danny Gokey,,134,Crystal/Black,,51,19,145,891160112128,,,69,227,0,,,t,2025-12-07 20:32:18.21,2025-12-07 20:32:18.21,t,f,999,FRAME
cmiw6i8o104lritntgc48m2mn,"",Exces,,EXSF7,Mat Black,831,52,17,145,751582197250,,,57.95,199,0,,,t,2025-12-07 20:32:18.53,2025-12-07 20:32:18.53,t,f,999,FRAME
cmiw6i8wj04lsitntx45lehfd,"",Fossil,,FOS 7081,Dkhavana,0086,52,17,140,716736276311,,,68,229,0,,,t,2025-12-07 20:32:18.836,2025-12-07 20:32:18.836,t,f,999,FRAME
cmiw6i95004ltitnt6vsmyol1,"",SuperFlex,,SF-1151T,BLACK ROSE GOLD,M200,55,16,140,676190660678,,,67.95,229,0,,,t,2025-12-07 20:32:19.14,2025-12-07 20:32:19.14,t,f,999,FRAME
cmiw6i9dm04luitntoyu21ml0,"",KLiiK:denmark,,K-717,ROSE PEARL,S409,48,17,140,676190634143,,,89.99,270,1,,,t,2025-12-07 20:32:19.45,2025-12-07 20:32:19.45,t,f,999,FRAME
cmiw6i9r604lwitnt82xfshyu,"",KLiiK:denmark,,K-752,TEAL ROSEWOOD,S404,48,15,135,676190707922,,,89.99,289,1,,,t,2025-12-07 20:32:19.939,2025-12-07 20:32:19.939,t,f,999,FRAME
cmiw6ia3y04lyitntppnv9m2l,"",FYSH UK Collection,,FYSH 3724,AQUA HAZELNUT,S404,51,15,140,676190692976,,,94.99,309,0,,,t,2025-12-07 20:32:20.398,2025-12-07 20:32:20.398,t,f,999,FRAME
cmiw6iaab04lzitntuhq4qrn9,"",FYSH UK Collection,,FYSH 3709,MOCHA BLUE,S402,52,16,140,676190660517,,,94.99,309,0,,,t,2025-12-07 20:32:20.627,2025-12-07 20:32:20.627,t,f,999,FRAME
cmiw6iagp04m0itnt6t74splw,"",FYSH UK Collection,,FYSH 3672,AQUAMARINE BLUSH,S404,55,16,140,676190589986,,,94.99,309,0,,,t,2025-12-07 20:32:20.858,2025-12-07 20:32:20.858,t,f,999,FRAME
cmiw6iao904m1itntm3koytxp,"",Izod,,2102,BROWN HORN,,50,19,145,886453625966,,,76.99,259,1,,,t,2025-12-07 20:32:21.084,2025-12-07 20:32:21.084,t,f,999,FRAME
cmiw6ib0y04m3itnt9ran12rm,"",Steve Madden,,Avani,GREEN FADE,,53,17,135,886453683348,,,69.99,229,0,,,t,2025-12-07 20:32:21.586,2025-12-07 20:32:21.586,t,f,999,FRAME
cmiw6ib8s04m4itnti0d9wcn3,"",Danny Gokey,,120,Black/White,,50,22,145,891160100620,,,66,219,1,,,t,2025-12-07 20:32:21.868,2025-12-07 20:32:21.868,t,f,999,FRAME
cmiw6ibqb04m6itntre17k4k7,"",KLiiK:denmark,,K-727,PURPLE HAVANA STRIPE,S407,49,15,140,676190651188,,,89.99,289,1,,,t,2025-12-07 20:32:22.5,2025-12-07 20:32:22.5,t,f,999,FRAME
cmiw6icbk04m8itntyv48mrgj,"",KLiiK:denmark,,K-738,MULTI PEARL,S401,50,15,140,676190676068,,,89.99,180,1,,,t,2025-12-07 20:32:23.264,2025-12-07 20:32:23.264,t,f,999,FRAME
cmiw6icuo04maitnt1dkvp6cr,"",Lacoste,,L2707N,TRANSPARENT GREY,035,53,15,145,886895616393,,,82,269,1,,,t,2025-12-07 20:32:23.952,2025-12-07 20:32:23.952,t,f,999,FRAME
cmiw6idaf04mcitnt233y0urz,"",Danny Gokey,,132,Matt Black,,52,52,140,891160111350,,,69,130,0,,,t,2025-12-07 20:32:24.519,2025-12-07 20:32:24.519,t,f,999,FRAME
cmiw6idgq04mditnto656d85n,"",Danny Gokey,,132,Blue Marble,,52,52,140,891160111336,,,69,130,0,,,t,2025-12-07 20:32:24.747,2025-12-07 20:32:24.747,t,f,999,FRAME
cmiw6idn704meitnt2sr0ccmr,"",Superflex,,SF-596,BLUE GRADIENT,S301,50,20,140,676190596526,,,42.99,149,1,,,t,2025-12-07 20:32:24.98,2025-12-07 20:32:24.98,t,f,999,FRAME
cmiw6idzu04mgitntrs0onjss,"",FYSH UK Collection,,FYSH 3703,NAVY ORCHID TEAL,S401,54,15,135,676190657777,,,94.99,309,0,,,t,2025-12-07 20:32:25.434,2025-12-07 20:32:25.434,t,f,999,FRAME
cmiw6ie6404mhitntiy3c36n0,"",Steve Madden,,Tanner,TORTOISE,,50,18,145,886453561707,,,69.99,229,1,,,t,2025-12-07 20:32:25.66,2025-12-07 20:32:25.66,t,f,999,FRAME
cmiw6ieiv04mjitnt93et8twt,"",FYSH UK Collection,,FYSH 3726,BLACK TAUPE,S400,55,16,140,676190708288,,,94.99,309,0,,,t,2025-12-07 20:32:26.119,2025-12-07 20:32:26.119,t,f,999,FRAME
cmiw6iep704mkitnt0k4k6ty3,"",Izod,,2067,GREY,,,,,886453652573,,,69.99,229,0,,,t,2025-12-07 20:32:26.347,2025-12-07 20:32:26.347,t,f,999,FRAME
cmiw6ievg04mlitntfnwz7mr4,"",Superflex,,SF-595,GREY DEMI BURGUNDY,S403,52,19,135,676190596809,,,42.99,149,0,,,t,2025-12-07 20:32:26.573,2025-12-07 20:32:26.573,t,f,999,FRAME
cmiw6if3g04mmitntkamd6igy,"",Ray-Ban Rx,,RX7140,TRASPARENT LIGHT BROWN,8124,49,20,150,8056597469555,,,83.88,168,0,,,t,2025-12-07 20:32:26.861,2025-12-07 20:32:26.861,t,f,999,FRAME
cmiw6ifc304mnitnt5rlej3ke,"",Match Eyewear,,192,Blue,,53,17,140,891160106073,,,62.95,209,0,,,t,2025-12-07 20:32:27.171,2025-12-07 20:32:27.171,t,f,999,FRAME
cmiw6ifjw04moitnt3fbdwlnd,"",SuperFlex,,SF-618,NAVY ORANGE,M101,56,16,145,676190644173,,,42.99,149,0,,,t,2025-12-07 20:32:27.452,2025-12-07 20:32:27.452,t,f,999,FRAME
cmiw6ifso04mpitnt3zs4hajq,"",Flexon,,FLEXON BENJAMIN 600,(001) Black Chrome,001,56,18,145,,,,89,209,0,,,t,2025-12-07 20:32:27.768,2025-12-07 20:32:27.768,t,f,999,FRAME
cmiw6ig2404mqitnt11spntu3,"",Superflex,,SF-516,INK,2,53,16,135,676190314731,,,39.99,120,1,,,t,2025-12-07 20:32:28.109,2025-12-07 20:32:28.109,t,f,999,FRAME
cmiw6igkv04msitnt101q1m5j,"",Cosmopolitan,,Caroline,Black/Blush Crystal,,53,18,140,891160104420,,,69,229,0,,,t,2025-12-07 20:32:28.784,2025-12-07 20:32:28.784,t,f,999,FRAME
cmiw6igtn04mtitnt2qxr8r46,"",Lacoste,,L2707,(035) Grey,035,53,15,145,886895307888,,,79,269,0,,,t,2025-12-07 20:32:29.1,2025-12-07 20:32:29.1,t,f,999,FRAME
cmiw6ih0z04muitntdhkdfgkt,"",Superflex,,SF-1137T,TEAL GOLD,S204,54,18,140,676190605761,,,67.95,229,0,,,t,2025-12-07 20:32:29.364,2025-12-07 20:32:29.364,t,f,999,FRAME
cmiw6ih7c04mvitnt8ofwly5l,"",CK Jeans,,CKJ18706,SOFT TORTOISE,240,52,17,140,883901108798,,,69,229,0,,,t,2025-12-07 20:32:29.593,2025-12-07 20:32:29.593,t,f,999,FRAME
cmiw6ihdw04mwitntcgm2wfdd,"",SuperFlex,,SF-1125T,Black,M100,56,17,145,676190455724,,,67.95,229,0,,,t,2025-12-07 20:32:29.829,2025-12-07 20:32:29.829,t,f,999,FRAME
cmiw6ihkg04mxitntzqq6urdg,"",Costa Sunglasses,,Brine,Matte Black,901703,59,18,130,,,,75.36,253,1,,,t,2025-12-07 20:32:30.065,2025-12-07 20:32:30.065,t,f,999,FRAME
cmiw6ihxb04mzitnt9qfy4h2t,"",Harley Davidson,,HD0903 Sun,Black/Orange,05A,61,18,125,,,,65,219,0,,,t,2025-12-07 20:32:30.527,2025-12-07 20:32:30.527,t,f,999,FRAME
cmiw6ii4f04n0itntq9yg6gu3,"",ELLE,,EL 13540,Blue,BL,49,16,130,888989296634,,,69.99,229,0,,,t,2025-12-07 20:32:30.783,2025-12-07 20:32:30.783,t,f,999,FRAME
cmiw6iid204n1itntm6phcf1s,"",Scott Harris,,Scott Harris 858,Violet,1,52,16,140,738921569176,,,74.95,249,0,,,t,2025-12-07 20:32:31.094,2025-12-07 20:32:31.094,t,f,999,FRAME
cmiw6iikk04n2itntpicn4krb,"",Ellen Tracy,,Murrisk,TEAL HORN LAMINATE,,54,15,140,886453615332,,,56.99,199,0,,,t,2025-12-07 20:32:31.365,2025-12-07 20:32:31.365,t,f,999,FRAME
cmiw6ij4n04n3itnt8zjwazm5,"",Candies,,CA0508,Turquoise/Other,089,51,15,135,664689933372,,,67,201,0,,,t,2025-12-07 20:32:32.087,2025-12-07 20:32:32.087,t,f,999,FRAME
cmiw6ijfa04n4itntpq0rufhg,"",Match Eyewear,,199,DKGun,,55,19,145,891160119479,,,65.95,198,1,,,t,2025-12-07 20:32:32.471,2025-12-07 20:32:32.471,t,f,999,FRAME
cmiw6ijyc04n6itntdttsa8os,"",Joseph Abboud,,JA4068,Gunmetal,033,55,17,145,788678069757,,,83,269,1,,,t,2025-12-07 20:32:33.156,2025-12-07 20:32:33.156,t,f,999,FRAME
cmiw6ikf304n8itntci78dqzl,"",SuperFlex,,SF-634,GREY,S303,52,16,135,676190693140,,,42.99,149,0,,,t,2025-12-07 20:32:33.76,2025-12-07 20:32:33.76,t,f,999,FRAME
cmiw6ikno04n9itntjlzt5bit,"",BCBG Max Azria,,Aveline,PURPLE FADE,,54,17,135,886453678313,,,79.99,259,1,,,t,2025-12-07 20:32:34.069,2025-12-07 20:32:34.069,t,f,999,FRAME
cmiw6il0m04nbitntov2440j1,"",Helium-Paris,,4469,Tan Crystal Demi,,55,15,140,891160118182,,,53,159,1,,,t,2025-12-07 20:32:34.534,2025-12-07 20:32:34.534,t,f,999,FRAME
cmiw6ild404nditntophjgxpi,"",Guess?,,GU2907,shiny black,001,50,15,140,889214340269,,,72,239,1,,,t,2025-12-07 20:32:34.984,2025-12-07 20:32:34.984,t,f,999,FRAME
cmiw6ilpi04nfitntpumqbjs5,"",Scott Harris,,Scott Harris 792,Teal / Ice Pink,1,51,15,140,738921555629,,,70.95,233,0,,,t,2025-12-07 20:32:35.43,2025-12-07 20:32:35.43,t,f,999,FRAME
cmiw6ilwo04ngitnt337ldkku,"",Scott Harris,,Scott Harris 700,Denim/Gray,3,52,15,135,738921542773,,,73.95,249,1,,,t,2025-12-07 20:32:35.689,2025-12-07 20:32:35.689,t,f,999,FRAME
cmiw6imgd04niitntn7r1npuo,"",Scott Harris Vintage,,Scott Harris VIN-58,Tortoise / Gold,1,50,19,146,738921557654,,,78.95,259,1,,,t,2025-12-07 20:32:36.336,2025-12-07 20:32:36.336,t,f,999,FRAME
cmiw6imxq04nkitntpwlddje4,"",Marchon®,,M-5015,(060) TORTOISE WITH GREY,060,53,15,140,886895514750,,,55,189,0,,,t,2025-12-07 20:32:37.023,2025-12-07 20:32:37.023,t,f,999,FRAME
cmiw6in5n04nlitnt7zpl601f,"",6A,,6A3006 MRA300,101 SATIN BLACK,300601,53,18,145,8056597729208,,,74.86,259,0,,,t,2025-12-07 20:32:37.308,2025-12-07 20:32:37.308,t,f,999,FRAME
cmiw6inei04nmitntp63apxx6,"",SuperFlex,,SF-590,BROWN TORTOISE SAND,S412,54,16,140,676190586718,,,42.99,149,1,,,t,2025-12-07 20:32:37.626,2025-12-07 20:32:37.626,t,f,999,FRAME
cmiw6inwh04noitntc1aqwouw,"",Ray-Ban Rx,,RX5154 CLUBMASTER,Dark Havana,2012,51,21,145,8053672195781,,,79.08,259,1,,,t,2025-12-07 20:32:38.273,2025-12-07 20:32:38.273,t,f,999,FRAME
cmiw6iocz04nqitnt7nj0thj8,"",Match Eyewear,,191,Brown/Gold,,52,21,140,891160106042,,,62.95,189,0,,,t,2025-12-07 20:32:38.867,2025-12-07 20:32:38.867,t,f,999,FRAME
cmiw6iojy04nritnt8n25hm0z,"",SuperFlex,,SF-1139T,GREY BLUE,M203,55,18,140,676190614794,,,67.95,204,1,,,t,2025-12-07 20:32:39.118,2025-12-07 20:32:39.118,t,f,999,FRAME
cmiw6iowg04ntitntluu847oz,"",Helium-Paris,,4474,Blush Demi/Blush,,53,16,140,891160118267,,,79,237,1,,,t,2025-12-07 20:32:39.568,2025-12-07 20:32:39.568,t,f,999,FRAME
cmiw6ip9804nvitntus7nmaig,"",Izod,,2067,Black,,52,16,140,886453506777,,,69.99,229,1,,,t,2025-12-07 20:32:40.029,2025-12-07 20:32:40.029,t,f,999,FRAME
cmiw6iplx04nxitnt3msyg1m4,"",Ray-Ban Rx,,RX5334,Shiny Black,2000,51,21,145,8053672401806,,,83.65,100,0,,,t,2025-12-07 20:32:40.485,2025-12-07 20:32:40.485,t,f,999,FRAME
cmiw6ipsd04nyitntylcio19m,"",6A,,6A8012 PCR 400,SMOKE CRYSTAL,801202,55,16,145,8056597811163,,,74.86,225,3,,,t,2025-12-07 20:32:40.717,2025-12-07 20:32:40.717,t,f,999,FRAME
cmiw6iq4y04o0itntccbqtxz2,"",Nautica,,N8171,CRYSTAL,909,55,19,145,688940467482,,,72,239,1,,,t,2025-12-07 20:32:41.171,2025-12-07 20:32:41.171,t,f,999,FRAME
cmiw6iqhr04o2itntxtzjpmxc,"",Ray Ban,,RB 3498,gun metal,004,64,17,135,,,,102.96,250,1,,,t,2025-12-07 20:32:41.632,2025-12-07 20:32:41.632,t,f,999,FRAME
cmiw6ique04o4itntmey8bwzw,"",Scott Harris,,Scott Harris 830,Navy / Pewter,1,54,16,145,738921564324,,,80.95,269,1,,,t,2025-12-07 20:32:42.087,2025-12-07 20:32:42.087,t,f,999,FRAME
cmiw6ir7304o6itntpyjp0qhj,"",Op-Ocean Pacific,,876,GREY CRYSTAL,,47,16,125,886453584454,,,59.99,199,0,,,t,2025-12-07 20:32:42.543,2025-12-07 20:32:42.543,t,f,999,FRAME
cmiw6irdp04o7itntx7xbe2u5,"",SuperFlex,,SF-1141T,HAVANA GOLD,S212,49,21,135,676190617146,,,67.95,229,1,,,t,2025-12-07 20:32:42.782,2025-12-07 20:32:42.782,t,f,999,FRAME
cmiw6irqi04o9itntpp8cvnpm,"",FYSH UK Collection,,FYSH 3705,GREY ROSE GOLD,M203,53,17,140,676190659665,,,94.99,309,0,,,t,2025-12-07 20:32:43.242,2025-12-07 20:32:43.242,t,f,999,FRAME
cmiw6irwq04oaitnt6pbsikeu,"",Superflex,,SFK-203,BROWN TEAL,1,47,16,130,676190343465,,,39.99,120,0,,,t,2025-12-07 20:32:43.466,2025-12-07 20:32:43.466,t,f,999,FRAME
cmiw6is2z04obitnta48cc29u,"",Flexon,,FLEXON E1149,MATTE BLACK/GUN,002,56,18,145,886895649605,,,123,159,1,,,t,2025-12-07 20:32:43.692,2025-12-07 20:32:43.692,t,f,999,FRAME
cmiw6isfr04oditntgjclh1s7,"",Ray Ban,,RB3447 ROUND METAL,ROSE GOLD,9002/A6,47,21,140,,,,127.96,409,1,,,t,2025-12-07 20:32:44.151,2025-12-07 20:32:44.151,t,f,999,FRAME
cmiw6issl04ofitnt7sz4zq3c,"",Scott Harris UTX,,SHX-017,Shadow / Pink Tortoise /Chrome,2,55,17,145,738921561668,,,77.95,259,1,,,t,2025-12-07 20:32:44.613,2025-12-07 20:32:44.613,t,f,999,FRAME
cmiw6it5a04ohitntt0tt5ia0,"",Flexon,,FLEXON EP8024,BLACK/ BLACK,001,55,18,145,886895649704,,,103.5,339,0,,,t,2025-12-07 20:32:45.07,2025-12-07 20:32:45.07,t,f,999,FRAME
cmiw6itbk04oiitnth5weyvuz,"",Longchamp,,LO2691,TEXTURED BLUE/GREY,406,51,,140,886895567435,,,80.5,269,0,,,t,2025-12-07 20:32:45.296,2025-12-07 20:32:45.296,t,f,999,FRAME
cmiw6ithu04ojitntcotmc232,"",FYSH UK Collection,,FYSH 3684,BLACK SNAKE,S400,54,16,140,676190612820,,,94.99,256,1,,,t,2025-12-07 20:32:45.522,2025-12-07 20:32:45.522,t,f,999,FRAME
cmiw6ituo04olitntthjqh1zs,"",Match Eyewear,,200,MGun,,53,18,145,891160119523,,,65.95,219,0,,,t,2025-12-07 20:32:45.985,2025-12-07 20:32:45.985,t,f,999,FRAME
cmiw6iu1404omitnthfd7o8tv,"",Elle,,EL 14914,BROWN,BR,55,17,140,,,,59,199,0,,,t,2025-12-07 20:32:46.216,2025-12-07 20:32:46.216,t,f,999,FRAME
cmiw6iu7l04onitnt2tkwvmf7,"",SuperFlex,,SF-570,Charcoal,M103,54,17,140,676190433739,,,42.99,149,0,,,t,2025-12-07 20:32:46.449,2025-12-07 20:32:46.449,t,f,999,FRAME
cmiw6iue004ooitnt9d3ljg73,"",Guess?,,GU2658,Dark Havana,052,52,17,135,664689921072,,,82,269,0,,,t,2025-12-07 20:32:46.681,2025-12-07 20:32:46.681,t,f,999,FRAME
cmiw6iukd04opitntu9nqn8kc,"",Fossil,,FOS 7096,Bwgd Grid,0UFM,54,16,140,716736350332,,,74.5,249,0,,,t,2025-12-07 20:32:46.91,2025-12-07 20:32:46.91,t,f,999,FRAME
cmiw6iuql04oqitntmklzljn0,"",Harley Davidson,,HD0959X,Black/Orange,02D,60,15,135,,,,65,219,0,,,t,2025-12-07 20:32:47.134,2025-12-07 20:32:47.134,t,f,999,FRAME
cmiw6iux204oritnti5vjndrz,"",David Benjamin 4 Kids,,Sweetpea,Pink,2,48,16,130,738921556565,,,53.95,182,1,,,t,2025-12-07 20:32:47.366,2025-12-07 20:32:47.366,t,f,999,FRAME
cmiw6iva404otitnthw9bo85i,"",FYSH UK Collection,,FYSH 3683,COBALT PEARL,S401,54,15,140,676190613858,,,94.99,309,0,,,t,2025-12-07 20:32:47.836,2025-12-07 20:32:47.836,t,f,999,FRAME
cmiw6ivgq04ouitntcfedbm5j,"",Helium-Paris,,4455,Beet/Gun,,55,16,142,891160110988,,,79,259,0,,,t,2025-12-07 20:32:48.075,2025-12-07 20:32:48.075,t,f,999,FRAME
cmiw6ivn504ovitnt01t5mz6j,"",SuperFlex,,SF-597,GREY ROSE GOLD,S203,52,16,135,676190606966,,,42.99,149,0,,,t,2025-12-07 20:32:48.305,2025-12-07 20:32:48.305,t,f,999,FRAME
cmiw6ivtf04owitnt3k9o4pqh,"",Scott Harris,,Scott Harris 838,Chocolate / Sand,3,53,17,140,738921565888,,,74.95,249,0,,,t,2025-12-07 20:32:48.531,2025-12-07 20:32:48.531,t,f,999,FRAME
cmiw6iw0204oxitnti7z3lzb7,"",Flexon,,FLEXON E1141,MATTE BLACK/GUNMETAL,002,56,16,145,886895605564,,,119,357,0,,,t,2025-12-07 20:32:48.771,2025-12-07 20:32:48.771,t,f,999,FRAME
cmiw6iw6v04oyitnteyk4k3uw,"",Danny Gokey,,125,Green,,54,17,145,891160101511,,,66,219,0,,,t,2025-12-07 20:32:49.016,2025-12-07 20:32:49.016,t,f,999,FRAME
cmiw6iwcz04ozitntrybtm7wn,"",KLiiK:denmark,,K-735,BLUSH ROSE GOLD,S409,50,16,140,676190664812,,,89.99,289,0,,,t,2025-12-07 20:32:49.236,2025-12-07 20:32:49.236,t,f,999,FRAME
cmiw6iwjc04p0itnt8l99wqy3,"",Bebe,,BB5183,NAVY,410,51,16,135,788678078049,,,69,229,0,,,t,2025-12-07 20:32:49.465,2025-12-07 20:32:49.465,t,f,999,FRAME
cmiw6iwpm04p1itntxmj4o5zt,"",Diva,,DI5503,Tortoise-Champange-Gold,76T,52,15,142,751582200592,,,155,100,0,,,t,2025-12-07 20:32:49.69,2025-12-07 20:32:49.69,t,f,999,FRAME
cmiw6iwvy04p2itntllkjuziv,"",Scott Harris,,Scott Harris 874,Lilac,3,54,16,140,738921570318,,,75.95,120,0,,,t,2025-12-07 20:32:49.919,2025-12-07 20:32:49.919,t,f,999,FRAME
cmiw6ix2d04p3itnt34c8fc5r,"",6A,,6A2003V TYBEE RX,SHINY LIGHT GRAY CRYSTAL,200304,55,20,140,8056597788007,,,69.87,210,0,,,t,2025-12-07 20:32:50.149,2025-12-07 20:32:50.149,t,f,999,FRAME
cmiw6ix8v04p4itnt7pt4kz0u,"",SuperFlex,,SF-484,Grey Black,1,53,17,140,881814504744,,,42.99,149,0,,,t,2025-12-07 20:32:50.383,2025-12-07 20:32:50.383,t,f,999,FRAME
cmiw6ixf604p5itntjnuvc7de,"",Aristar,,AR 18657,Grey,505,53,18,140,888989242495,,,49.99,170,0,,,t,2025-12-07 20:32:50.61,2025-12-07 20:32:50.61,t,f,999,FRAME
cmiw6ixlf04p6itntwulr0y7w,"",Steve Madden,,Mella,BLUE MULTI,,54,17,140,886453683683,,,69.99,229,0,,,t,2025-12-07 20:32:50.835,2025-12-07 20:32:50.835,t,f,999,FRAME
cmiw6ixrr04p7itntgfkohfs2,"",Ray-Ban Rx,,RX5362,TRANSPARENT GREEN,8178,54,17,140,8056597660501,,,83.88,279,0,,,t,2025-12-07 20:32:51.064,2025-12-07 20:32:51.064,t,f,999,FRAME
cmiw6ixy004p8itntqk0bur69,"",Ellen Tracy,,Wexford,TEAL,,52,17,135,886453613901,,,69.99,229,0,,,t,2025-12-07 20:32:51.288,2025-12-07 20:32:51.288,t,f,999,FRAME
cmiw6iy5j04p9itntaa34pakk,"",Longchamp,,LO727S,Blue/Sand,2,54,16,140,,,,95,309,0,,,t,2025-12-07 20:32:51.516,2025-12-07 20:32:51.516,t,f,999,FRAME
cmiw6iybr04paitntpe2rmedl,"",SuperFlex,,SF-1132T,NAVY SILVER,M101,55,17,145,676190589092,,,67.95,204,0,,,t,2025-12-07 20:32:51.784,2025-12-07 20:32:51.784,t,f,999,FRAME
cmiw6iyi204pbitntln1p6n4e,"",Cosmopolitan,,Reagan,Gold,,54,16,140,891160090266,,,69,229,1,,,t,2025-12-07 20:32:52.011,2025-12-07 20:32:52.011,t,f,999,FRAME
cmiw6iyuv04pditnt70q93cs9,"",Scott Harris,,Scott Harris 848,Mauve,1,49,17,135,738921567257,,,72.95,239,0,,,t,2025-12-07 20:32:52.471,2025-12-07 20:32:52.471,t,f,999,FRAME
cmiw6iz1704peitnt8gy222ci,"",Easyclip,,EC518,Brown Crystal & Demi Purple & Blue Crystal/Brown Crystal & Demi Purple,10,54,17,140,686245212035,,,99.99,319,0,,,t,2025-12-07 20:32:52.699,2025-12-07 20:32:52.699,t,f,999,FRAME
cmiw6iz7f04pfitntckb3g7s0,"",Skechers,,SE1093,MATTE BLACK,002,49,16,130,664689695676,,,40,149,0,,,t,2025-12-07 20:32:52.924,2025-12-07 20:32:52.924,t,f,999,FRAME
cmiw6izdn04pgitntzpjmlb28,"",Helium-Paris,,4453,Crystal Emerald/Gun,,53,16,145,891160110933,,,79,259,0,,,t,2025-12-07 20:32:53.147,2025-12-07 20:32:53.147,t,f,999,FRAME
cmiw6izk004phitntyx1jf6fd,"",Bebe,,BB5168,JET GRADIENT,001,53,17,140,788678158536,,,80,269,1,,,t,2025-12-07 20:32:53.376,2025-12-07 20:32:53.376,t,f,999,FRAME
cmiw6izwn04pjitntszbrr5gi,"",Longchamp,,LO2726,GRADIENT BLUE ROSE,435,54,15,140,886895622530,,,96.5,285,1,,,t,2025-12-07 20:32:53.831,2025-12-07 20:32:53.831,t,f,999,FRAME
cmiw6j09f04plitntb2h52yx3,"",Oakley,,Gascan  9014,black,4460,60,15,128,,,,72,299,0,,,t,2025-12-07 20:32:54.291,2025-12-07 20:32:54.291,t,f,999,FRAME
cmiw6j0ft04pmitntqgxru2zw,"",Danny Gokey,,DG 68,MDNAVY/MDGUN,,52,17,135,891160037605,,,64,219,0,,,t,2025-12-07 20:32:54.521,2025-12-07 20:32:54.521,t,f,999,FRAME
cmiw6j0m104pnitnt58rcujt6,"",Izod,,2114,BLACK,,53,17,145,886453652849,,,69.99,210,1,,,t,2025-12-07 20:32:54.746,2025-12-07 20:32:54.746,t,f,999,FRAME
cmiw6j0yo04ppitntq3dwc18y,"",Lulu Guinness,,L792,burgundy,BUR,51,16,135,764724826512,,,91.95,299,0,,,t,2025-12-07 20:32:55.2,2025-12-07 20:32:55.2,t,f,999,FRAME
cmiw6j14s04pqitnty6994czl,"",Match Eyewear,,196,Matt Brown,,53,18,145,891160119394,,,65.95,219,0,,,t,2025-12-07 20:32:55.42,2025-12-07 20:32:55.42,t,f,999,FRAME
cmiw6j1b804pritntcgbg2f4s,"",Ellen Tracy,,Lismore,BLACK,,53,15,135,886453629711,,,56.99,199,0,,,t,2025-12-07 20:32:55.652,2025-12-07 20:32:55.652,t,f,999,FRAME
cmiw6j1ho04psitntt96pmllo,"",Titanium,,CH 29120,Black,BK,53,17,145,888989297822,,,79.99,259,0,,,t,2025-12-07 20:32:55.885,2025-12-07 20:32:55.885,t,f,999,FRAME
cmiw6j1o004ptitnte1xvrfz0,"",Ray Ban,,RJ9052S JUNIOR NEW WAYFARER,Green,,47,15,125,,,,43.83,150,1,,,t,2025-12-07 20:32:56.113,2025-12-07 20:32:56.113,t,f,999,FRAME
cmiw6j20t04pvitntz2h8up5g,"",Scott Harris,,Scott Harris 900,Taupe Fade,3,54,19,143,738921573869,,,75.95,225,0,,,t,2025-12-07 20:32:56.573,2025-12-07 20:32:56.573,t,f,999,FRAME
cmiw6j27504pwitntg6ge7tm4,"",Lulu Guinness,,L923,Black,,53,17,135,,,,73.25,220,1,,,t,2025-12-07 20:32:56.802,2025-12-07 20:32:56.802,t,f,999,FRAME
cmiw6j2jy04pyitntc4emv8sw,"",Candies,,CA0134,Light Brown/Other,047,51,16,135,664689814718,,,67,229,1,,,t,2025-12-07 20:32:57.262,2025-12-07 20:32:57.262,t,f,999,FRAME
cmiw6j2wl04q0itntj6w3gaco,"",Longchamp,,LO2695,GRADIENT BLUE PEACH,425,53,17,140,886895548403,,,82.5,269,1,,,t,2025-12-07 20:32:57.717,2025-12-07 20:32:57.717,t,f,999,FRAME
cmiw6j39b04q2itntaazj86ok,"",Scott Harris,,Scott Harris 804,Smoke / Orange,2,51,18,140,738921557944,,,70.95,233,0,,,t,2025-12-07 20:32:58.175,2025-12-07 20:32:58.175,t,f,999,FRAME
cmiw6j3fl04q3itntas35lnwk,"",Takumi,,TK1172,Crystal Dark Blue & Salmon & Light Blue / Crystal Dark Blue,50,51,17,135,686245238219,,,99.99,319,0,,,t,2025-12-07 20:32:58.401,2025-12-07 20:32:58.401,t,f,999,FRAME
cmiw6j3m604q4itnt00hm5mq1,"",FYSH UK Collection,,FYSH 3698,PECAN TEAL,S402,55,16,140,676190643930,,,94.99,256,0,,,t,2025-12-07 20:32:58.638,2025-12-07 20:32:58.638,t,f,999,FRAME
cmiw6j3sq04q5itntya2re7x4,"",Batman,,Batman,Yellow-Black,,48,15,130,751582202510,,,55,147,0,,,t,2025-12-07 20:32:58.874,2025-12-07 20:32:58.874,t,f,999,FRAME
cmiw6j3z704q6itntzt2m3nql,"",Longchamp,,LO2608,(272) NUDE,272,51,19,140,886895409155,,,72,216,0,,,t,2025-12-07 20:32:59.108,2025-12-07 20:32:59.108,t,f,999,FRAME
cmiw6j45k04q7itntbenpu3la,"",Flexon,,E1144,BROWN,071,54,18,145,,,,85,279,0,,,t,2025-12-07 20:32:59.336,2025-12-07 20:32:59.336,t,f,999,FRAME
cmiw6j4c304q8itntu6zx35gq,"",Guess?,,GU2883,matte black,002,49,14,140,889214325358,,,82,269,0,,,t,2025-12-07 20:32:59.571,2025-12-07 20:32:59.571,t,f,999,FRAME
cmiw6j4ii04q9itntifkiwhh0,"",SuperFlex,,SF-1148T,PERIWINKLE LILAC,M207,52,16,135,676190648485,,,67.95,224,1,,,t,2025-12-07 20:32:59.802,2025-12-07 20:32:59.802,t,f,999,FRAME
cmiw6j4vf04qbitntfxujwm6v,"",BCBG Max Azria,,Irina,EGGPLANT,,49,16,125,886453642857,,,82.99,100,0,,,t,2025-12-07 20:33:00.267,2025-12-07 20:33:00.267,t,f,999,FRAME
cmiw6j51v04qcitnt3capb2k7,"",Scott Harris,,Scott Harris 894,Bubblegum,1,53,16,140,738921573753,,,72.95,239,0,,,t,2025-12-07 20:33:00.499,2025-12-07 20:33:00.499,t,f,999,FRAME
cmiw6j58604qditntsk4jl5wx,"",Izod,,2090,BLACK,,56,18,145,886453590011,,,69.99,230,0,,,t,2025-12-07 20:33:00.727,2025-12-07 20:33:00.727,t,f,999,FRAME
cmiw6j5en04qeitntxho5aagh,"",Isaac Mizrahi New York,,IM 30067,Brown,BR,47,17,135,888989290502,,,69.99,210,1,,,t,2025-12-07 20:33:00.959,2025-12-07 20:33:00.959,t,f,999,FRAME
cmiw6j5r904qgitntoy2s4lgf,"",Ray-Ban Rx,,RX7227,TRANSPARENT PINK,8314,51,21,145,8056597937566,,,70.46,211,1,,,t,2025-12-07 20:33:01.414,2025-12-07 20:33:01.414,t,f,999,FRAME
cmiw6j63u04qiitntiwu30ee0,"",Ellen Tracy,,Santry,BLUE FADE,,55,16,145,886453615387,,,56.99,191,0,,,t,2025-12-07 20:33:01.866,2025-12-07 20:33:01.866,t,f,999,FRAME
cmiw6j6a404qjitntzll2hre8,"",JOE,,JOE4085,BLACKJACK,001,55,18,140,788678079848,,,68,100,0,,,t,2025-12-07 20:33:02.093,2025-12-07 20:33:02.093,t,f,999,FRAME
cmiw6j6gl04qkitntzhrywjtz,"",6A,,6A8026 OCR 820,SMOKE CRYSTAL,802602,54,17,140,8056597904568,,,65,195,2,,,t,2025-12-07 20:33:02.325,2025-12-07 20:33:02.325,t,f,999,FRAME
cmiw6j6tb04qmitntpt3jrjum,"",Adrienne Vittadini,,6024,Blue Stripe,,51,20,150,891160072156,,,69,207,0,,,t,2025-12-07 20:33:02.784,2025-12-07 20:33:02.784,t,f,999,FRAME
cmiw6j6zl04qnitnt4okkc31p,"",Longchamp,,LO2616,(305) SAGE,305,53,16,135,886895346252,,,72,216,0,,,t,2025-12-07 20:33:03.01,2025-12-07 20:33:03.01,t,f,999,FRAME
cmiw6j75u04qoitntn34i6x4v,"",OP,,Sandbar,Tort brown,,59,17,135,,,,35,219,1,,,t,2025-12-07 20:33:03.234,2025-12-07 20:33:03.234,t,f,999,FRAME
cmiw6j7il04qqitntxcolhghr,"",RX,,OCR 410,Crystal Grey,,57,15,140,,,,51.26,173.78,1,,,t,2025-12-07 20:33:03.693,2025-12-07 20:33:03.693,t,f,999,FRAME
cmiw6j7vc04qsitnt9gr0cqt5,"",RX,,BRD 300,Gunmetal,,55,,145,,,,54.49,54,1,,,t,2025-12-07 20:33:04.153,2025-12-07 20:33:04.153,t,f,999,FRAME
cmiw6j88104quitntdzq8hxe2,"",Costa Optical,,OCR 820,MATTE BLACK,,51,21,145,,,,34.06,187,1,,,t,2025-12-07 20:33:04.609,2025-12-07 20:33:04.609,t,f,999,FRAME
cmiw6j8kq04qwitntbwcfrhd3,"",Costa Del Mar,,06S2013 KAILANO  FD,Tortoise grey,,53,21,140,,,,89.76,269,1,,,t,2025-12-07 20:33:05.066,2025-12-07 20:33:05.066,t,f,999,FRAME
cmiw6j8xc04qyitntxz017hkl,"",Costa Del Mar,,06S2016 NUSA FD,Tortoise,,54,21,145,,,,131,393,1,,,t,2025-12-07 20:33:05.52,2025-12-07 20:33:05.52,t,f,999,FRAME
cmiw6j9a304r0itntf3wtafqf,"",RX,,Rincon,Matte Deep Blue,,63,,140,,,,79.29,258,1,,,t,2025-12-07 20:33:05.98,2025-12-07 20:33:05.98,t,f,999,FRAME
cmiw6j9n704r2itntekviklk7,"",KLiiK:denmark,,K-736,TURQUOISE MULTI,S404,47,16,135,676190665017,,,89.99,230,0,,,t,2025-12-07 20:33:06.451,2025-12-07 20:33:06.451,t,f,999,FRAME
cmiw6j9uq04r3itntfm18g9v7,"",RX,,BRD 330,matte blk,,55,17,145,,,,83.84,252,1,,,t,2025-12-07 20:33:06.679,2025-12-07 20:33:06.679,t,f,999,FRAME
cmiw6ja8804r5itnty0dg3f92,"",Costa Del Mar Sun,,Fantail,blk,,59,14,127,,,,106.3,225,1,,,t,2025-12-07 20:33:07.208,2025-12-07 20:33:07.208,t,f,999,FRAME
cmiw6jal404r7itntrlrfd70m,"",Costa Sunglasses,,BLACKFIN,black,,62,14,127,,,,106.3,234,1,,,t,2025-12-07 20:33:07.672,2025-12-07 20:33:07.672,t,f,999,FRAME
cmiw6jay004r9itnt22c83u89,"",Lenton & Rusby,,LR4000,TORTOISE,215,49,21,140,788678071972,,,40,120,0,,,t,2025-12-07 20:33:08.137,2025-12-07 20:33:08.137,t,f,999,FRAME
cmiw6jb4d04raitnt4xg4efg6,"",Danny Gokey,,141,Black/Grey,,54,17,140,891160118847,,,69,207,1,,,t,2025-12-07 20:33:08.365,2025-12-07 20:33:08.365,t,f,999,FRAME
cmiw6jbi304rcitnt7ex55glk,"",Oakley Frame,,OO9416,Woodgrain,,64,17,132,,,,134.89,329,0,,,t,2025-12-07 20:33:08.86,2025-12-07 20:33:08.86,t,f,999,FRAME
cmiw6jbok04rditntin37bwfn,"",SuperFlex,,SF-639,BLACK RED,M100,55,18,145,676190706826,,,42.99,149,0,,,t,2025-12-07 20:33:09.092,2025-12-07 20:33:09.092,t,f,999,FRAME
cmiw6jbut04reitntvj3u5mku,"",Nike,,NIKE 7125,DARK GREY/CLEAR FADE,035,54,15,145,886895522854,,,77,259,0,,,t,2025-12-07 20:33:09.318,2025-12-07 20:33:09.318,t,f,999,FRAME
cmiw6jc1104rfitntvujdv9jw,"",Oakley Frame,,OX5078 SWAY BAR,SATIN BLACK,507801,53,16,136,888392616449,,,80,240,1,,,t,2025-12-07 20:33:09.541,2025-12-07 20:33:09.541,t,f,999,FRAME
cmiw6jcdx04rhitntaluqdx3c,"",Oakley,,Chamfer Squared 8143,black,,54,17,133,,,,77.65,194,2,,,t,2025-12-07 20:33:10.006,2025-12-07 20:33:10.006,t,f,999,FRAME
cmiw6jcqx04rjitntjitwsufq,"",Oakley,,Centerboard  8163,black,,51,17,141,,,,64.88,185,1,,,t,2025-12-07 20:33:10.473,2025-12-07 20:33:10.473,t,f,999,FRAME
cmiw6jd3p04rlitntee9pp74p,"",Oakley,,Feedback   4079,rose gold,,59,13,135,,,,110.59,221,1,,,t,2025-12-07 20:33:10.934,2025-12-07 20:33:10.934,t,f,999,FRAME
cmiw6jdgm04rnitntzggn7ov7,"",Oakley,,Wire Tap  4145,black,,61,19,136,,,,95,421,1,,,t,2025-12-07 20:33:11.399,2025-12-07 20:33:11.399,t,f,999,FRAME
cmiw6jdtk04rpitntfgpqnd1d,"",Oakley,,Fuel Cell  9096,black,,60,19,130,,,,100.48,225,1,,,t,2025-12-07 20:33:11.865,2025-12-07 20:33:11.865,t,f,999,FRAME
cmiw6je6904rritntsgg0bnqz,"",Oakley Frame,,OO9129,black camo,,63,14,131,,,,85.8,175,1,,,t,2025-12-07 20:33:12.321,2025-12-07 20:33:12.321,t,f,999,FRAME
cmiw6jej904rtitntlxnfvj6j,"",Oakley Sun,,Flak 2.0  9188,black,,63,14,131,,,,103.33,319,1,,,t,2025-12-07 20:33:12.79,2025-12-07 20:33:12.79,t,f,999,FRAME
cmiw6jevu04rvitntpq9ws0nj,"",Helium-Paris,,4462,Brown Horn/SBlk,,56,15,145,891160114900,,,79,239,0,,,t,2025-12-07 20:33:13.242,2025-12-07 20:33:13.242,t,f,999,FRAME
cmiw6jf2404rwitnt9maxmjxw,"",6A,,6A8014 OCR 400,BLACK,801401,57,16,140,8056597584654,,,78.86,237,1,,,t,2025-12-07 20:33:13.468,2025-12-07 20:33:13.468,t,f,999,FRAME
cmiw6jfeu04ryitntcqencg42,"",Scott Harris,,Scott Harris 868,Plum / Teal Multi,1,54,15,140,738921569893,,,74.95,225,0,,,t,2025-12-07 20:33:13.927,2025-12-07 20:33:13.927,t,f,999,FRAME
cmiw6jfla04rzitntlm5a63e9,"",Adrienne Vittadini,,6020,Black,,55,20,150,891160072019,,,69,207,1,,,t,2025-12-07 20:33:14.159,2025-12-07 20:33:14.159,t,f,999,FRAME
cmiw6jfy004s1itnt3d2dpoma,"",David Benjamin 4 Kids,,Ruby,Aqua,2,45,15,125,738921570936,,,53.95,189,0,,,t,2025-12-07 20:33:14.616,2025-12-07 20:33:14.616,t,f,999,FRAME
cmiw6jg4i04s2itnthrsm8qup,"",Exces,,EX3155,Blue Crystal-Purple,403,52,16,140,751582203517,,,50,50,0,,,t,2025-12-07 20:33:14.85,2025-12-07 20:33:14.85,t,f,999,FRAME
cmiw6jgaq04s3itnt2axnqm2q,"",Longchamp,,LO2621,(251) MARBLE BROWN AZURE,251,53,14,140,886895360500,,,87.5,289,0,,,t,2025-12-07 20:33:15.075,2025-12-07 20:33:15.075,t,f,999,FRAME
cmiw6jgha04s4itntl3iidcxi,"",Longchamp,,LO2703,ROSE HAVANA,690,56,16,140,886895573832,,,75,225,0,,,t,2025-12-07 20:33:15.31,2025-12-07 20:33:15.31,t,f,999,FRAME
cmiw6jgni04s5itnttk9e4v9i,"",Carrera,,CA6180,Shd Grey,02M0,55,17,140,716736106649,,,79.5,220,0,,,t,2025-12-07 20:33:15.534,2025-12-07 20:33:15.534,t,f,999,FRAME
cmiw6jgtu04s6itnt7xjqt5ml,"",cK Calvin Klein,,CK22534S,Petrol/Blue Gradient,431,55,18,140,,,,109.5,349,0,,,t,2025-12-07 20:33:15.763,2025-12-07 20:33:15.763,t,f,999,FRAME
cmiw6jh0904s7itntr7l42t5f,"",Guess?,,GU2956,shiny turquoise,087,54,16,140,889214424679,,,71,213,1,,,t,2025-12-07 20:33:15.993,2025-12-07 20:33:15.993,t,f,999,FRAME
cmiw6jhd104s9itnt7xeeqx42,"",Candies,,CA0183,crystal,026,52,16,140,889214172495,,,67,229,0,,,t,2025-12-07 20:33:16.453,2025-12-07 20:33:16.453,t,f,999,FRAME
cmiw6jhjc04saitnth0ffyd8h,"",Tory Burch,,TY2133U,IVORY,1906,53,18,140,725125397605,,,72.81,218,1,,,t,2025-12-07 20:33:16.68,2025-12-07 20:33:16.68,t,f,999,FRAME
cmiw6jhw404scitntpuxieyls,"",Line Art,,XL 2171,Silver,SI,51,17,135,888989326867,,,109,327,0,,,t,2025-12-07 20:33:17.14,2025-12-07 20:33:17.14,t,f,999,FRAME
cmiw6ji2c04sditntilndmirj,"",RX,,MRA 500,Tortoise,MRA500,54,17,140,,,,47.69,169,0,,,t,2025-12-07 20:33:17.364,2025-12-07 20:33:17.364,t,f,999,FRAME
cmiw6ji8l04seitnt2z499uq7,"",Lenton & Rusby,,LR4006,BLACK,001,55,17,140,788678072092,,,40,120,0,,,t,2025-12-07 20:33:17.59,2025-12-07 20:33:17.59,t,f,999,FRAME
cmiw6jieq04sfitnttx62jai7,"",Easyclip,,EC587,Forest Green & Brown Stripes/Forest Green,60,48,20,140,686245249277,,,99.99,319,0,,,t,2025-12-07 20:33:17.811,2025-12-07 20:33:17.811,t,f,999,FRAME
cmiw6jil904sgitnt890330wf,"",Oakley Frame,,OX3218,Polished Black,321801,54,18,138,888392221742,,,68,254,0,,,t,2025-12-07 20:33:18.045,2025-12-07 20:33:18.045,t,f,999,FRAME
cmiw6jirn04shitnt0frtyusq,"",CALVIN KLEIN JEANS,,CKJ19525,(671) CRYSTAL BLUSH,671,52,,140,883901118865,,,69,229,0,,,t,2025-12-07 20:33:18.275,2025-12-07 20:33:18.275,t,f,999,FRAME
cmiw6jiy504siitntgxjz1k4h,"",Adrienne Vittadini,,6025,Brown,,52,20,150,891160072118,,,69,150,1,,,t,2025-12-07 20:33:18.51,2025-12-07 20:33:18.51,t,f,999,FRAME
cmiw6jjdb04skitntfc9h12gh,"",Adrienne Vittadini,,6028,Blue Stripe,,52,19,150,891160072224,,,69,169,0,,,t,2025-12-07 20:33:19.056,2025-12-07 20:33:19.056,t,f,999,FRAME
cmiw6jjjh04slitnt3386wnjs,"",Danny Gokey,,DG62,Mdgrey,,54,16,140,891160031801,,,62,209,13,,,t,2025-12-07 20:33:19.278,2025-12-07 20:33:19.278,t,f,999,FRAME
cmiw6jjvw04snitntg5icnyaf,"",Costa,,OCR 410,Fog Gray,801503,52,17,140,,,,78.86,259,1,,,t,2025-12-07 20:33:19.725,2025-12-07 20:33:19.725,t,f,999,FRAME
cmiw6jk8u04spitntuiug3416,"",Scott Harris,,Scott Harris 676,Crystal/Black,3,53,17,135,738921540700,,,72.95,239,0,,,t,2025-12-07 20:33:20.191,2025-12-07 20:33:20.191,t,f,999,FRAME
cmiw6jkf504sqitntd3xt4wy8,"",Helium-Paris,,4411,Black/Crystal,,56,15,140,891160083596,,,79,257,0,,,t,2025-12-07 20:33:20.418,2025-12-07 20:33:20.418,t,f,999,FRAME
cmiw6jklu04sritnt2ao3tiak,"",6A,,6A2005V ARANSAS RX,SHINY OCEAN TORTOISE,200503,58,17,145,8056597788434,,,69.87,229,0,,,t,2025-12-07 20:33:20.658,2025-12-07 20:33:20.658,t,f,999,FRAME
cmiw6jksd04ssitnteaz8s7ch,"",SuperFlex,,SF-1155T,BLACK RED,M100,55,17,145,676190663525,,,67.95,204,0,,,t,2025-12-07 20:33:20.894,2025-12-07 20:33:20.894,t,f,999,FRAME
cmiw6jkyo04stitntive3cedw,"",Izod,,2103,GREY HORN,,54,16,145,886453626130,,,79.99,259,0,,,t,2025-12-07 20:33:21.12,2025-12-07 20:33:21.12,t,f,999,FRAME
cmiw6jl4y04suitntcsfufd16,"",6A,,6A3015 BRD 310,GUNMETAL,301503,55,17,145,8056597584548,,,83.84,240,1,,,t,2025-12-07 20:33:21.346,2025-12-07 20:33:21.346,t,f,999,FRAME
cmiw6jlij04switnt67ez44ff,"",Isaac Mizrahi New York,,IM 30024,Pink,PK,51,19,135,888989013828,,,79.99,259,0,,,t,2025-12-07 20:33:21.792,2025-12-07 20:33:21.792,t,f,999,FRAME
cmiw6jlp304sxitntxcmz5zlp,"",Izod,,2105,BLUE NAVY,,50,18,145,886453626352,,,79.99,259,0,,,t,2025-12-07 20:33:22.071,2025-12-07 20:33:22.071,t,f,999,FRAME
cmiw6jlwn04syitnt10kkucma,"",ClearVision,,Heckscher Park,PURPLE MULTI,,51,16,135,886453494487,,,59.99,199,1,,,t,2025-12-07 20:33:22.343,2025-12-07 20:33:22.343,t,f,999,FRAME
cmiw6jm9804t0itntnsxee4bf,"",Costa Del Mar,,06S9016 Rinconcito FD,Matte Tortoise,901611,60,12,140,,,,116.5,350,1,,,t,2025-12-07 20:33:22.796,2025-12-07 20:33:22.796,t,f,999,FRAME
cmiw6jmm204t2itntua23fwe2,"",Oakley Youth,,OY8014 ROUND OUT,SATIN BLACK,801401,46,16,133,888392491404,,,51.03,173.09,1,,,t,2025-12-07 20:33:23.258,2025-12-07 20:33:23.258,t,f,999,FRAME
cmiw6jmyl04t4itntdo0axxcf,"",6A,,6A8008V OCR220,BLACK,800804,53,19,140,8056597732284,,,79.85,129,1,,,t,2025-12-07 20:33:23.709,2025-12-07 20:33:23.709,t,f,999,FRAME
cmiw6jnbo04t6itntfvx62jqd,"",Ray-Ban,,RB 3025 (Gradient),Gold,L0205,58,14,135,,,,73.33,73,1,,,t,2025-12-07 20:33:24.181,2025-12-07 20:33:24.181,t,f,999,FRAME
cmiw6jnoi04t8itntgg0ee133,"",Polo,,PH2267,SHINY BROWN TORTOISE,5017,52,20,145,8056597915991,,,82.14,266.42,1,,,t,2025-12-07 20:33:24.642,2025-12-07 20:33:24.642,t,f,999,FRAME
cmiw6jo1k04taitntjei5t9xm,"",Polo,,PH1217,SEMISHINY DARK GUNMETAL,9307,52,19,145,8056597839051,,,82.14,266,1,,,t,2025-12-07 20:33:25.112,2025-12-07 20:33:25.112,t,f,999,FRAME
cmiw6joe004tcitntauxyxjey,"",Polo,,PH2117,Shiny Black,5001,54,16,145,8053672240009,,,73.62,240.86,1,,,t,2025-12-07 20:33:25.56,2025-12-07 20:33:25.56,t,f,999,FRAME
cmiw6joqm04teitnthet9rc9h,"",Polo,,PH1215,SEMISHINY BLACK + GUNMET,9267,56,17,150,8056597731133,,,71.22,233,1,,,t,2025-12-07 20:33:26.014,2025-12-07 20:33:26.014,t,f,999,FRAME
cmiw6jp3j04tgitntlzbcbpm9,"",Ray-Ban Youth,,RY1591,TOP PURPLE/PINK/BEIGE,3944,46,16,125,8056597953832,,,41.37,124,1,,,t,2025-12-07 20:33:26.479,2025-12-07 20:33:26.479,t,f,999,FRAME
cmiw6jpg804tiitntf2iim7du,"",Ray-Ban Youth,,RY1536,BLUE STRIPED GRADIENT,3731,46,16,125,8053672786590,,,41.37,124,1,,,t,2025-12-07 20:33:26.937,2025-12-07 20:33:26.937,t,f,999,FRAME
cmiw6jpsy04tkitnt1zhgeyrc,"",Ray-Ban Rx,,RX7210,ALABASTER,8203,50,20,145,8056597715409,,,82.92,249,1,,,t,2025-12-07 20:33:27.394,2025-12-07 20:33:27.394,t,f,999,FRAME
cmiw6jq5l04tmitntsyuemshu,"",Ray-Ban Rx,,RX5418,HAVANA,2012,54,19,145,8056597827058,,,78.12,254.36,0,,,t,2025-12-07 20:33:27.849,2025-12-07 20:33:27.849,t,f,999,FRAME
cmiw6jqc104tnitnte9ep12h5,"",Ray-Ban Rx,,RX5228M,TRASPARENT ON TOP BLACK,2034,56,17,145,8053672971194,,,82.92,249,0,,,t,2025-12-07 20:33:28.081,2025-12-07 20:33:28.081,t,f,999,FRAME
cmiw6jqif04toitntgeg4mrsh,"",Ray-Ban Rx,,RX5383 MR BURBANK,BLU ON HAVANA,8283,54,19,150,8056597858724,,,82.92,268,1,,,t,2025-12-07 20:33:28.311,2025-12-07 20:33:28.311,t,f,999,FRAME
cmiw6jqv904tqitnt9lnp01wn,"",Ray-Ban Rx,,RX5286,Top Black On Transparent,2034,51,18,135,8053672005189,,,82.92,269,0,,,t,2025-12-07 20:33:28.774,2025-12-07 20:33:28.774,t,f,999,FRAME
cmiw6jr1k04tritnt4thmyefq,"",Ray-Ban Rx,,RX6363,BLACK/MATTE BLACK,2904,54,18,145,8056597210515,,,78.12,254,1,,,t,2025-12-07 20:33:29.001,2025-12-07 20:33:29.001,t,f,999,FRAME
cmiw6jrek04ttitntat9nwmov,"",Ray-Ban Rx,,RX7216 NEW CLUBMASTER,BLACK ON SILVER,2000,51,20,145,8056597725422,,,82.92,269,1,,,t,2025-12-07 20:33:29.468,2025-12-07 20:33:29.468,t,f,999,FRAME
cmiw6jrrg04tvitntuxf7wkv7,"",Ray-Ban Rx,,RX8903F,Matte Black,5263,55,18,145,8053672678659,,,88.11,264,1,,,t,2025-12-07 20:33:29.933,2025-12-07 20:33:29.933,t,f,999,FRAME
cmiw6js4f04txitntzcik91d0,"",Ray-Ban Rx,,RX5422,BLACK ON TRANSPARENT,2034,52,16,140,8056597939843,,,78.12,225,0,,,t,2025-12-07 20:33:30.399,2025-12-07 20:33:30.399,t,f,999,FRAME
cmiw6jsay04tyitnta9575zcw,"",Ray-Ban Rx,,RX0298V MEGA HAWKEYE,BLU ON TRANSPARENT BLU,8324,48,21,145,8056597942935,,,82.92,83,1,,,t,2025-12-07 20:33:30.634,2025-12-07 20:33:30.634,t,f,999,FRAME
cmiw6jsnu04u0itntlbfwjbht,"",Ray-Ban Rx,,RX8421,BLUE ON GUNMETAL,3124,52,19,145,8056597624343,,,95,285,1,,,t,2025-12-07 20:33:31.098,2025-12-07 20:33:31.098,t,f,999,FRAME
cmiw6jt0n04u2itntf6zu9ipa,"",Ray-Ban Rx,,RX5154M,Walnut Rubber Black,5560,51,21,145,8053672430714,,,127.06,382,1,,,t,2025-12-07 20:33:31.56,2025-12-07 20:33:31.56,t,f,999,FRAME
cmiw6jtdl04u4itntqd9oqkp5,"",Ray-Ban Rx,,RX7156,TRASPARENT DARK BLUE,5796,51,20,145,8053672971576,,,74.29,223,1,,,t,2025-12-07 20:33:32.026,2025-12-07 20:33:32.026,t,f,999,FRAME
cmiw6jtqd04u6itntu02doj4u,"",Ray-Ban Rx,,RX6421,MATTE BLACK ON SILVER,2997,56,18,150,8056597956680,,,78.12,234,0,,,t,2025-12-07 20:33:32.485,2025-12-07 20:33:32.485,t,f,999,FRAME
cmiw6jtwm04u7itntsen11lrp,"",SuperFlex,,SF-636,GREY RED,M203,53,18,145,676190694819,,,42.99,149,0,,,t,2025-12-07 20:33:32.71,2025-12-07 20:33:32.71,t,f,999,FRAME
cmiw6ju2y04u8itntitrl5v5a,"",Ralph,,RA7159U,TRANSPARENT GREY,5799,54,17,140,8056597905015,,,49.35,148,1,,,t,2025-12-07 20:33:32.938,2025-12-07 20:33:32.938,t,f,999,FRAME
cmiw6jufq04uaitnt64utx3ut,"",SuperFlex,,SF-1164T,GREY BLACK,M103,55,18,140,676190711400,,,67.95,229,0,,,t,2025-12-07 20:33:33.398,2025-12-07 20:33:33.398,t,f,999,FRAME
cmiw6julx04ubitntffjl16bn,"",Michael Kors,,MK4105BF GEORGETOWN,TRANSPARENT CLEAR,3999,55,15,145,725125395250,,,82.08,246,1,,,t,2025-12-07 20:33:33.621,2025-12-07 20:33:33.621,t,f,999,FRAME
cmiw6juyx04uditntiw1sfn5l,"",Isaac Mizrahi New York,,IM 30053,Rose,RO,53,16,135,888989220509,,,79.99,259,0,,,t,2025-12-07 20:33:34.089,2025-12-07 20:33:34.089,t,f,999,FRAME
cmiw6jv5h04ueitntochyream,"",Guess,,GU00074,Shiny Black/Crystal,01R,55,15,145,,,,59,199,0,,,t,2025-12-07 20:33:34.325,2025-12-07 20:33:34.325,t,f,999,FRAME
cmiw6jvc504ufitnt0vnu920o,"",Art-Craft,,Art-Craft Rimway Eyeglasses,Yellow/Cable,,52,22,165,,,,86,287,0,,,t,2025-12-07 20:33:34.566,2025-12-07 20:33:34.566,t,f,999,FRAME
cmiw6jvim04ugitntaxldwo7o,"",Costa Del Mar RX,,PCR310 301003,Matte Translucent Dark Brown,301003,53,19,140,,,,88,200,0,,,t,2025-12-07 20:33:34.798,2025-12-07 20:33:34.798,t,f,999,FRAME
cmiw6jvox04uhitnt1pppcb3h,"",Lenton & Rusby,,LR5004,BROWN,200,53,16,135,788678571298,,,40,140,0,,,t,2025-12-07 20:33:35.025,2025-12-07 20:33:35.025,t,f,999,FRAME
cmiw6jvva04uiitntz1zn441n,"",Match Eyewear,,192,Brown/Gold,,53,17,140,891160106066,,,62.95,209,0,,,t,2025-12-07 20:33:35.254,2025-12-07 20:33:35.254,t,f,999,FRAME
cmiw6jw1u04ujitnt5547a5tm,"",Flexon,,FLEXON H6073,SATIN BLACK,002,56,18,145,886895649735,,,78.5,255,0,,,t,2025-12-07 20:33:35.49,2025-12-07 20:33:35.49,t,f,999,FRAME
cmiw6jw8504ukitntvw2rhoxy,"",Smart Kids,,Smart kids PL,mint,,46,15,125,,,,46,158,1,,,t,2025-12-07 20:33:35.717,2025-12-07 20:33:35.717,t,f,999,FRAME
cmiw6jwkz04umitntz2nm7kr4,"",6A,,6A3015 BRD 310,PACIFIC BLUE,301502,57,17,145,8056597800037,,,83.84,240,1,,,t,2025-12-07 20:33:36.179,2025-12-07 20:33:36.179,t,f,999,FRAME
cmiw6jwxp04uoitnt0q7gldy9,"",Ralph,,RA5245,Shiny Dark Havana,5003/13,55,18,140,,,,59.85,199,0,,,t,2025-12-07 20:33:36.637,2025-12-07 20:33:36.637,t,f,999,FRAME
cmiw6jx5g04upitnt7o9zj24z,"",Match Eyewear,,MF 163,MCOFFEE,,55,18,140,891160552177,,,57.95,194,0,,,t,2025-12-07 20:33:36.871,2025-12-07 20:33:36.871,t,f,999,FRAME
cmiw6jxbq04uqitnt5ry9xm9x,"",Flexon,,FLEXON EDISON 600,(710) Light Gold,710,49,19,145,750666979522,,,89,287,0,,,t,2025-12-07 20:33:37.142,2025-12-07 20:33:37.142,t,f,999,FRAME
cmiw6jxi404uritnt61oblojy,"",Scott Harris UTX,,SHX-010,Tortoise / Crystal,1,50,19,140,738921557876,,,74.95,245,0,,,t,2025-12-07 20:33:37.372,2025-12-07 20:33:37.372,t,f,999,FRAME
cmiw6jxoc04usitnt5zif96oe,"",Ray-Ban,,RB3025JM,Gold,172,55,14,135,,,,96,288,1,,,t,2025-12-07 20:33:37.597,2025-12-07 20:33:37.597,t,f,999,FRAME
cmiw6jy1604uuitnt7kuk020j,"",Ray-Ban,,RB4171,Havana,710/T5,54,18,140,,,,93.04,279,1,,,t,2025-12-07 20:33:38.059,2025-12-07 20:33:38.059,t,f,999,FRAME
cmiw6jye104uwitnt6ngcny78,"",Michael Kors,,MK4039F,Transparent Purple,3222,54,15,135,725125973274,,,53.35,189,1,,,t,2025-12-07 20:33:38.521,2025-12-07 20:33:38.521,t,f,999,FRAME
cmiw6jytj04uyitntwcqsj6gl,"",Michael Kors,,MK4120U ANDALUCIA,BLACK,3005,53,16,140,725125517966,,,64.84,195,1,,,t,2025-12-07 20:33:39.08,2025-12-07 20:33:39.08,t,f,999,FRAME
cmiw6jz9a04v0itnt59s9kt0e,"",Michael Kors,,MK4092F PAMPLONA,CLEAR,3015,54,17,145,725125383844,,,53.35,189,1,,,t,2025-12-07 20:33:39.646,2025-12-07 20:33:39.646,t,f,999,FRAME
cmiw6jzp904v2itntjkwkhk43,"",Michael Kors,,MK4060U TELLURIDE,BLACK,3332,54,15,140,725125007610,,,56.22,169,1,,,t,2025-12-07 20:33:40.221,2025-12-07 20:33:40.221,t,f,999,FRAME
cmiw6k06k04v4itntzu51jo8x,"",Aristar,,AR 18657,Brown,535,53,18,140,888989242501,,,49.99,170,0,,,t,2025-12-07 20:33:40.844,2025-12-07 20:33:40.844,t,f,999,FRAME
cmiw6k0h804v5itntpwxgusmo,"",Ray Ban,,RB4165 Justin,Black,622,54,16,145,,,,93.04,279,0,,,t,2025-12-07 20:33:41.228,2025-12-07 20:33:41.228,t,f,999,FRAME
cmiw6k0qy04v6itntf5le0r5l,"",Lenton & Rusby,,LR4002,BLACK,001,53,17,140,788678072016,,,40,120,0,,,t,2025-12-07 20:33:41.579,2025-12-07 20:33:41.579,t,f,999,FRAME
cmiw6k10d04v7itnt4jscg30o,"",COACH,,HC6196U,TRANSPARENT HONEY,5715,52,16,140,725125386807,,,73.48,220,0,,,t,2025-12-07 20:33:41.917,2025-12-07 20:33:41.917,t,f,999,FRAME
cmiw6k18l04v8itntlehnb8eo,"",Nautica,,N6253S,Matte Crystal,971,56,18,145,,,,82.3,267,0,,,t,2025-12-07 20:33:42.213,2025-12-07 20:33:42.213,t,f,999,FRAME
cmiw6k1ex04v9itntej3f9qv0,"",Michael Kors,,MK4060U TELLURIDE,CORDOVAN SOLID,3344,54,15,140,725125007658,,,56.22,169,0,,,t,2025-12-07 20:33:42.442,2025-12-07 20:33:42.442,t,f,999,FRAME
cmiw6k1lc04vaitnty6qzls3g,"",Michael Kors,,MK2217U Abruzzo,Black,396688,55,18,145,,,,51.01,185,0,,,t,2025-12-07 20:33:42.672,2025-12-07 20:33:42.672,t,f,999,FRAME
cmiw6k1rl04vbitnt7stl8s64,"",Art-Craft,,Artcraft Rimway,Yellow/Cable,,52,22,165,,,,89,287,0,,,t,2025-12-07 20:33:42.897,2025-12-07 20:33:42.897,t,f,999,FRAME
cmiw6k1y304vcitntpfehys9y,"",FYSH UK Collection,,FYSH 3702,TURQUOISE NAVY,M204,51,18,135,676190657029,,,94.99,305,0,,,t,2025-12-07 20:33:43.131,2025-12-07 20:33:43.131,t,f,999,FRAME
cmiw6k24m04vditnt5eeguvmk,"",Scott Harris Vintage,,Scott Harris VIN-51,Bronze,3,46,22,145,738921540458,,,77.95,254,0,,,t,2025-12-07 20:33:43.367,2025-12-07 20:33:43.367,t,f,999,FRAME
cmiw6k2av04veitntub6c7v3d,"",Nautica,,N7324,MATTE GUNMETAL,030,55,18,145,688940467697,,,72,236,0,,,t,2025-12-07 20:33:43.592,2025-12-07 20:33:43.592,t,f,999,FRAME
cmiw6k2h704vfitntnsyu09bn,"",Tura,,R594,Eggplant / Rose Gold,EGG,53,18,135,764724852665,,,76.95,230.85,1,,,t,2025-12-07 20:33:43.819,2025-12-07 20:33:43.819,t,f,999,FRAME
cmiw6k2tx04vhitnt4ni6vkm2,"",Costa Del Mar,,06A5005,black,,57,15,140,,,,99.82,252,1,,,t,2025-12-07 20:33:44.277,2025-12-07 20:33:44.277,t,f,999,FRAME
cmiw6k36p04vjitntemoqwvz0,"",Scott Harris,,Scott Harris 792,Plum / Teal,2,51,15,140,738921555636,,,70.95,233,0,,,t,2025-12-07 20:33:44.738,2025-12-07 20:33:44.738,t,f,999,FRAME
cmiw6k3cv04vkitnt8unx3c9t,"",Cote d Azur,,CDA-376,Caramel / Pink,1,57,18,145,738921574576,,,72.95,239,0,,,t,2025-12-07 20:33:44.96,2025-12-07 20:33:44.96,t,f,999,FRAME
cmiw6k3j404vlitnt7hn3gswj,"",6A,,6A8006V OCR200,98 MATTE GRAY,800604,56,20,140,8056597732185,,,79.85,240,1,,,t,2025-12-07 20:33:45.185,2025-12-07 20:33:45.185,t,f,999,FRAME
cmiw6k3vm04vnitnth40k8z43,"",BCBG Max Azria,,Agatha,GREY TORTOISE FADE,,53,15,140,886453591339,,,67.99,204,0,,,t,2025-12-07 20:33:45.634,2025-12-07 20:33:45.634,t,f,999,FRAME
cmiw6k42504voitnti0cxxbwc,"",Ray Ban,,RB2197 Elliot,Yellow & Blue Havana,1356,52,19,145,,,,97.37,312,0,,,t,2025-12-07 20:33:45.869,2025-12-07 20:33:45.869,t,f,999,FRAME
cmiw6k48h04vpitnt9oyrmt7g,"",Helium-Paris,,4310,Marble,,52,16,135,891160585991,,,74.95,225,0,,,t,2025-12-07 20:33:46.097,2025-12-07 20:33:46.097,t,f,999,FRAME
cmiw6k4f904vqitntkotdbzgi,"",Tura,,R226,grey/pink marble,GRY,56,16,140,764724829223,,,91.95,278,0,,,t,2025-12-07 20:33:46.341,2025-12-07 20:33:46.341,t,f,999,FRAME
cmiw6k4ln04vritnt49y31r6x,"",Izod,,2072,GUNMETAL,,57,18,150,886453512228,,,67.99,224,0,,,t,2025-12-07 20:33:46.572,2025-12-07 20:33:46.572,t,f,999,FRAME
cmiw6k4s604vsitnt747ij5bp,"",Costa Sunglasses,,CABALLITO,Matte Caribbean Fade,510,59,15,134,,,,98.66,295,0,,,t,2025-12-07 20:33:46.806,2025-12-07 20:33:46.806,t,f,999,FRAME
cmiw6k4yg04vtitnttiautll5,"",Cosmopolitan,,Tanner,Seafoam,,52,17,140,891160119165,,,69,207,0,,,t,2025-12-07 20:33:47.032,2025-12-07 20:33:47.032,t,f,999,FRAME
cmiw6k54s04vuitntdnu1nyuc,"",Fossil,,FOS 7076,Green,01ED,53,17,140,716736221229,,,72.5,100,0,,,t,2025-12-07 20:33:47.26,2025-12-07 20:33:47.26,t,f,999,FRAME
cmiw6k5az04vvitnt9s4t25zb,"",Scott Harris,,Scott Harris 852,Black Crystal,3,53,16,142,738921567332,,,78.95,257,0,,,t,2025-12-07 20:33:47.483,2025-12-07 20:33:47.483,t,f,999,FRAME
cmiw6k5h804vwitnt3y5s6u31,"",Danny Gokey,,134,Vintage Crystal/Tort,,51,19,145,891160112111,,,69,227,0,,,t,2025-12-07 20:33:47.708,2025-12-07 20:33:47.708,t,f,999,FRAME
cmiw6k5ni04vxitntaxvk36xs,"",Line Art,,XL 2069,White1,WP1,51,17,135,883475886290,,,144.99,459,0,,,t,2025-12-07 20:33:47.935,2025-12-07 20:33:47.935,t,f,999,FRAME
cmiw6k5tx04vyitnt0phjpgap,"",Scott Harris,,Scott Harris 502,Violet Demi,1,54,14,135,738921519102,,,72.95,239,0,,,t,2025-12-07 20:33:48.165,2025-12-07 20:33:48.165,t,f,999,FRAME
cmiw6k60504vzitnt3ksmx4pu,"",6A,,6A8008V OCR220,233 MATTE BLACK FADE TO,800801,53,19,140,8056597732291,,,79.85,129,1,,,t,2025-12-07 20:33:48.389,2025-12-07 20:33:48.389,t,f,999,FRAME
cmiw6k6dg04w1itnt6pf7akad,"",6A,,6A4007V FERNANDINA RX,ROSE GOLD,400703,57,15,132,8056597788465,,,83.84,272,0,,,t,2025-12-07 20:33:48.868,2025-12-07 20:33:48.868,t,f,999,FRAME
cmiw6k6jy04w2itntys3f8gsg,"",Oakley,,OO4147 Contrail  FD,Satin Chrome,703,57,14,144,,,,99.87,300,0,,,t,2025-12-07 20:33:49.102,2025-12-07 20:33:49.102,t,f,999,FRAME
cmiw6k6qe04w3itnts3rviqxz,"",Izod,,2095,GUNMETAL,,55,17,145,886453592176,,,67.99,224,0,,,t,2025-12-07 20:33:49.334,2025-12-07 20:33:49.334,t,f,999,FRAME
cmiw6k6wm04w4itntetu90lrg,"",Helium-Paris,,4452,Aqua/Light Gold,,54,18,145,891160110926,,,79,257,0,,,t,2025-12-07 20:33:49.559,2025-12-07 20:33:49.559,t,f,999,FRAME
cmiw6k73304w5itnta17o18z0,"",Flexon,,FLEXON EINSTEIN 600,(001) BLACK,001,54,18,145,883900200493,,,89,267,0,,,t,2025-12-07 20:33:49.791,2025-12-07 20:33:49.791,t,f,999,FRAME
cmiw6k79h04w6itntwgwc7564,"",6A,,6A8013 PCR 410,TORTOISE,801302,54,17,140,8056597811217,,,78.86,237,0,,,t,2025-12-07 20:33:50.021,2025-12-07 20:33:50.021,t,f,999,FRAME
cmiw6k7fz04w7itnty0dee3w7,"",6A,,6A8023 OCR 800,MATTE BLACK,802301,55,17,145,8056597828642,,,52.4,170,0,,,t,2025-12-07 20:33:50.256,2025-12-07 20:33:50.256,t,f,999,FRAME
cmiw6k7mg04w8itnt3yhv01ud,"",Scott Harris UTX,,SHX-015,Rosewood Demi,3,53,14,145,738921561217,,,74.95,245,0,,,t,2025-12-07 20:33:50.489,2025-12-07 20:33:50.489,t,f,999,FRAME
cmiw6k7st04w9itntz1vqetq8,"",6A,,6A8011 OCR 420,MATTE BLACK,801101,56,17,140,8056597592697,,,83.4,250,0,,,t,2025-12-07 20:33:50.718,2025-12-07 20:33:50.718,t,f,999,FRAME
cmiw6k7z904waitntcsn8n2z5,"",Costa Del Mar,,06S9080 Reefton Pro FD,Matte Black,908001,63,15,120,,,,146.12,458,1,,,t,2025-12-07 20:33:50.95,2025-12-07 20:33:50.95,t,f,999,FRAME
cmiw6k8cb04wcitntb1ekhd1w,"",Line Art,,XL 2169,Light Brown,LB,52,16,137,888989307408,,,105,315,1,,,t,2025-12-07 20:33:51.42,2025-12-07 20:33:51.42,t,f,999,FRAME
cmiw6k8p304weitntnsgku2vf,"",ELLE,,EL 13530,Blue,BL,52,17,135,888989291202,,,69.99,230,0,,,t,2025-12-07 20:33:51.879,2025-12-07 20:33:51.879,t,f,999,FRAME
cmiw6k8wq04wfitnt0kfl2eyr,"",Longchamp,,LO2683,(427) TEXTURED PETROL GRADIENT,427,52,17,140,886895567503,,,88,264,0,,,t,2025-12-07 20:33:52.11,2025-12-07 20:33:52.11,t,f,999,FRAME
cmiw6k93704wgitnt9vu11g50,"",Guess?,,GU3011,Dark Brown/Other,050,47,17,135,664689840069,,,57,180,0,,,t,2025-12-07 20:33:52.387,2025-12-07 20:33:52.387,t,f,999,FRAME
cmiw6k99x04whitntvk04dj3a,"",Nautica,,N6250S,Crystal Grey,015,56,18,145,,,,77.5,253,0,,,t,2025-12-07 20:33:52.63,2025-12-07 20:33:52.63,t,f,999,FRAME
cmiw6k9gd04wiitntz302he4r,"",Michael Kors,,MK4118U HAWAII,CLEAR,3015,54,16,140,725125517546,,,53.35,180,1,,,t,2025-12-07 20:33:52.862,2025-12-07 20:33:52.862,t,f,999,FRAME
cmiw6k9sz04wkitnt7ccx6vks,"",COACH,,HC6223U,TRANSPARENT GREY,5785,51,19,145,725125401036,,,76.37,229,1,,,t,2025-12-07 20:33:53.316,2025-12-07 20:33:53.316,t,f,999,FRAME
cmiw6ka5z04wmitntfmaejl6f,"",Coach,,HC8379U,Black,,54,19,140,,,,79.94,240,1,,,t,2025-12-07 20:33:53.783,2025-12-07 20:33:53.783,t,f,999,FRAME
cmiw6kail04woitntzt73lj5p,"",COACH,,HC6238U,TRANSPARENT PECAN,5819,54,19,145,725125501361,,,76.37,229,1,,,t,2025-12-07 20:33:54.237,2025-12-07 20:33:54.237,t,f,999,FRAME
cmiw6kav804wqitntoozgga5v,"",Coach,,HC8379U (CL920),Sapphire Pearl Signature C,57654L,54,19,140,,,,79.94,260,1,,,t,2025-12-07 20:33:54.692,2025-12-07 20:33:54.692,t,f,999,FRAME
cmiw6kb8404wsitntm0m0yw2h,"",COACH,,HC6207U,TRANSPARENT BROWN,5561,54,16,140,725125392341,,,81.2,224,1,,,t,2025-12-07 20:33:55.156,2025-12-07 20:33:55.156,t,f,999,FRAME
cmiw6kbl804wuitnt8b9gy2wb,"",Coach,,HC8404U (CR615),Saddle/Dusty Rose Gradient,581274,56,18,140,,,,79.94,240,1,,,t,2025-12-07 20:33:55.628,2025-12-07 20:33:55.628,t,f,999,FRAME
cmiw6kbyf04wwitntpey0gt51,"",Costa,,OCR210,Pink,,53,18,135,,,,75,210,0,,,t,2025-12-07 20:33:56.103,2025-12-07 20:33:56.103,t,f,999,FRAME
cmiw6kc5404wxitnt1nrksqg5,"",Coach,,HC8168,Dark Tortoise,,56,16,135,,,,79.94,240,1,,,t,2025-12-07 20:33:56.345,2025-12-07 20:33:56.345,t,f,999,FRAME
cmiw6kci004wzitntj3k0afaw,"",COACH,,HC6120,BLACK,5510,54,16,140,725125995788,,,81.2,244,1,,,t,2025-12-07 20:33:56.808,2025-12-07 20:33:56.808,t,f,999,FRAME
cmiw6kcv004x1itnt8r63uj23,"",Coach,,HC 6228U,Blue Tortoise,,56,17,145,,,,76.37,229,2,,,t,2025-12-07 20:33:57.276,2025-12-07 20:33:57.276,t,f,999,FRAME
cmiw6kd7g04x3itnt8t69qs1e,"",Danny Gokey,,122,MNavy/SGun,,55,17,140,891160101429,,,66,209,0,,,t,2025-12-07 20:33:57.725,2025-12-07 20:33:57.725,t,f,999,FRAME
cmiw6kddv04x4itntqjj1rbny,"",Helium-Paris,,4375,Matt Navy,,51,18,140,891160061204,,,0,0,0,,,t,2025-12-07 20:33:57.955,2025-12-07 20:33:57.955,t,f,999,FRAME
cmiw6kdkf04x5itntltaq1pue,"",Michael Kors,,MK3065J EMPIRE SQUARE 3,LIGHT GOLD / BLACK,1014,54,17,140,725125395557,,,82.08,246,1,,,t,2025-12-07 20:33:58.191,2025-12-07 20:33:58.191,t,f,999,FRAME
cmiw6kdy804x7itntyhls9h8t,"",COACH,,HC6089,DENIM TAUPE GLITTER GRAD,5474,51,16,135,725125983167,,,76.37,150,0,,,t,2025-12-07 20:33:58.689,2025-12-07 20:33:58.689,t,f,999,FRAME
cmiw6ke4m04x8itnttc07nutc,"",COACH,,HC6125,SPOTTY TORT SIG C OUTSID,5519,53,18,140,725125002387,,,81.2,244,1,,,t,2025-12-07 20:33:58.918,2025-12-07 20:33:58.918,t,f,999,FRAME
cmiw6keh604xaitntfiemy0vh,"",COACH,,HC5138,SHINY ROSE GOLD,9331,55,17,140,725125376686,,,81.2,244,1,,,t,2025-12-07 20:33:59.37,2025-12-07 20:33:59.37,t,f,999,FRAME
cmiw6keub04xcitnt6qgjqiwp,"",COACH,,HC6176,DARK TORTOISE,5120,53,17,140,725125371414,,,73.48,220,1,,,t,2025-12-07 20:33:59.843,2025-12-07 20:33:59.843,t,f,999,FRAME
cmiw6kf7l04xeitntc1fy32g6,"",COACH,,HC6233U,DARK TORTOISE,5120,52,17,140,725125483001,,,81.2,244,1,,,t,2025-12-07 20:34:00.321,2025-12-07 20:34:00.321,t,f,999,FRAME
cmiw6kfk704xgitntoe1au26o,"",COACH,,HC6236U,BLACK,5002,55,18,145,725125483032,,,76.37,229,1,,,t,2025-12-07 20:34:00.776,2025-12-07 20:34:00.776,t,f,999,FRAME
cmiw6kfx104xiitntnx6ema8f,"",COACH,,HC6235U,TRANSPARENT SADDLE,5822,53,17,145,725125486576,,,76.37,229,0,,,t,2025-12-07 20:34:01.238,2025-12-07 20:34:01.238,t,f,999,FRAME
cmiw6kg3c04xjitntgnq2tmjz,"",COACH,,HC6219U,SEAGLASS TORTOISE,5778,49,17,140,725125400442,,,81.2,244,2,,,t,2025-12-07 20:34:01.464,2025-12-07 20:34:01.464,t,f,999,FRAME
cmiw6kggf04xlitntkj2je718,"",COACH,,HC6078F,TEAL CONFETTI/TEAL,5337,54,16,135,725125950824,,,69.52,207,1,,,t,2025-12-07 20:34:01.935,2025-12-07 20:34:01.935,t,f,999,FRAME
cmiw6kgte04xnitntjylvwk5f,"",Polo,,PH1229,SEMISHINY BLACK/GUNMETAL,9223,54,17,145,8056262043912,,,93.06,280,1,,,t,2025-12-07 20:34:02.402,2025-12-07 20:34:02.402,t,f,999,FRAME
cmiw6kh6b04xpitnttl12soo7,"",Ray-Ban Rx,,RX3735V BAIN BRIDGE,ARISTA,2500,57,17,140,8056262037089,,,78.12,235,1,,,t,2025-12-07 20:34:02.868,2025-12-07 20:34:02.868,t,f,999,FRAME
cmiw6khiu04xritntgl2ymnpi,"",Ray Ban,,RB4435,Transparent brown,,59,18,145,,,,83.81,397,1,,,t,2025-12-07 20:34:03.318,2025-12-07 20:34:03.318,t,f,999,FRAME
cmiw6khvk04xtitnttuty1qzr,"",Ray Ban,,ORX5154 Club,stripped Brown,,53,21,150,,,,70,389,1,,,t,2025-12-07 20:34:03.777,2025-12-07 20:34:03.777,t,f,999,FRAME
cmiw6ki8u04xvitnttgsm2u8m,"",Costa,,06S9078 Blackfin Pro FD,black,,60,16,121,,,,98,294,1,,,t,2025-12-07 20:34:04.254,2025-12-07 20:34:04.254,t,f,999,FRAME
cmiw6kilh04xxitnthbxt2dz3,"",Costa,,OCR 420,Black,,56,17,140,,,,74,348,1,,,t,2025-12-07 20:34:04.71,2025-12-07 20:34:04.71,t,f,999,FRAME
cmiw6kiy404xzitnt2qk204pj,"",Polo,,PH1230TD,SHINY BRUSHED SILVER,9030,51,21,145,8056262044094,,,90.97,273,1,,,t,2025-12-07 20:34:05.164,2025-12-07 20:34:05.164,t,f,999,FRAME
cmiw6kjae04y1itnty7q0perk,"",Lenton & Rusby,,LR4010,GUNMETAL,033,54,17,140,788678072191,,,40,140,0,,,t,2025-12-07 20:34:05.607,2025-12-07 20:34:05.607,t,f,999,FRAME
cmiw6kjgq04y2itnt0sdsu7tq,"",SuperFlex,,SF-616,BLACK ROSE GOLD,S100,50,16,130,676190642858,,,42.99,150,0,,,t,2025-12-07 20:34:05.835,2025-12-07 20:34:05.835,t,f,999,FRAME
cmiw6kjn304y3itntl329tbgl,"",Polo,,PH2277,SHINY BROWN TORTOISE,6137,52,20,145,8056262018705,,,114.88,345,0,,,t,2025-12-07 20:34:06.063,2025-12-07 20:34:06.063,t,f,999,FRAME
cmiw6kjth04y4itntd3b4npud,"",Michael Kors,,MK2024,Black,,57,16,135,,,,67,201,1,,,t,2025-12-07 20:34:06.293,2025-12-07 20:34:06.293,t,f,999,FRAME
cmiw6kk6304y6itntpq2x8c2g,"",Oakley Frame,,OX3102,POLISHED BLACK,310201,52,17,143,700285388038,,,84,210,1,,,t,2025-12-07 20:34:06.748,2025-12-07 20:34:06.748,t,f,999,FRAME
cmiw6kkjr04y8itntvyxfmzbx,"",Oakley Frame,,OX3184,POWDER COAL,318401,54,17,135,888392145727,,,108,270,1,,,t,2025-12-07 20:34:07.194,2025-12-07 20:34:07.194,t,f,999,FRAME
cmiw6kkwj04yaitntzbhsun33,"",Carrera,,CA8811,Semimatte Blue,05R1,55,17,140,762753142061,,,86.5,100,0,,,t,2025-12-07 20:34:07.7,2025-12-07 20:34:07.7,t,f,999,FRAME
cmiw6kl3504ybitnt8g8wbrlq,"",Costa Del Mar,,06S9116 Taxman FD,Matte Black,911606,59,16,127,,,,106.12,318,1,,,t,2025-12-07 20:34:07.937,2025-12-07 20:34:07.937,t,f,999,FRAME
cmiw6klfx04yditntjplhbhxe,"",Line Art,,XL 2178,Rose Gold,RG,50,17,137,888989438492,,,169.99,510,0,,,t,2025-12-07 20:34:08.398,2025-12-07 20:34:08.398,t,f,999,FRAME
cmiw6klms04yeitnt5ldf6rhd,"",Scott Harris,,Scott Harris 844,Cocoa Demi,1,53,17,140,738921566861,,,77.95,234,0,,,t,2025-12-07 20:34:08.644,2025-12-07 20:34:08.644,t,f,999,FRAME
cmiw6klt604yfitntt55qaga9,"",Longchamp,,LO2713,AQUA HAVANA,404,54,17,140,886895590617,,,87.5,283,0,,,t,2025-12-07 20:34:08.874,2025-12-07 20:34:08.874,t,f,999,FRAME
cmiw6klzg04ygitnteg1up8g9,"",Scott Harris,,Scott Harris 904,Blue Fade,2,56,16,140,738921574712,,,82.95,249,0,,,t,2025-12-07 20:34:09.1,2025-12-07 20:34:09.1,t,f,999,FRAME
cmiw6km5q04yhitnto776zppx,"",6A,,6A8015 OCR 410,FOG GRAY,801503,52,17,140,8056597584722,,,78.86,237,0,,,t,2025-12-07 20:34:09.327,2025-12-07 20:34:09.327,t,f,999,FRAME
cmiw6kmbz04yiitnt4od6qjbq,"",Anne Klein,,AK5077,MERLOT,603,52,17,135,788678076069,,,78,100,0,,,t,2025-12-07 20:34:09.552,2025-12-07 20:34:09.552,t,f,999,FRAME
cmiw6kmij04yjitnt82sqwoxo,"",Michael Kors,,MK2218U Murren,Black,300587,58,18,145,,,,69.46,228,0,,,t,2025-12-07 20:34:09.787,2025-12-07 20:34:09.787,t,f,999,FRAME
cmiw6kmox04ykitntg9ufw2c4,"",Match Eyewear,,MF 146,DARK GUNMETAL,DGUN,56,18,145,891160497812,,,56.95,191,0,,,t,2025-12-07 20:34:10.017,2025-12-07 20:34:10.017,t,f,999,FRAME
cmiw6kmvh04ylitnt22iq325u,"",Adrienne Vittadini,,6038,Matt Silver,,60,19,155,891160111404,,,69,227,0,,,t,2025-12-07 20:34:10.253,2025-12-07 20:34:10.253,t,f,999,FRAME
cmiw6kn1u04ymitntevye8jqv,"",Longchamp,,LO2674,ROSE,601,52,16,140,886895554237,,,87.5,283,0,,,t,2025-12-07 20:34:10.483,2025-12-07 20:34:10.483,t,f,999,FRAME
cmiw6kn8h04ynitnt896rcuzs,"",Aristar,,AR 30707,Grey,505,52,18,145,888989158949,,,59.99,200,0,,,t,2025-12-07 20:34:10.722,2025-12-07 20:34:10.722,t,f,999,FRAME
cmiw6knes04yoitntk01j9a2r,"",Oakley,,9231 Heliostat,Polished Black,923106,61,16,129,,,,75.68,247,0,,,t,2025-12-07 20:34:10.948,2025-12-07 20:34:10.948,t,f,999,FRAME
cmiw6knl804ypitntupisymv4,"",COACH,,HC6235U,TRANSPARENT OXBLOOD,5824,53,17,145,725125486644,,,76.37,229,0,,,t,2025-12-07 20:34:11.18,2025-12-07 20:34:11.18,t,f,999,FRAME
cmiw6knrk04yqitntimc96o0k,"",Vision Source,,PL-136 TOR,Tortoise,,52,16,145,193033448809,,,65,195,0,,,t,2025-12-07 20:34:11.409,2025-12-07 20:34:11.409,t,f,999,FRAME
cmiw6knxw04yritntx9g4hb0w,"",Helium-Paris,,4377,Amethyst/Tort,,52,17,140,891160061334,,,76.95,251,0,,,t,2025-12-07 20:34:11.637,2025-12-07 20:34:11.637,t,f,999,FRAME
cmiw6ko4b04ysitntk7e1uesk,"",Ellen Tracy,,Havana,BLACK MULTI,,52,16,135,886453517902,,,69.99,230,0,,,t,2025-12-07 20:34:11.867,2025-12-07 20:34:11.867,t,f,999,FRAME
cmiw6koan04ytitntguuo1ftf,"",Costa Del Mar,,06S9006 Fantail,Matte Grey,90062559,59,14,127,,,,110,330,0,,,t,2025-12-07 20:34:12.095,2025-12-07 20:34:12.095,t,f,999,FRAME
cmiw6koh104yuitntc7u8krsp,"",Costa Del Mar,,OCR710,Black,,55,16,145,,,,0,200,1,,,t,2025-12-07 20:34:12.325,2025-12-07 20:34:12.325,t,f,999,FRAME
cmiw6kotp04ywitntisd6mny4,"",6A,,6A3014 BRD 300,GUNMETAL,301403,55,17,145,8056597584487,,,83.84,240,1,,,t,2025-12-07 20:34:12.781,2025-12-07 20:34:12.781,t,f,999,FRAME
cmiw6kp6c04yyitntluh4cdqb,"",Isaac Mizrahi New York,,IM 30054,Blue,BL,53,18,138,888989220523,,,79.99,260,0,,,t,2025-12-07 20:34:13.236,2025-12-07 20:34:13.236,t,f,999,FRAME
cmiw6kpcq04yzitnt1htss7xh,"",Harley-Davidson,,HD0975,grey/other,020,54,17,145,889214426093,,,70,210,0,,,t,2025-12-07 20:34:13.466,2025-12-07 20:34:13.466,t,f,999,FRAME
cmiw6kpjc04z0itnth47xtkyx,"",Lenton & Rusby,,LR5007,GREY,035,54,14,135,788678571373,,,40,160,0,,,t,2025-12-07 20:34:13.704,2025-12-07 20:34:13.704,t,f,999,FRAME
cmiw6kppr04z1itntemt6tkxq,"",Versace,,VE1284,GOLD,1002,53,16,145,8056597727792,,,120.78,362,0,,,t,2025-12-07 20:34:13.935,2025-12-07 20:34:13.935,t,f,999,FRAME
cmiw6kpwf04z2itnt3vvnwqab,"",COACH,,HC5169,SHINY LIGHT GOLD / BLACK,9436,54,18,140,725125495240,,,88.94,267,0,,,t,2025-12-07 20:34:14.175,2025-12-07 20:34:14.175,t,f,999,FRAME
cmiw6kq3304z3itnt7smu7thp,"",COACH,,HC6129,BLACK/TORTOISE,5446,54,16,140,725125005227,,,76.37,229,1,,,t,2025-12-07 20:34:14.416,2025-12-07 20:34:14.416,t,f,999,FRAME
cmiw6kqgb04z5itntb94xtgr6,"",Oakley Frame,,OX8130 TRILLBE X,Polished Clear,813003,52,18,141,888392260918,,,64.23,213,0,,,t,2025-12-07 20:34:14.892,2025-12-07 20:34:14.892,t,f,999,FRAME
cmiw6kqmu04z6itntebgb6ai0,"",Fossil,,FOS 7090/G,Cry Grnrt,00OX,53,17,140,716736295824,,,70.5,231,0,,,t,2025-12-07 20:34:15.126,2025-12-07 20:34:15.126,t,f,999,FRAME
cmiw6kqta04z7itntx31hspq6,"",Match Eyewear,,193,Black/Gun,,54,18,140,891160106080,,,62.95,209,0,,,t,2025-12-07 20:34:15.358,2025-12-07 20:34:15.358,t,f,999,FRAME
cmiw6kqzq04z8itnt19uk8ndd,"",Match Eyewear,,MF 146,BROWN,BRN,56,18,145,891160497836,,,56.95,191,0,,,t,2025-12-07 20:34:15.59,2025-12-07 20:34:15.59,t,f,999,FRAME
cmiw6kr6704z9itnt1650sy3p,"",Helium-Paris,,4301,DGUN,,56,18,145,891160570843,,,74.95,245,0,,,t,2025-12-07 20:34:15.823,2025-12-07 20:34:15.823,t,f,999,FRAME
cmiw6krcr04zaitntpi19pu8t,"",Vision Source,,PL-157,Crystal,,58,19,150,193033692752,,,65,195,1,,,t,2025-12-07 20:34:16.059,2025-12-07 20:34:16.059,t,f,999,FRAME
cmiw6krpy04zcitntf6sktoww,"",Ralph,,RA7144U,SHINY TRANSPARENT GREY,5799,54,15,145,8056597699679,,,55.53,187,0,,,t,2025-12-07 20:34:16.534,2025-12-07 20:34:16.534,t,f,999,FRAME
cmiw6krwt04zditntsp3zwnv6,"",Helium-Paris,,4466,Lgun/Gry,,55,18,145,891160117642,,,79,237,0,,,t,2025-12-07 20:34:16.782,2025-12-07 20:34:16.782,t,f,999,FRAME
cmiw6ks3e04zeitntfozdf2os,"",Superflex,,SF-1143T,Teal/Gold,,53,17,140,,,,67.95,147.75,0,,,t,2025-12-07 20:34:17.018,2025-12-07 20:34:17.018,t,f,999,FRAME
cmiw6ks9y04zfitnttmnrksml,"",Adrienne Vittadini,,6021,Crystal,,51,19,150,891160072033,,,69,227,0,,,t,2025-12-07 20:34:17.254,2025-12-07 20:34:17.254,t,f,999,FRAME
cmiw6ksgo04zgitntxkwl0dzf,"",Vision Source,,PL-108 TOR,Tortoise,,51,21,140,193033121252,,,65,195,0,,,t,2025-12-07 20:34:17.497,2025-12-07 20:34:17.497,t,f,999,FRAME
cmiw6ksn304zhitnt80qt4nly,"",Ray Ban,,RB4416 New Clubmaster,Black on Arista,601/31,53,20,145,,,,97.37,292,0,,,t,2025-12-07 20:34:17.727,2025-12-07 20:34:17.727,t,f,999,FRAME
cmiw6kstv04ziitnt12hzivea,"",Ray Ban,,RB3663,Shiny Gunmetal,,60,17,140,,,,91.31,294,0,,,t,2025-12-07 20:34:17.971,2025-12-07 20:34:17.971,t,f,999,FRAME
cmiw6kt2204zjitntf5ctrew3,"",Helium-Paris,,4432,MBlk/SBlk,,55,16,140,891160103799,,,79,257,0,,,t,2025-12-07 20:34:18.267,2025-12-07 20:34:18.267,t,f,999,FRAME
cmiw6ktb204zkitntbjp037f5,"",COACH,,HC5147,SHINY ROSE GOLD,9331,53,17,140,725125386395,,,81.2,244,1,,,t,2025-12-07 20:34:18.591,2025-12-07 20:34:18.591,t,f,999,FRAME
cmiw6kttg04zmitnt08eimmf8,"",Helium-Paris,,4414,Smoke/ Tort,,53,15,140,891160084418,,,79,257,0,,,t,2025-12-07 20:34:19.252,2025-12-07 20:34:19.252,t,f,999,FRAME
cmiw6ku1004znitntpuw44s0g,"",Scott Harris,,Scott Harris 896,Gray / Cocoa,1,57,16,145,738921573784,,,74.95,249,0,,,t,2025-12-07 20:34:19.524,2025-12-07 20:34:19.524,t,f,999,FRAME
cmiw6ku9n04zoitntdrdswvjk,"",6A,,6A8017 OCR 710,BLACK,801701,54,16,140,8056597725323,,,73.36,220,1,,,t,2025-12-07 20:34:19.835,2025-12-07 20:34:19.835,t,f,999,FRAME
cmiw6kuqv04zqitntocdw9paq,"",Ray Ban,,RB2027 Predator 2,Matte Black,W1847,62,19,130,,,,83.81,271,0,,,t,2025-12-07 20:34:20.455,2025-12-07 20:34:20.455,t,f,999,FRAME
cmiw6kuzq04zritntk7ro671p,"",Costa Del Mar,,06S4010 South Point,Palladium,401007,59,14,123,,,,127.58,403,0,,,t,2025-12-07 20:34:20.775,2025-12-07 20:34:20.775,t,f,999,FRAME
cmiw6kv9m04zsitntfj31eyvn,"",COACH,,HC6153,LAVENDER TORTOISE,5612,51,17,140,725125155915,,,81.2,223,0,,,t,2025-12-07 20:34:21.13,2025-12-07 20:34:21.13,t,f,999,FRAME
cmiw6kvhs04ztitntbv2hc01q,"",Ralph Lauren Eyewear,,RA4004,Shiny Gold/Shin,,59,13,130,,,,50.18,151,0,,,t,2025-12-07 20:34:21.424,2025-12-07 20:34:21.424,t,f,999,FRAME
cmiw6kvo804zuitntc2blm5ei,"",Adrienne Vittadini,,6024,Tortoise,,51,20,150,891160072149,,,69,207,0,,,t,2025-12-07 20:34:21.656,2025-12-07 20:34:21.656,t,f,999,FRAME
cmiw6kvuj04zvitntpqkxfbl5,"",Guess?,,GU2979,grey/other,020,52,16,140,889214463333,,,76,228,1,,,t,2025-12-07 20:34:21.883,2025-12-07 20:34:21.883,t,f,999,FRAME
cmiw6kw8k04zxitnt6b8l4xpq,"",Guess?,,GM0397,turquoise/other,089,54,14,145,889214456298,,,87,261,0,,,t,2025-12-07 20:34:22.341,2025-12-07 20:34:22.341,t,f,999,FRAME
cmiw6kwew04zyitntfz9svz5a,"",Guess?,,GM0351,dark havana,052,53,21,140,889214115584,,,90,270,0,,,t,2025-12-07 20:34:22.616,2025-12-07 20:34:22.616,t,f,999,FRAME
cmiw6kwlm04zzitntynen2hre,"",Guess?,,GM0387,pink /other,074,54,16,145,889214394927,,,90,270,0,,,t,2025-12-07 20:34:22.858,2025-12-07 20:34:22.858,t,f,999,FRAME
cmiw6kws40500itntdru41lfm,"",Guess?,,GM0387,dark brown/other,050,54,16,145,889214394910,,,90,270,0,,,t,2025-12-07 20:34:23.092,2025-12-07 20:34:23.092,t,f,999,FRAME
cmiw6kwzv0501itnt761jopt3,"",Carrera,,CARRERA 2018T,Grey,0KB7,51,16,135,716736259161,,,59.5,179,0,,,t,2025-12-07 20:34:23.371,2025-12-07 20:34:23.371,t,f,999,FRAME
cmiw6kx820502itntfm8b1k7l,"",Guess?,,GU2948-N,violet/other,083,53,14,140,889214457271,,,65,228,1,,,t,2025-12-07 20:34:23.667,2025-12-07 20:34:23.667,t,f,999,FRAME
cmiw6kxqb0504itntp6qrobgq,"",Guess?,,GU50162,dark havana,052,51,16,140,889214526557,,,65,195,1,,,t,2025-12-07 20:34:24.323,2025-12-07 20:34:24.323,t,f,999,FRAME
cmiw6ky7s0506itnt9ud5s24i,"",Guess?,,GM0281,Dark Havana,052,54,16,135,664689773183,,,111,333,0,,,t,2025-12-07 20:34:24.952,2025-12-07 20:34:24.952,t,f,999,FRAME
cmiw6kyfl0507itnt5dyed7r0,"",Jessica Mc Clintock,,4327,BLUE FADE,,53,14,140,886453588131,,,67.99,234,0,,,t,2025-12-07 20:34:25.233,2025-12-07 20:34:25.233,t,f,999,FRAME
cmiw6kynt0508itntj4zss95x,"",Ralph,,RA7162U,SHINY PINK HAVANA,6058,53,17,145,8056262009086,,,55.53,187,0,,,t,2025-12-07 20:34:25.53,2025-12-07 20:34:25.53,t,f,999,FRAME
cmiw6kyyb0509itntl2pe2cex,"",Superflex,,SF-534,BROWN,M102,54,18,140,676190364101,,,42.99,129,0,,,t,2025-12-07 20:34:25.908,2025-12-07 20:34:25.908,t,f,999,FRAME
cmiw6kz8h050aitntsap6fjm7,"",SuperFlex,,SF-591,GREY FADE,S403,56,17,145,676190591682,,,42.99,129,0,,,t,2025-12-07 20:34:26.274,2025-12-07 20:34:26.274,t,f,999,FRAME
cmiw6kzey050bitntevrr0442,"",Ralph,,RA7156U,SHINY TRANSPARENT BLUE,6130,54,17,140,8056597903950,,,61.7,195,0,,,t,2025-12-07 20:34:26.507,2025-12-07 20:34:26.507,t,f,999,FRAME
cmiw6kzll050citnthyfld9h9,"",Flexon,,FLEXON E1129,MATTE NAVY,410,59,19,150,886895579667,,,109,327,0,,,t,2025-12-07 20:34:26.746,2025-12-07 20:34:26.746,t,f,999,FRAME
cmiw6kzs4050ditntz8dqatcd,"",Steve Madden,,Promoter,BLACK,,52,18,145,886453614618,,,69.99,210,0,,,t,2025-12-07 20:34:26.98,2025-12-07 20:34:26.98,t,f,999,FRAME
cmiw6kzyc050eitntn8t1rsig,"",Candies,,CA0207,shiny blue,090,53,14,145,889214365569,,,67,201,0,,,t,2025-12-07 20:34:27.205,2025-12-07 20:34:27.205,t,f,999,FRAME
cmiw6l04o050fitnt4ujeib0g,"",CK Jeans,,CKJ19512,BLACK/CHARCOAL,074,55,18,145,883901114775,,,69,207,1,,,t,2025-12-07 20:34:27.433,2025-12-07 20:34:27.433,t,f,999,FRAME
cmiw6l0hl050hitnts99vvmpf,"",Lenton & Rusby,,LR4000,TAUPE CRYSTAL,272,49,21,140,788678071989,,,40,120,1,,,t,2025-12-07 20:34:27.897,2025-12-07 20:34:27.897,t,f,999,FRAME
cmiw6l0wi050jitntrgmf5jnm,"",Match Eyewear,,191,Grey/Gun,,52,21,140,891160106035,,,62.95,189,0,,,t,2025-12-07 20:34:28.435,2025-12-07 20:34:28.435,t,f,999,FRAME
cmiw6l190050kitnt8aedu9ti,"",Adrienne Vittadini,,6025,Grey Stripe,,52,20,150,891160072132,,,69,150,1,,,t,2025-12-07 20:34:28.884,2025-12-07 20:34:28.884,t,f,999,FRAME
cmiw6l1rj050mitntpo0eur0l,"",Crush,,CT51,green horn,40,50,16,135,764724299866,,,49.95,150,0,,,t,2025-12-07 20:34:29.551,2025-12-07 20:34:29.551,t,f,999,FRAME
cmiw6l27m050nitntrxsp8hdx,"",Adrienne Vittadini,,6023,Black,,53,19,150,891160072279,,,69,80,0,,,t,2025-12-07 20:34:30.13,2025-12-07 20:34:30.13,t,f,999,FRAME
cmiw6l2fz050oitntumb5hc3s,"",Vision Source,,PL-161,Grey,,59,18,155,193033692776,,,65,125,0,,,t,2025-12-07 20:34:30.431,2025-12-07 20:34:30.431,t,f,999,FRAME
cmiw6l2o9050pitntt5eb9z67,"",Victoria's Secret,,VS5025,matte dark brown,049,53,17,135,889214151858,,,70,210,0,,,t,2025-12-07 20:34:30.73,2025-12-07 20:34:30.73,t,f,999,FRAME
cmiw6l2xi050qitntbs1bg853,"",Ellen Tracy,,Sardinia,BERRY PRINT,,49,16,135,886453629933,,,69.99,210,0,,,t,2025-12-07 20:34:31.063,2025-12-07 20:34:31.063,t,f,999,FRAME
cmiw6l348050ritntfdbfwgcb,"",Scott Harris,,Scott Harris 844,Tortoise / Navy,3,53,17,140,738921566885,,,77.95,234,0,,,t,2025-12-07 20:34:31.304,2025-12-07 20:34:31.304,t,f,999,FRAME
cmiw6l3ao050sitntt252g6tf,"",Ralph,,RA7146,SHINY HAVANA,5003,53,17,145,8056597698894,,,55.53,167,0,,,t,2025-12-07 20:34:31.537,2025-12-07 20:34:31.537,t,f,999,FRAME
cmiw6l3h0050titntkuzbw8i7,"",Guess?,,GU2918-D,shiny pink,072,53,18,145,889214342331,,,76,228,1,,,t,2025-12-07 20:34:31.765,2025-12-07 20:34:31.765,t,f,999,FRAME
cmiw6l3tr050vitntcvjbai7x,"",Guess?,,GU2685,Gold,032,53,17,135,664689956159,,,76,228,1,,,t,2025-12-07 20:34:32.223,2025-12-07 20:34:32.223,t,f,999,FRAME
cmiw6l46i050xitntmwbxynet,"",David Benjamin 4 Kids,,Echo,Matte Violet Fade,2,50,16,135,738921572107,,,59.95,180,1,,,t,2025-12-07 20:34:32.682,2025-12-07 20:34:32.682,t,f,999,FRAME
cmiw6l4j4050zitnt2ye6xth4,"",David Benjamin 4 Kids,,Athleisure,Blue / Maroon,2,48,15,130,738921556442,,,53.95,162,1,,,t,2025-12-07 20:34:33.136,2025-12-07 20:34:33.136,t,f,999,FRAME
cmiw6l4xt0511itntzdsnpumn,"",David Benjamin 4 Kids,,Joslyn,Plum / Mint,3,48,15,130,738921571025,,,53.95,162,1,,,t,2025-12-07 20:34:33.665,2025-12-07 20:34:33.665,t,f,999,FRAME
cmiw6l5ap0513itntdyj891gn,"",David Benjamin 4 Kids,,High Five,Cobalt / Orange,1,47,16,130,738921564119,,,53.95,162,1,,,t,2025-12-07 20:34:34.129,2025-12-07 20:34:34.129,t,f,999,FRAME
cmiw6l5nq0515itnt3y53urva,"",David Benjamin 4 Kids,,High Five,Chocolate / Flame,2,49,16,135,738921564140,,,53.95,162,1,,,t,2025-12-07 20:34:34.598,2025-12-07 20:34:34.598,t,f,999,FRAME
cmiw6l60j0517itntdx3grj2s,"",David Benjamin 4 Kids,,Stellar,Olive / Teal / Gold,1,46,16,130,738921564171,,,53.95,162,1,,,t,2025-12-07 20:34:35.06,2025-12-07 20:34:35.06,t,f,999,FRAME
cmiw6l6fv0519itntn5bk7rg8,"",David Benjamin 4 Kids,,Katie,Denim/Lilac,2,46,16,130,738921547723,,,53.95,162,1,,,t,2025-12-07 20:34:35.612,2025-12-07 20:34:35.612,t,f,999,FRAME
cmiw6l6xu051bitntw4bn2cra,"",David Benjamin 4 Kids,,Stellar,Cocoa / Navy / Gold,3,46,16,130,738921564218,,,53.95,162,1,,,t,2025-12-07 20:34:36.258,2025-12-07 20:34:36.258,t,f,999,FRAME
cmiw6l7h3051ditntmj11tq8k,"",David Benjamin 4 Kids,,Debonair,Black / Kelly,1,50,16,135,738921564065,,,53.95,162,1,,,t,2025-12-07 20:34:36.951,2025-12-07 20:34:36.951,t,f,999,FRAME
cmiw6l813051fitnt7v466bwu,"",David Benjamin 4 Kids,,Hat Trick,Crystal / Blue / Teal,3,48,17,130,738921556411,,,53.95,162,1,,,t,2025-12-07 20:34:37.605,2025-12-07 20:34:37.605,t,f,999,FRAME
cmiw6l8iy051hitntcc3cz40e,"",David Benjamin 4 Kids,,Cupcake,Bubblegum Multi,2,46,15,125,738921510383,,,53.95,162,1,,,t,2025-12-07 20:34:38.314,2025-12-07 20:34:38.314,t,f,999,FRAME
cmiw6l8x6051jitntrfnarcvy,"",David Benjamin 4 Kids,,Beatbox,Mallard / Navy / Blue,1,50,15,135,738921563945,,,53.95,162,1,,,t,2025-12-07 20:34:38.827,2025-12-07 20:34:38.827,t,f,999,FRAME
cmiw6l99u051litntlu7rhnqp,"",Costa Del Mar,,06S9123 Suenos FD,Translucent Algae,912306,57,18,144,,,,118.66,356,1,,,t,2025-12-07 20:34:39.282,2025-12-07 20:34:39.282,t,f,999,FRAME
cmiw6l9n5051nitnt08cqspgr,"",Costa Del Mar,,06S9119 Clipperton,Tortoise,911909,58,18,133,,,,77.21,232,1,,,t,2025-12-07 20:34:39.761,2025-12-07 20:34:39.761,t,f,999,FRAME
cmiw6l9zt051pitntx6v48nf8,"",Costa Del Mar,,06S9125 Clemente FD,Translucent Pink Sands,912505,58,19,140,,,,118.66,356,1,,,t,2025-12-07 20:34:40.217,2025-12-07 20:34:40.217,t,f,999,FRAME
cmiw6lada051ritntwteqn5i9,"",Ray-Ban Youth,,RY1627,TOP BLUE/VIOLET/LIGHT BL,3945,48,16,135,8056597941266,,,37.05,111,1,,,t,2025-12-07 20:34:40.702,2025-12-07 20:34:40.702,t,f,999,FRAME
cmiw6lau3051titnti49fslfy,"",Vision Source,,PL-419 PRP,Purple,,45,15,130,193033690123,,,39.99,120,1,,,t,2025-12-07 20:34:41.308,2025-12-07 20:34:41.308,t,f,999,FRAME
cmiw6lbae051vitntp127tc9p,"",Vision Source,,PL-502,Tortoise,,47,17,130,193033267073,,,39.99,120,1,,,t,2025-12-07 20:34:41.895,2025-12-07 20:34:41.895,t,f,999,FRAME
cmiw6lbsr051xitnt7v7n3im4,"",Ellen Tracy,,Guyana,BROWN TEAL MARBLE,,54,18,140,886453581927,,,75.99,199,1,,,t,2025-12-07 20:34:42.555,2025-12-07 20:34:42.555,t,f,999,FRAME
cmiw6lcce051zitnt4sc1zf0t,"",Titanium,,CH 16714E (6 Set),Grey,GR,99,19,140,888989262851,,,117.99,354,0,,,t,2025-12-07 20:34:43.262,2025-12-07 20:34:43.262,t,f,999,FRAME
cmiw6lcjk0520itntaynx4umb,"",Ray Ban,,ORX5413,Gradient Blue,5765,54,17,145,,,,78.12,234,0,,,t,2025-12-07 20:34:43.521,2025-12-07 20:34:43.521,t,f,999,FRAME
cmiw6lcq50521itnte5vcbmqf,"",Scott Harris,,SH-710,Rasberry,C2,54,15,140,,,,66.95,201,0,,,t,2025-12-07 20:34:43.757,2025-12-07 20:34:43.757,t,f,999,FRAME
cmiw6lcwo0522itntvdzpnyhs,"",Line Art,,XL 2174,Teal,TL,51,17,135,888989327598,,,169.99,510,1,,,t,2025-12-07 20:34:43.992,2025-12-07 20:34:43.992,t,f,999,FRAME
cmiw6ld9f0524itnt27u11xim,"",Line Art,,XL 2170,Wine,WI,51,17,137,888989307453,,,164.99,330,1,,,t,2025-12-07 20:34:44.452,2025-12-07 20:34:44.452,t,f,999,FRAME
cmiw6ldlv0526itnt96vu0uxa,"",Titanium,,CH 8333EN,Grey,GR,51,19,145,888989481030,,,117.99,250,1,,,t,2025-12-07 20:34:44.9,2025-12-07 20:34:44.9,t,f,999,FRAME
cmiw6ldy80528itnt3a9f2hsa,"",Titanium,,CH 16714E (6 Set),Black,BK,99,19,140,888989262837,,,117.99,354,0,,,t,2025-12-07 20:34:45.344,2025-12-07 20:34:45.344,t,f,999,FRAME
cmiw6le6m0529itntx7p6cfix,"",Titanium,,CH 29134,Green,GN,57,18,150,888989477972,,,89.99,270,1,,,t,2025-12-07 20:34:45.646,2025-12-07 20:34:45.646,t,f,999,FRAME
cmiw6lejv052bitntautquo28,"",Titanium,,CH 29121,Black,BK,53,18,145,888989297884,,,79.99,240,1,,,t,2025-12-07 20:34:46.123,2025-12-07 20:34:46.123,t,f,999,FRAME
cmiw6lewz052ditnt6qb6d32l,"",Titanium,,CH 29201,GREEN,GN,51,17,140,888989119469,,,89.99,270,1,,,t,2025-12-07 20:34:46.596,2025-12-07 20:34:46.596,t,f,999,FRAME
cmiw6lf9h052fitntljhzs6vc,"",Titanium,,CH 29134,Black,BK,57,18,150,888989477958,,,89.99,270,1,,,t,2025-12-07 20:34:47.046,2025-12-07 20:34:47.046,t,f,999,FRAME
cmiw6lfly052hitntepdy87xi,"",Titanium,,CH 29100,GRAY,GR,53,18,145,888989109385,,,89.99,270,1,,,t,2025-12-07 20:34:47.495,2025-12-07 20:34:47.495,t,f,999,FRAME
cmiw6lfyv052jitntgixwbely,"",Titanium,,CH 29239,Brown,BR,56,17,145,888989478047,,,89.99,270,1,,,t,2025-12-07 20:34:47.959,2025-12-07 20:34:47.959,t,f,999,FRAME
cmiw6lgbk052litntdrmru3gi,"",Titanium,,CH 29239,Silver,SI,56,17,145,888989478061,,,89.99,270,1,,,t,2025-12-07 20:34:48.416,2025-12-07 20:34:48.416,t,f,999,FRAME
cmiw6lgpg052nitntycapjyzw,"",Titanium,,CH 11469,BROWN,BR,55,17,145,888989101686,,,79.99,240,1,,,t,2025-12-07 20:34:48.916,2025-12-07 20:34:48.916,t,f,999,FRAME
cmiw6lh27052pitntw6v31vls,"",COACH,,HC6242U,BLACK,5002,53,15,140,725125488488,,,81.2,244,1,,,t,2025-12-07 20:34:49.376,2025-12-07 20:34:49.376,t,f,999,FRAME
cmiw6lhih052ritnt5hl2mr5l,"",6A,,6A8011 OCR 420,MATTE FOG GRAY,801102,56,17,140,8056597592710,,,83.4,250,1,,,t,2025-12-07 20:34:49.962,2025-12-07 20:34:49.962,t,f,999,FRAME
cmiw6lhy5052titntukftzy1r,"",Ray-Ban Rx,,RX5397 ELLIOT,BROWN & VIOLET HAVANA,8175,48,19,140,8056597624183,,,78.12,234,1,,,t,2025-12-07 20:34:50.526,2025-12-07 20:34:50.526,t,f,999,FRAME
cmiw6ligd052vitntdbcmomo1,"",Costa Del Mar,,06S9118 Finlet  FD,Matte Black,911808,59,19,125,,,,124,372,2,,,t,2025-12-07 20:34:51.182,2025-12-07 20:34:51.182,t,f,999,FRAME
cmiw6liwy052xitntzpkfkzxu,"",Costa Del Mar,,06S9115 Whitetip Pro  FD,Matte Tortoise,911509,57,18,146,,,,146.12,438,1,,,t,2025-12-07 20:34:51.778,2025-12-07 20:34:51.778,t,f,999,FRAME
cmiw6ljd9052zitntx4go60ug,"",Titanium,,CH 10978,TITAN,TI,56,18,140,888989078957,,,117.99,354,1,,,t,2025-12-07 20:34:52.366,2025-12-07 20:34:52.366,t,f,999,FRAME
cmiw6ljth0531itnt04bp09qw,"",Line Art,,XL 2168,Rose Gold,RG,52,17,135,888989307378,,,80,250,1,,,t,2025-12-07 20:34:52.906,2025-12-07 20:34:52.906,t,f,999,FRAME
cmiw6lk620533itntmazqntqj,"",Line Art,,XL 2176,Brown,BR,51,17,137,888989438416,,,169.99,510,1,,,t,2025-12-07 20:34:53.403,2025-12-07 20:34:53.403,t,f,999,FRAME
cmiw6lkik0535itntlcz3y6n7,"",Line Art,,XL 2172,Grey,GR,50,17,135,888989327529,,,169.99,255,1,,,t,2025-12-07 20:34:53.852,2025-12-07 20:34:53.852,t,f,999,FRAME
cmiw6lkv30537itnt9pc8j56t,"",Line Art,,XL 2108,Navy,NV,51,17,135,888989014764,,,169.99,510,1,,,t,2025-12-07 20:34:54.303,2025-12-07 20:34:54.303,t,f,999,FRAME
cmiw6ll9k0539itntl5h2rp7m,"",Line Art,,XL 2063,Black,BK,51,17,135,883475851946,,,164.99,495,1,,,t,2025-12-07 20:34:54.824,2025-12-07 20:34:54.824,t,f,999,FRAME
cmiw6llmo053bitntbfn12wde,"",Line Art,,XL 2063,Gold,GP,51,17,135,883475851953,,,164.99,495,0,,,t,2025-12-07 20:34:55.296,2025-12-07 20:34:55.296,t,f,999,FRAME
cmiw6llt4053citntjse5pney,"",Line Art,,XL 2180,Rose Gold,RG,55,17,135,888989462220,,,174.99,525,1,,,t,2025-12-07 20:34:55.529,2025-12-07 20:34:55.529,t,f,999,FRAME
cmiw6lm5s053eitnt4z8f5jp7,"",Line Art,,XL 2180,GEP,GP,55,17,135,888989462213,,,174.99,525,1,,,t,2025-12-07 20:34:55.984,2025-12-07 20:34:55.984,t,f,999,FRAME
cmiw6lmix053gitntwi3qym8m,"",Line Art,,XL 2179,Violet,VO,54,17,135,888989462206,,,174.99,525,1,,,t,2025-12-07 20:34:56.457,2025-12-07 20:34:56.457,t,f,999,FRAME
cmiw6lmvi053iitntpo48fwxo,"",Line Art,,XL 2165,Blue,BL,49,17,135,888989283399,,,164.99,200,1,,,t,2025-12-07 20:34:56.91,2025-12-07 20:34:56.91,t,f,999,FRAME
cmiw6ln88053kitnt7fryyt2h,"",Line Art,,XL 2166,Violet,VO,50,17,135,888989283436,,,164.99,495,1,,,t,2025-12-07 20:34:57.369,2025-12-07 20:34:57.369,t,f,999,FRAME
cmiw6lnkz053mitnt04hyv59w,"",Cote d Azur,,CDA-372,Black / Antique Gold,3,52,17,135,738921574538,,,71.95,216,1,,,t,2025-12-07 20:34:57.827,2025-12-07 20:34:57.827,t,f,999,FRAME
cmiw6lnxu053oitntrwv6487a,"",Match Eyewear,,194,Brown/Gold,,54,16,140,891160106134,,,62.95,189,0,,,t,2025-12-07 20:34:58.29,2025-12-07 20:34:58.29,t,f,999,FRAME
cmiw6lo5f053pitnt0snnkhcy,"",Ray-Ban Youth,,RY1632,FUCSIA ON RUBBER VIOLET,3933,48,16,130,8056262047613,,,32.75,98,1,,,t,2025-12-07 20:34:58.563,2025-12-07 20:34:58.563,t,f,999,FRAME
cmiw6lolr053ritntrz2x66gh,"",COACH,,HC6186,TRANSPARENT LILAC,5679,53,17,140,725125376556,,,81.2,244,0,,,t,2025-12-07 20:34:59.151,2025-12-07 20:34:59.151,t,f,999,FRAME
cmiw6los9053sitnt6ap9u3u7,"",Ray-Ban Youth,,RY1619,TRANSP BLUE ON RUBBER OR,3775,49,16,130,8056597732543,,,32.75,98,1,,,t,2025-12-07 20:34:59.385,2025-12-07 20:34:59.385,t,f,999,FRAME
cmiw6lp55053uitntxk19nf3g,"",Ray-Ban Youth,,RY1592,TOP BLACK ON WHITE/GREEN,3820,48,16,130,8056597175579,,,41.37,124,1,,,t,2025-12-07 20:34:59.849,2025-12-07 20:34:59.849,t,f,999,FRAME
cmiw6lpi1053witntkrqhgqgn,"",Michael Kors,,MK4117U BIRMINGHAM,CLEAR,3015,54,16,140,725125517584,,,56.22,169,1,,,t,2025-12-07 20:35:00.314,2025-12-07 20:35:00.314,t,f,999,FRAME
cmiw6lpvc053yitntp4vj3627,"",Cole Haan,,CH5034,BLACK,001,51,16,135,788678073501,,,89,267,0,,,t,2025-12-07 20:35:00.792,2025-12-07 20:35:00.792,t,f,999,FRAME
cmiw6lq20053zitnty8p527te,"",KLiiK:denmark,,K-736,BLUEBERRY ROSE,S401,47,16,135,676190670097,,,89.99,230,0,,,t,2025-12-07 20:35:01.032,2025-12-07 20:35:01.032,t,f,999,FRAME
cmiw6lq8f0540itntuedp2ks6,"",Aspire,,Funny,PLUM TORTOISE,,49,18,140,886453615561,,,84.99,255,1,,,t,2025-12-07 20:35:01.264,2025-12-07 20:35:01.264,t,f,999,FRAME
cmiw6lqlj0542itntoo44udt3,"",Scott Harris,,Scott Harris 850,Black / Red,1,49,16,135,738921567288,,,84.95,255,1,,,t,2025-12-07 20:35:01.735,2025-12-07 20:35:01.735,t,f,999,FRAME
cmiw6lqyq0544itntashqk5e8,"",Superflex,,SFK-205,BLACK WHITE,S300,48,17,135,676190353235,,,39.99,120,1,,,t,2025-12-07 20:35:02.211,2025-12-07 20:35:02.211,t,f,999,FRAME
cmiw6lrbq0546itntzocyu936,"",Scott Harris,,Scott Harris 824,Black / Violet,2,49,16,130,738921563211,,,80.95,243,1,,,t,2025-12-07 20:35:02.679,2025-12-07 20:35:02.679,t,f,999,FRAME
cmiw6lrom0548itntdbkvvwe6,"",Aspire,,Humble,EMERALD LAMINATE,,48,17,135,886453601311,,,84.99,255,1,,,t,2025-12-07 20:35:03.142,2025-12-07 20:35:03.142,t,f,999,FRAME
cmiw6ls5e054aitntib0gqysz,"",Michael Kors,,MK3056 NAXOS,ROSE GOLD,1108,55,16,140,725125379632,,,58.27,175,1,,,t,2025-12-07 20:35:03.746,2025-12-07 20:35:03.746,t,f,999,FRAME
cmiw6lsnp054citnt5ql9dcda,"",Michael Kors,,MK3050 TORONTO,SATIN LIGHT GOLD,1014,53,17,140,725125366397,,,71.81,215,1,,,t,2025-12-07 20:35:04.406,2025-12-07 20:35:04.406,t,f,999,FRAME
cmiw6lt51054eitntaz83zfwz,"",Op-Ocean Pacific,,West Meadow Beach,BLUE CRYSTAL HORN,,51,15,135,886453586090,,,59.99,120,1,,,t,2025-12-07 20:35:05.029,2025-12-07 20:35:05.029,t,f,999,FRAME
cmiw6ltlx054gitntfe9idd7s,"",Ray-Ban Youth,,RY9098V,TOP VIOLET ON TRANSP. VI,3961,45,18,130,8056262046999,,,41.8,125,0,,,t,2025-12-07 20:35:05.638,2025-12-07 20:35:05.638,t,f,999,FRAME
cmiw6ltwf054hitnth60p9ufo,"",6A,,6A3003V BRD210,22 BRUSHED DARK GUNMETAL,300303,57,18,140,8056597729147,,,74.86,225,1,,,t,2025-12-07 20:35:06.015,2025-12-07 20:35:06.015,t,f,999,FRAME
cmiw6lu9j054jitntci10hesq,"",Ray-Ban Youth,,RY1531,TOP HAVANA ON OPAL PINK,3580,48,16,130,8053672051940,,,46.1,138,1,,,t,2025-12-07 20:35:06.488,2025-12-07 20:35:06.488,t,f,999,FRAME
cmiw6lumc054litntw5d12ax5,"",Vision Source,,PL-406,Purple,,50,15,130,193033267011,,,39.99,120,1,,,t,2025-12-07 20:35:06.948,2025-12-07 20:35:06.948,t,f,999,FRAME
cmiw6luz8054nitnttsj1arve,"",Vision Source,,PL-406,Black,,50,15,130,193033266953,,,39.99,120,1,,,t,2025-12-07 20:35:07.413,2025-12-07 20:35:07.413,t,f,999,FRAME
cmiw6lvhb054pitntt2hkk14e,"",Vision Source,,PL-509 BLK,Black,,48,16,130,193033448854,,,39.99,120,1,,,t,2025-12-07 20:35:07.999,2025-12-07 20:35:07.999,t,f,999,FRAME
cmiw6lvza054ritntccjh80go,"",Vision Source,,PL-415 GRY,Grey,,50,15,125,193033574515,,,39.99,120,1,,,t,2025-12-07 20:35:08.71,2025-12-07 20:35:08.71,t,f,999,FRAME
cmiw6lwk2054titntbcudvdqx,"",Vision Source,,PL-418 PNK,Pink,,47,15,130,193033690116,,,39.99,120,0,,,t,2025-12-07 20:35:09.459,2025-12-07 20:35:09.459,t,f,999,FRAME
cmiw6lwsb054uitntlgj4b33k,"",6A,,6A3013 BRD 500,GUNMETAL,301303,57,15,148,8056597985932,,,83.84,252,1,,,t,2025-12-07 20:35:09.755,2025-12-07 20:35:09.755,t,f,999,FRAME
cmiw6lx8u054witntyv3jn7a2,"",6A,,6A3005 BRD 330,MATTE GUNMETAL,300502,57,16,145,8056597592758,,,88.93,267,1,,,t,2025-12-07 20:35:10.35,2025-12-07 20:35:10.35,t,f,999,FRAME
cmiw6lxpo054yitntl1bqgaob,"",6A,,6A3014 BRD 300,PACIFIC BLUE,301402,55,17,145,8056597584463,,,83.84,240,1,,,t,2025-12-07 20:35:10.957,2025-12-07 20:35:10.957,t,f,999,FRAME
cmiw6ly220550itnt6zhzcwpg,"",6A,,6A8021 OCR 700,MATTE TORTOISE,802103,53,14,140,8056597834865,,,73.36,220,1,,,t,2025-12-07 20:35:11.402,2025-12-07 20:35:11.402,t,f,999,FRAME
cmiw6lyep0552itntzfip3bvg,"",6A,,6A8015 OCR 410,PACIFIC BLUE,801502,54,17,140,8056597584692,,,78.86,237,1,,,t,2025-12-07 20:35:11.857,2025-12-07 20:35:11.857,t,f,999,FRAME
cmiw6lysg0554itntbj5w5ybi,"",Costa Del Mar,,6S8004,100 MT SIL TEAK/GRAY/DK,800401,55,15,140,097963557917,,,59.89,180,0,,,t,2025-12-07 20:35:12.353,2025-12-07 20:35:12.353,t,f,999,FRAME
cmiw6lz1i0555itnt4tsg3m4x,"",Op-Ocean Pacific,,Corey Beach,GREY CRYSTAL,,49,19,145,886453627175,,,59.99,180,0,,,t,2025-12-07 20:35:12.679,2025-12-07 20:35:12.679,t,f,999,FRAME
cmiw6lz9e0556itnt96ssounj,"",6A,,6A8021 OCR 700,GRAY CRYSTAL,802102,53,14,140,8056597725293,,,73.36,220,1,,,t,2025-12-07 20:35:12.962,2025-12-07 20:35:12.962,t,f,999,FRAME
cmiw6lzo90558itntje2g1qd9,"",6A,,6A8018 OCR 510,URCHIN/SMOKE,801802,53,17,135,8056597796064,,,68.38,205,1,,,t,2025-12-07 20:35:13.497,2025-12-07 20:35:13.497,t,f,999,FRAME
cmiw6m00v055aitnt24ugij28,"",6A,,6A1005,204 OCEAN TORTOISE,100502,51,17,140,8056597728720,,,64,153,1,,,t,2025-12-07 20:35:13.952,2025-12-07 20:35:13.952,t,f,999,FRAME
cmiw6m0dw055citnt01mhazms,"",Op-Ocean Pacific,,Cold Spring Beach,CRYSTAL,,52,17,140,886453585000,,,59.99,180,0,,,t,2025-12-07 20:35:14.421,2025-12-07 20:35:14.421,t,f,999,FRAME
cmiw6m0kg055ditnt0f8xs74v,"",6A,,6A4002V,MATTE BRUSHED GOLD,400202,57,14,140,8056597583671,,,69.87,210,0,,,t,2025-12-07 20:35:14.657,2025-12-07 20:35:14.657,t,f,999,FRAME
cmiw6m0tg055eitnt0idbr1b7,"",6A,,6A8022 OCR 720,GRAY CRYSTAL,802204,53,18,140,8056597903196,,,73.36,196,0,,,t,2025-12-07 20:35:14.98,2025-12-07 20:35:14.98,t,f,999,FRAME
cmiw6m10y055fitntnpydwdp5,"",Costa Del Mar,,6S3005,226 BRUSHED GOLD,300503,48,20,145,097963776820,,,103.27,310,1,,,t,2025-12-07 20:35:15.251,2025-12-07 20:35:15.251,t,f,999,FRAME
cmiw6m1hj055hitntifl538mt,"",Costa Del Mar,,06S9117 Grand Catalina  FD,Black,,59,15,138,,,,112.5,338,1,,,t,2025-12-07 20:35:15.848,2025-12-07 20:35:15.848,t,f,999,FRAME
cmiw6m20d055jitnt6us5436c,"",6A,,6A8014 OCR 400,FOG GRAY,801403,57,16,140,8056597584630,,,78.86,237,1,,,t,2025-12-07 20:35:16.526,2025-12-07 20:35:16.526,t,f,999,FRAME
cmiw6m2hm055litntmpqy3sxb,"",6A,,6A2004 MRA 400,SMOKE CRYSTAL,200401,57,18,140,8056597852838,,,73.36,220,1,,,t,2025-12-07 20:35:17.147,2025-12-07 20:35:17.147,t,f,999,FRAME
cmiw6m2u9055nitnts0vfmheg,"",Costa Del Mar,,6S8004,146 MT DK GRAY/MT BLK/CR,800404,57,15,140,097963648660,,,59.89,180,1,,,t,2025-12-07 20:35:17.601,2025-12-07 20:35:17.601,t,f,999,FRAME
cmiw6m373055pitntytvuoz9x,"",Michael Kors,,MK4110U AVILA,DARK TORTOISE,3006,53,17,140,725125403252,,,56.22,169,0,,,t,2025-12-07 20:35:18.063,2025-12-07 20:35:18.063,t,f,999,FRAME
cmiw6m3dl055qitntdzal0puo,"",6A,,6A8018 OCR 510,BLACK/SEAFOAM/BLUSH CRYS,801801,53,17,135,8056597796040,,,68.38,205,1,,,t,2025-12-07 20:35:18.297,2025-12-07 20:35:18.297,t,f,999,FRAME
cmiw6m3tj055sitntihmfyy8l,"",6A,,6A2004 MRA 400,SALT MARSH,200402,55,18,140,8056597852845,,,73.36,220,1,,,t,2025-12-07 20:35:18.871,2025-12-07 20:35:18.871,t,f,999,FRAME
cmiw6m4ch055uitntpft2pso6,"",Costa Del Mar,,06S9024 Cat Cay FD,Light/ Dark Blue,,61,10,125,,,,88.66,232,1,,,t,2025-12-07 20:35:19.554,2025-12-07 20:35:19.554,t,f,999,FRAME
cmiw6m4t0055witnt2lxbgvwf,"",6A,,6A8024 OCR 810,MATTE BLACK,802401,54,17,140,8056597828796,,,52.4,157,1,,,t,2025-12-07 20:35:20.149,2025-12-07 20:35:20.149,t,f,999,FRAME
cmiw6m5a5055yitnttfuy4sx8,"",6A,,6A8006V OCR200,11 MATTE BLACK,800601,56,20,140,8056597732178,,,79.85,240,1,,,t,2025-12-07 20:35:20.765,2025-12-07 20:35:20.765,t,f,999,FRAME
cmiw6m61q0560itntfd2ivldv,"",Costa Del Mar,,06S9113 Tailfin FD,black,,60,17,135,,,,97.33,292,2,,,t,2025-12-07 20:35:21.759,2025-12-07 20:35:21.759,t,f,999,FRAME
cmiw6m6ef0562itntidxpyez0,"",Costa Del Mar,,06S9024 Cat Cay FD,Black,,61,10,125,,,,88.66,232,1,,,t,2025-12-07 20:35:22.215,2025-12-07 20:35:22.215,t,f,999,FRAME
cmiw6m6se0564itntj104g0f3,"",Michael Kors,,MK2213 Nice  FD,Teal/Orange Tortoise,400073,57,17,140,,,,69.46,208,1,,,t,2025-12-07 20:35:22.718,2025-12-07 20:35:22.718,t,f,999,FRAME
cmiw6m76e0566itnt4hij8sah,"",Michael Kors,,MK2170U Karlie  FD,Black,3005T3,54,17,140,,,,61.03,183,1,,,t,2025-12-07 20:35:23.177,2025-12-07 20:35:23.177,t,f,999,FRAME
cmiw6m7kl0568itntgfthtcz7,"",Costa Del Mar,,06S9104  Lido FD,Black,,57,16,132,,,,104.33,313,2,,,t,2025-12-07 20:35:23.734,2025-12-07 20:35:23.734,t,f,999,FRAME
cmiw6m806056aitnthxlua5aq,"",6A,,6A9051V SALINA RX,BLACK,905101,53,20,140,8056597592796,,,83,249,1,,,t,2025-12-07 20:35:24.294,2025-12-07 20:35:24.294,t,f,999,FRAME
cmiw6m8g6056citnt9iyncnyl,"",6A,,6A3003V BRD210,101 SATIN BLACK,300301,53,18,140,8056597729116,,,74.86,225,1,,,t,2025-12-07 20:35:24.87,2025-12-07 20:35:24.87,t,f,999,FRAME
cmiw6m8x2056eitntghixg60e,"",Michael Kors,,MK1146 Portugal  FD,Gold/Brown,10143H,59,13,140,,,,80.3,241,0,,,t,2025-12-07 20:35:25.478,2025-12-07 20:35:25.478,t,f,999,FRAME
cmiw6m975056fitnt9zs9m2l7,"",COACH,,HC6176,PETAL TORTOISE,5739,49,17,140,725125480314,HC6176,,73.48,220,1,,,t,2025-12-07 20:35:25.842,2025-12-07 20:35:25.842,t,f,999,FRAME
cmiw6m9ry056hitntgmsozctx,"",Michael Kors,,MK2201 Malia  FD,Black/Tortoise,395087,58,15,135,,,,69.46,208,1,,,t,2025-12-07 20:35:26.591,2025-12-07 20:35:26.591,t,f,999,FRAME
cmiw6ma4w056jitntyx0b2b9h,"",6A,,6A3002V BRD200,22 BRUSHED DARK GUNMETAL,300203,55,17,140,8056597729079,,,74.86,225,1,,,t,2025-12-07 20:35:27.056,2025-12-07 20:35:27.056,t,f,999,FRAME
cmiw6mahh056litntoq32dim7,"",6A,,6A3014 BRD 300,BLACK,301401,55,17,145,8056597584470,,,83.84,240,1,,,t,2025-12-07 20:35:27.509,2025-12-07 20:35:27.509,t,f,999,FRAME
cmiw6mau8056nitntx9d9gswm,"",Michael Kors,,MK2045 Jan  FD,Dark Tortoise,300613,55,16,140,,,,43.75,131,1,,,t,2025-12-07 20:35:27.968,2025-12-07 20:35:27.968,t,f,999,FRAME
cmiw6mb77056pitnto8rxaa3g,"",Michael Kors,,MK1153 Silverton  FD,Gunmetal,100113,58,15,145,,,,61.03,183,1,,,t,2025-12-07 20:35:28.435,2025-12-07 20:35:28.435,t,f,999,FRAME
cmiw6mbkg056ritntkblhf27l,"",6A,,6A8020 OCR 610,BLACK/SMOKE/TEAL CRYSTAL,802001,53,14,140,8056597793988,,,68.38,205,1,,,t,2025-12-07 20:35:28.912,2025-12-07 20:35:28.912,t,f,999,FRAME
cmiw6mbxh056titntc7gxdwh8,"",Michael Kors,,MK1156 Keswick  FD,Silver,10026G,59,16,145,,,,80.3,241,1,,,t,2025-12-07 20:35:29.381,2025-12-07 20:35:29.381,t,f,999,FRAME
cmiw6mca9056vitntk3ir3vog,"",6A,,6A8013 PCR 410,BLACK,801301,52,17,140,8056597811187,,,78.86,237,1,,,t,2025-12-07 20:35:29.842,2025-12-07 20:35:29.842,t,f,999,FRAME
cmiw6mcn5056xitntai6rs7ld,"",6A,,6A8014 OCR 400,PACIFIC BLUE,801402,59,16,145,8056597815963,,,78.86,237,0,,,t,2025-12-07 20:35:30.306,2025-12-07 20:35:30.306,t,f,999,FRAME
cmiw6mctq056yitntvbqiu0oi,"",Tory Burch,,TY7167U  FD,Dark Tortoise,1728/13,53,17,140,,,,72.25,217,1,,,t,2025-12-07 20:35:30.542,2025-12-07 20:35:30.542,t,f,999,FRAME
cmiw6md6k0570itntkujzdtxl,"",Tory Burch,,TY9076U  FD,Dark Tortoise,199213,58,16,140,,,,109.08,327,1,,,t,2025-12-07 20:35:31.004,2025-12-07 20:35:31.004,t,f,999,FRAME
cmiw6mdjm0572itnthboe30dv,"",Tory Burch,,TY6089  FD,Gold/Tortoise,330413,57,17,140,,,,79.34,238,1,,,t,2025-12-07 20:35:31.474,2025-12-07 20:35:31.474,t,f,999,FRAME
cmiw6mdwj0574itntn4igt6p4,"",Tory Burch,,TY7191U  FD,Black,1709/87,54,18,140,,,,76.68,230,0,,,t,2025-12-07 20:35:31.939,2025-12-07 20:35:31.939,t,f,999,FRAME
cmiw6me350575itnt02sf8ozq,"",6A,,6A3017 BRD 510,SILVER,301702,52,19,148,8056597985963,,,83.84,252,0,,,t,2025-12-07 20:35:32.178,2025-12-07 20:35:32.178,t,f,999,FRAME
cmiw6me9d0576itnt48mxb98t,"",Costa Del Mar,,06S9114 Seadrift FD,DarkPurple,,60,15,123,,,,83.21,250,0,,,t,2025-12-07 20:35:32.402,2025-12-07 20:35:32.402,t,f,999,FRAME
cmiw6mefy0577itntxb3tim9u,"",Costa Del Mar,,06S9004  Waterwoman 2 FD,transperasnt brown,,58,18,132,,,,100,300,1,,,t,2025-12-07 20:35:32.638,2025-12-07 20:35:32.638,t,f,999,FRAME
cmiw6mesc0579itntmc2u2wmc,"",Tory Burch,,TY2137U,DARK TORTOISE,1728,53,18,140,725125439367,,,79.54,239,1,,,t,2025-12-07 20:35:33.084,2025-12-07 20:35:33.084,t,f,999,FRAME
cmiw6mf4v057bitntuot478jb,"",Costa Del Mar,,06S9037 Panga FD,Brown/Green,,56,20,135,,,,93.58,300,1,,,t,2025-12-07 20:35:33.535,2025-12-07 20:35:33.535,t,f,999,FRAME
cmiw6mfhl057ditntmvuyvi44,"",Tory Burch,,TY2143U,BLUE TORTOISE,1957,50,18,145,725125519618,,,72.81,218,1,,,t,2025-12-07 20:35:33.993,2025-12-07 20:35:33.993,t,f,999,FRAME
cmiw6mfui057fitntu8o3f8lj,"",Costa Del Mar,,06S9081 Palmas FD,0357,,57,17,135,,,,117,234,1,,,t,2025-12-07 20:35:34.458,2025-12-07 20:35:34.458,t,f,999,FRAME
cmiw6mg7j057hitntlhdbn5vh,"",Costa Del Mar,,06S2008 Isla FD,Tortise,,54,19,140,,,,134.66,404,1,,,t,2025-12-07 20:35:34.927,2025-12-07 20:35:34.927,t,f,999,FRAME
cmiw6mgk3057jitntogb5h57p,"",Costa Del Mar,,Aleta,Branse,,54,19,136,,,,83,249,1,,,t,2025-12-07 20:35:35.379,2025-12-07 20:35:35.379,t,f,999,FRAME
cmiw6mgwo057litntrbhxjrp0,"",COACH,,HC6238U,TRANSPARENT BLUE,5820,57,19,150,725125501415,6238,,76.37,229,1,,,t,2025-12-07 20:35:35.832,2025-12-07 20:35:35.832,t,f,999,FRAME
cmiw6mh9f057nitnt7q0tp5vl,"",COACH,,HC6142,VIOLET GLITTER GRADIENT,5554,51,17,140,725125030069,,,81.2,244,0,,,t,2025-12-07 20:35:36.292,2025-12-07 20:35:36.292,t,f,999,FRAME
cmiw6mhfm057oitntd9tebfnj,"",Costa Del Mar,,JOSE PRO 6S9106,Black,,62,16,128,,,,104.03,312,1,,,t,2025-12-07 20:35:36.514,2025-12-07 20:35:36.514,t,f,999,FRAME
cmiw6mhsi057qitntenj1vkyh,"",Costa Del Mar,,06S9009 Tuna Alley FD,Black,,62,11,125,,,,116.5,350,2,,,t,2025-12-07 20:35:36.979,2025-12-07 20:35:36.979,t,f,999,FRAME
cmiw6mi5d057sitnt838hux0d,"",Costa Del Mar,,06S2008 Isla FD,White,,54,19,140,,,,134.66,404,1,,,t,2025-12-07 20:35:37.441,2025-12-07 20:35:37.441,t,f,999,FRAME
cmiw6mihx057uitntwpd6xba6,"",Tory Burch,,TY1087,SHINY GOLD,3343,53,16,140,725125518888,,,90.48,271,1,,,t,2025-12-07 20:35:37.893,2025-12-07 20:35:37.893,t,f,999,FRAME
cmiw6miw4057witnthbg9u0cg,"",Costa Sunglasses,,Corbina FD,Black,,61,18,125,,,,86,258,1,,,t,2025-12-07 20:35:38.356,2025-12-07 20:35:38.356,t,f,999,FRAME
cmiw6mj8z057yitntgrqedyc9,"",Costa Sunglasses,,06S9054 FISCH FD,Black,,64,17,140,,,,92.99,279,1,,,t,2025-12-07 20:35:38.868,2025-12-07 20:35:38.868,t,f,999,FRAME
cmiw6mjls0580itntc075g2x6,"",COACH,,HC6213U,DARK BLUE / LIGHT BLUE,5757,55,17,145,725125392273,,,76.37,229,0,,,t,2025-12-07 20:35:39.328,2025-12-07 20:35:39.328,t,f,999,FRAME
cmiw6mjs10581itnton73qv4c,"",COACH,,HC6206U,TRANSPARENT PINK GRADIEN,5738,52,15,140,725125394338,,,73.48,220,1,,,t,2025-12-07 20:35:39.553,2025-12-07 20:35:39.553,t,f,999,FRAME
cmiw6mk4p0583itntoewpvoyt,"",COACH,,HC5163,ANTIQUE GOLD,9333,55,20,145,725125401234,,,76.37,229,1,,,t,2025-12-07 20:35:40.01,2025-12-07 20:35:40.01,t,f,999,FRAME
cmiw6mkhh0585itntj8avisp0,"",COACH,,HC5155,SHINY ROSE GOLD,9331,54,20,140,725125393584,,,73.48,220,1,,,t,2025-12-07 20:35:40.47,2025-12-07 20:35:40.47,t,f,999,FRAME
cmiw6mku80587itntztznepre,"",Michael Kors,,MK4103U BOULDER,BLACK,3005,55,16,140,725125395403,,,56.22,169,1,,,t,2025-12-07 20:35:40.928,2025-12-07 20:35:40.928,t,f,999,FRAME
cmiw6ml6q0589itnt4785k6uu,"",Tory Burch,,TY2153U,NAVY BLUE,2008,51,17,140,725125525114,,,90.48,271,1,,,t,2025-12-07 20:35:41.379,2025-12-07 20:35:41.379,t,f,999,FRAME
cmiw6mljg058bitnttc7chjd1,"",Ray-Ban Rx,,RX5279,DARK HAVANA,2012,57,18,150,8056597857314,,,65,195,1,,,t,2025-12-07 20:35:41.837,2025-12-07 20:35:41.837,t,f,999,FRAME
cmiw6mlwg058ditntg0ryf9lg,"",Guess?,,GM0395,dark havana,052,55,15,140,889214416254,,,103,309,0,,,t,2025-12-07 20:35:42.304,2025-12-07 20:35:42.304,t,f,999,FRAME
cmiw6mm2r058eitnt4h1yfo3i,"",COACH,,HC5172T,BLACK,9003,56,19,145,725125495103,,,88.94,267,1,,,t,2025-12-07 20:35:42.532,2025-12-07 20:35:42.532,t,f,999,FRAME
cmiw6mmgg058gitntzup6leho,"",Guess?,,GM0395,blue/other,092,55,15,140,889214416278,,,103,309,1,,,t,2025-12-07 20:35:43.024,2025-12-07 20:35:43.024,t,f,999,FRAME
cmiw6mmsu058iitntkik5u6cr,"",COACH,,HC6221U,TRANSPARENT GREY,5785,54,17,140,725125399746,,,76.37,229,1,,,t,2025-12-07 20:35:43.471,2025-12-07 20:35:43.471,t,f,999,FRAME
cmiw6mn5e058kitntjosxjudt,"",COACH,,HC5168,SHINY SILVER,9001,53,17,140,725125495219,,,76.37,229,1,,,t,2025-12-07 20:35:43.923,2025-12-07 20:35:43.923,t,f,999,FRAME
cmiw6mni4058mitntnsl88fti,"",Costa Del Mar,,06S2002 Sullivan  FD,Shiny Deep Blue,200204,53,19,140,,,,134.66,404,1,,,t,2025-12-07 20:35:44.38,2025-12-07 20:35:44.38,t,f,999,FRAME
cmiw6mnuy058oitnt6hr39pvu,"",Vision Source,,PL-105 GUN,Gunmetal,,47,22,145,193033121290,,,65,168,0,,,t,2025-12-07 20:35:44.842,2025-12-07 20:35:44.842,t,f,999,FRAME
cmiw6mo1i058pitntmysr7mdp,"",Coach,,HC8392U CR611 FD,Black,,53,20,140,,,,86,258,0,,,t,2025-12-07 20:35:45.079,2025-12-07 20:35:45.079,t,f,999,FRAME
cmiw6mo7s058qitntggochjv8,"",Aristar,,AR 30722,Grey,505,56,19,150,888989267108,,,39.99,120,0,,,t,2025-12-07 20:35:45.305,2025-12-07 20:35:45.305,t,f,999,FRAME
cmiw6moe9058ritntkzv61c3d,"",Guess?,,GU50194,blue/other,092,55,16,140,889214528759,,,65,195,0,,,t,2025-12-07 20:35:45.537,2025-12-07 20:35:45.537,t,f,999,FRAME
cmiw6mokx058sitntvrvul8v8,"",Guess?,,GU2962-D,shiny light nickeltin,010,54,16,145,889214425935,,,72,216,1,,,t,2025-12-07 20:35:45.777,2025-12-07 20:35:45.777,t,f,999,FRAME
cmiw6moxt058uitnt4lkgl5rf,"",Tory Burch,,TY2129U,BERRY RED,2018,55,18,140,725125526975,,,72.81,218,1,,,t,2025-12-07 20:35:46.241,2025-12-07 20:35:46.241,t,f,999,FRAME
cmiw6mpag058witntr122ggvq,"",Ray-Ban Rx,,RX7047,TRASPARENT GREY,5769,54,17,140,8053672833423,,,65.66,209,0,,,t,2025-12-07 20:35:46.696,2025-12-07 20:35:46.696,t,f,999,FRAME
cmiw6mpgs058xitnt6n9hhezu,"",Oakley,,OO9460 Portal X  FD,Polished Black,946004,59,15,135,,,,117.51,353,0,,,t,2025-12-07 20:35:46.925,2025-12-07 20:35:46.925,t,f,999,FRAME
cmiw6mpn6058yitntxfmtj6he,"",Easyclip,,EC582,Strawberry & Crystal Lilac,80,48,16,135,686245250334,,,99.99,150,0,,,t,2025-12-07 20:35:47.155,2025-12-07 20:35:47.155,t,f,999,FRAME
cmiw6mptn058zitntqn32jkum,"",Wonder Woman,,WWEYE3,Red-Gold,45,48,15,130,085612173519,,,55,165,1,,,t,2025-12-07 20:35:47.387,2025-12-07 20:35:47.387,t,f,999,FRAME
cmiw6mq6i0591itnt3sclfwqi,"",Vision Source,,PL-243 BLU,Blue,,55,16,140,193033574423,,,65,200,1,,,t,2025-12-07 20:35:47.851,2025-12-07 20:35:47.851,t,f,999,FRAME
cmiw6mqj70593itntih3gzuqc,"",Lenton & Rusby,,LR5002,BROWN CRYSTAL,200,50,17,130,788678571236,,,40,120,1,,,t,2025-12-07 20:35:48.308,2025-12-07 20:35:48.308,t,f,999,FRAME
cmiw6mqvq0595itntzz2ttx69,"",Vision Source,,PL-145 TPE,Brown,,50,18,140,193033574492,,,65,195,0,,,t,2025-12-07 20:35:48.758,2025-12-07 20:35:48.758,t,f,999,FRAME
cmiw6mr1z0596itnt21m86v55,"",Vision Source,,PL-405,Green,,47,16,130,193033266977,,,39.99,120,1,,,t,2025-12-07 20:35:48.983,2025-12-07 20:35:48.983,t,f,999,FRAME
cmiw6mrej0598itnto2frdez6,"",Vision Source,,PL-507,Black,,49,16,130,193033267028,,,39.99,120,1,,,t,2025-12-07 20:35:49.435,2025-12-07 20:35:49.435,t,f,999,FRAME
cmiw6mrrk059aitnt8lltgxtq,"",BCBG Max Azria,,Esea,BLUE GOLD,,51,16,135,886453633053,,,82.99,249,1,,,t,2025-12-07 20:35:49.905,2025-12-07 20:35:49.905,t,f,999,FRAME
cmiw6ms4g059citntx2570cxb,"",6A,,6A8004V OCR100,146 MT DK GRAY/MT BLK/CR,800404,57,15,140,8056597731904,,,63.64,191,1,,,t,2025-12-07 20:35:50.368,2025-12-07 20:35:50.368,t,f,999,FRAME
cmiw6msgs059eitntk740g2m8,"",Lulu by Lulu Guinness,,LK039,grey,GRY,49,15,130,764724852535,,,62.95,189,0,,,t,2025-12-07 20:35:50.812,2025-12-07 20:35:50.812,t,f,999,FRAME
cmiw6msng059fitntafp5nsld,"",Guess?,,GU2723,Grey/Other,020,54,15,140,889214044372,,,76,228,0,,,t,2025-12-07 20:35:51.052,2025-12-07 20:35:51.052,t,f,999,FRAME
cmiw6mstp059gitnt5p6c900h,"",Costa Del Mar,,06S9049 Paunch  FD,904903,,57,16,145,,,,118.66,356,0,,,t,2025-12-07 20:35:51.277,2025-12-07 20:35:51.277,t,f,999,FRAME
cmiw6mt09059hitnthcx1f92b,"",Airlock,,AIRLOCK 3004,PURPLE GRADIENT,515,53,16,140,886895429993,,,75,129,1,,,t,2025-12-07 20:35:51.513,2025-12-07 20:35:51.513,t,f,999,FRAME
cmiw6mtd3059jitntnnik4h9l,"",Ray Ban,,RB4101 Jackie Ohh  FD,Light Havana,,58,17,135,,,,89.87,270,0,,,t,2025-12-07 20:35:51.975,2025-12-07 20:35:51.975,t,f,999,FRAME
cmiw6mtjn059kitntumsl6f1j,"",Superflex,,SF-1136T,CHARCOAL,M103,60,17,150,676190605587,,,67.95,204,1,,,t,2025-12-07 20:35:52.212,2025-12-07 20:35:52.212,t,f,999,FRAME
cmiw6mtw8059mitnte9n5ygwm,"",Superflex,,SF-1115T,VIOLET LILAC,M107,54,16,135,676190394641,,,67.95,204,1,,,t,2025-12-07 20:35:52.664,2025-12-07 20:35:52.664,t,f,999,FRAME
cmiw6mu9d059oitnt67vc5ili,"",Helium-Paris,,4357,Tortoise,,53,17,145,891160042890,,,74.95,225,1,,,t,2025-12-07 20:35:53.137,2025-12-07 20:35:53.137,t,f,999,FRAME
cmiw6munq059qitntesp71ri8,"",Helium-Paris,,4458,Tort/Blk,,54,16,145,891160114788,,,79,237,1,,,t,2025-12-07 20:35:53.609,2025-12-07 20:35:53.609,t,f,999,FRAME
cmiw6mv2v059sitnth0szbzt5,"",Helium-Paris,,4375,Matt Tortoise,,51,18,140,891160061211,,,0,0,1,,,t,2025-12-07 20:35:54.199,2025-12-07 20:35:54.199,t,f,999,FRAME
cmiw6mvfy059uitnts9ley474,"",Victoria's Secret,,VS5041,shiny bordeaux,069,53,16,135,889214204356,,,85,255,0,,,t,2025-12-07 20:35:54.67,2025-12-07 20:35:54.67,t,f,999,FRAME
cmiw6mvmc059vitnt33ovmgtr,"",Izod,,2065,BROWN,,54,18,140,886453499918,,,67.99,204,1,,,t,2025-12-07 20:35:54.901,2025-12-07 20:35:54.901,t,f,999,FRAME
cmiw6mvze059xitnts15zjjx9,"",Michael Kors,,MK4088 SITKA,BROWN SIGNATURE PVC,3706,53,16,140,725125375153,,,75.52,227,1,,,t,2025-12-07 20:35:55.371,2025-12-07 20:35:55.371,t,f,999,FRAME
cmiw6mwcb059zitnt1uw3sql9,"",Polo,,PH2193,BLUE TRANSPARENT,5276,49,19,145,8056597067232,,,78.84,237,1,,,t,2025-12-07 20:35:55.835,2025-12-07 20:35:55.835,t,f,999,FRAME
cmiw6mwoz05a1itntjmgsv6mt,"",Steve Madden,,Kinssley,BLACK,,48,16,130,886453567402,,,59.99,180,1,,,t,2025-12-07 20:35:56.292,2025-12-07 20:35:56.292,t,f,999,FRAME
cmiw6mx1u05a3itntfimtv191,"",Oakley Frame,,OX5038 METAL PLATE,MATTE GUNMETAL,503812,55,18,140,888392610614,,,128.95,387,1,,,t,2025-12-07 20:35:56.754,2025-12-07 20:35:56.754,t,f,999,FRAME
cmiw6mxeb05a5itntrzzu72kb,"",COACH,,HC6243U,TRANSPARENT DOVE,5614,49,16,135,725125521376,,,73.48,220,0,,,t,2025-12-07 20:35:57.203,2025-12-07 20:35:57.203,t,f,999,FRAME
cmiw6mxkn05a6itnt2b2ld9ii,"",COACH,,HC6248U,BLUE PEARL TORTOISE,5845,54,16,140,725125521710,,,81.2,244,0,,,t,2025-12-07 20:35:57.431,2025-12-07 20:35:57.431,t,f,999,FRAME
cmiw6mxr205a7itntqcxjh2sk,"",COACH,,HC6250U,AMBER TORTOISE / ORANGE,5857,51,16,140,725125522762,,,88.94,267,1,,,t,2025-12-07 20:35:57.662,2025-12-07 20:35:57.662,t,f,999,FRAME
cmiw6my4805a9itntp1hb1tet,"",COACH,,HC5150T,GUNMETAL TITANIUM,9004,55,18,145,725125385848,,,88.94,267,1,,,t,2025-12-07 20:35:58.136,2025-12-07 20:35:58.136,t,f,999,FRAME
cmiw6mygs05abitntvm7id27u,"",COACH,,HC6226U,BLACK / TRANSPARENT BLUS,5781,54,16,145,725125400695,,,76.37,229,1,,,t,2025-12-07 20:35:58.588,2025-12-07 20:35:58.588,t,f,999,FRAME
cmiw6myu705aditntzigv62gp,"",COACH,,HC6142,AMETHYST / PINK GRADIENT,5813,51,17,140,725125522854,,,81.2,244,1,,,t,2025-12-07 20:35:59.072,2025-12-07 20:35:59.072,t,f,999,FRAME
cmiw6mz7005afitntbeofgpda,"",COACH,,HC6245U,TRANSPARENT DARK GREY,5104,53,17,140,725125521284,,,73.48,220,1,,,t,2025-12-07 20:35:59.532,2025-12-07 20:35:59.532,t,f,999,FRAME
cmiwrjfv305enitnttn2sr9a9,"",Oakley,,OX3111,Cement,,54,19,143,,,,94.83,270,1,,,t,2025-12-08 06:21:06.447,2025-12-08 06:21:06.447,t,f,999,FRAME
cmiw6mzjs05ahitntafdchinu,"",COACH,,HC6235U,TRANSPARENT AMETHYST,5823,53,17,145,725125486637,,,76.37,229,1,,,t,2025-12-07 20:35:59.992,2025-12-07 20:35:59.992,t,f,999,FRAME
cmiwril6u05ajitntyk6whdsm,"",COACH,,HC6138U,TRANSPARENT PINK,5556,52,16,140,725125030533,,,73.48,220,1,,,t,2025-12-08 06:20:26.17,2025-12-08 06:20:26.17,t,f,999,FRAME
cmiwrilpq05alitntz6x1c84h,"",COACH,,HC6246U,MILKY MOSS,5840,53,16,140,725125521536,,,76.37,229,1,,,t,2025-12-08 06:20:27.375,2025-12-08 06:20:27.375,t,f,999,FRAME
cmiwrim4j05anitntf36tq0mw,"",COACH,,HC5155,SHINY LIGHT GOLD,9436,54,20,140,725125393591,,,73.48,220,1,,,t,2025-12-08 06:20:27.907,2025-12-08 06:20:27.907,t,f,999,FRAME
cmiwrimj105apitntyy3z4gf7,"",Danny Gokey,,DG59,Black,,55,17,140,891160025770,,,62,150,0,,,t,2025-12-08 06:20:28.43,2025-12-08 06:20:28.43,t,f,999,FRAME
cmiwrimqh05aqitnt1ytlxm17,"",Helium-Paris,,4470,Aqua Multi,,53,17,140,891160118229,,,79,237,0,,,t,2025-12-08 06:20:28.697,2025-12-08 06:20:28.697,t,f,999,FRAME
cmiwrimy305aritntaih5y4ru,"",Line Art,,XL 2173,Blue,BL,51,17,135,888989327543,,,169.99,255,1,,,t,2025-12-08 06:20:28.971,2025-12-08 06:20:28.971,t,f,999,FRAME
cmiwrind305atitntpjms6itv,"",SuperFlex,,SF-609,TOFFEE,S402,51,18,140,676190612103,,,42.99,129,1,,,t,2025-12-08 06:20:29.511,2025-12-08 06:20:29.511,t,f,999,FRAME
cmiwrins305avitntv5amo4kk,"",Line Art,,XL 2156,Gold,GP,52,17,137,888989263186,,,165.99,332,1,,,t,2025-12-08 06:20:30.052,2025-12-08 06:20:30.052,t,f,999,FRAME
cmiwrio6l05axitnt4uzp8h56,"",COACH,,HC6243F,TRANSPARENT BURGUNDY,5824,57,15,145,725125522397,,,73.48,220,1,,,t,2025-12-08 06:20:30.573,2025-12-08 06:20:30.573,t,f,999,FRAME
cmiwrioli05azitnt07sc48p1,"",COACH,,HC6065,LIGHT BROWN CONFETTI TOR,5287,53,17,140,725125464949,,,88.94,267,2,,,t,2025-12-08 06:20:31.11,2025-12-08 06:20:31.11,t,f,999,FRAME
cmiwrip0b05b1itntanxy6iz2,"",SuperFlex,,SF-643,BLACK ROSE TORT,S300,52,17,135,676190722352,,,75,129,0,,,t,2025-12-08 06:20:31.643,2025-12-08 06:20:31.643,t,f,999,FRAME
cmiwrip7h05b2itnt0wk1z68h,"",Ellen Tracy,,Donegal,RED HORN,,54,16,135,886453629520,,,56.99,171,0,,,t,2025-12-08 06:20:31.901,2025-12-08 06:20:31.901,t,f,999,FRAME
cmiwripf305b3itntc8bbkarn,"",Tura,,R562,Black,BLK,52,16,135,764724429010,,,72.95,150,1,,,t,2025-12-08 06:20:32.176,2025-12-08 06:20:32.176,t,f,999,FRAME
cmiwripth05b5itnte6bgrxkv,"",Longchamp,,LO2712,GREY HAVANA,005,53,17,140,886895592963,,,96.5,290,1,,,t,2025-12-08 06:20:32.693,2025-12-08 06:20:32.693,t,f,999,FRAME
cmiwriq8205b7itntq89vkr1n,"",Longchamp,,LO2152,ROSE GOLD,770,53,19,140,886895572002,,,87.5,263,1,,,t,2025-12-08 06:20:33.218,2025-12-08 06:20:33.218,t,f,999,FRAME
cmiwriqn605b9itnt338dpcf2,"",Longchamp,,LO2718,BLUE/ROSE,435,54,15,140,886895602327,,,71.5,180,1,,,t,2025-12-08 06:20:33.763,2025-12-08 06:20:33.763,t,f,999,FRAME
cmiwrir1n05bbitntkky1148n,"",Fossil,,FOS 7106,Hrncambei,02OH,51,17,140,716736400136,,,72.5,160,1,,,t,2025-12-08 06:20:34.283,2025-12-08 06:20:34.283,t,f,999,FRAME
cmiwrirge05bditntgu2orjya,"",KLiiK:denmark,,K-720,BROWN MAUVE,S402,48,15,135,676190636260,,,65,195,1,,,t,2025-12-08 06:20:34.814,2025-12-08 06:20:34.814,t,f,999,FRAME
cmiwrirv105bfitntirmbv8a0,"",Isaac Mizrahi New York,,IM 30048,Blue,BL,53,18,140,888989189028,,,69.99,210,0,,,t,2025-12-08 06:20:35.341,2025-12-08 06:20:35.341,t,f,999,FRAME
cmiwris2n05bgitntp6ojmv9q,"",Kate Spade,,ADELLE,Grey,0KB7,51,17,140,716736434391,,,84.5,254,1,,,t,2025-12-08 06:20:35.615,2025-12-08 06:20:35.615,t,f,999,FRAME
cmiwrishc05biitntbpkrue5r,"",Exces,,EX3158,Burgundy-Blue Crystal Fade,857,52,16,140,751582205924,,,54.95,165,1,,,t,2025-12-08 06:20:36.144,2025-12-08 06:20:36.144,t,f,999,FRAME
cmiwrisvy05bkitntyiy1anx0,"",Bebe,,BB5131,Jet,001,52,16,135,788678067432,,,70,210,0,,,t,2025-12-08 06:20:36.67,2025-12-08 06:20:36.67,t,f,999,FRAME
cmiwrit3d05blitntkddvcg0a,"",ELLE,,EL 13519,Grey,GR,48,16,130,888989254542,,,64.99,195,1,,,t,2025-12-08 06:20:36.938,2025-12-08 06:20:36.938,t,f,999,FRAME
cmiwritjc05bnitntm1dfqk2r,"",Tory Burch,,TY1076,SHINY GOLD / CAMEL,3342,51,18,140,725125390583,,,86.28,259,0,,,t,2025-12-08 06:20:37.512,2025-12-08 06:20:37.512,t,f,999,FRAME
cmiwritqz05boitntlf72cjqj,"",Line Art,,XL 2176,Lavender,LA,51,17,137,888989438423,,,169.99,510,1,,,t,2025-12-08 06:20:37.787,2025-12-08 06:20:37.787,t,f,999,FRAME
cmiwriu6105bqitntuff1pg75,"",Line Art,,XL 2147,Rose Gold,RG,51,17,135,888989177254,,,165.99,498,1,,,t,2025-12-08 06:20:38.33,2025-12-08 06:20:38.33,t,f,999,FRAME
cmiwriukt05bsitntc6i2axki,"",Steve Madden,,Calvino,BLACK FADE,,52,17,145,886453600390,,,69.99,210,0,,,t,2025-12-08 06:20:38.861,2025-12-08 06:20:38.861,t,f,999,FRAME
cmiwriusa05btitntpzbhqlm9,"",Ray Ban,,RB2132 New Wayfarer  FD,Tortoise,902,52,18,145,,,,83.81,251,1,,,t,2025-12-08 06:20:39.131,2025-12-08 06:20:39.131,t,f,999,FRAME
cmiwriv6z05bvitnt34ff281l,"",Skechers,,SE3211,Matte Black,002,55,17,145,664689927951,,,58,169,0,,,t,2025-12-08 06:20:39.66,2025-12-08 06:20:39.66,t,f,999,FRAME
cmiwrivej05bwitnt18ajpqou,"",COACH,,HC6120,TRANSPARENT DUSTY ROSE,5668,54,16,140,725125522823,,,81.2,244,0,,,t,2025-12-08 06:20:39.932,2025-12-08 06:20:39.932,t,f,999,FRAME
cmiwrivlu05bxitntxl8co4gu,"",COACH,,HC6248U,JADE PEARL TORTOISE,5844,52,16,140,725125521680,,,81.2,244,0,,,t,2025-12-08 06:20:40.194,2025-12-08 06:20:40.194,t,f,999,FRAME
cmiwrivt205byitntj2et5d0j,"",Ray-Ban Rx,,RX5169,Grey Horn Grad Trasp Gre,5540,52,16,140,8053672427301,,,56,168,1,,,t,2025-12-08 06:20:40.455,2025-12-08 06:20:40.455,t,f,999,FRAME
cmiwriw7p05c0itnt628qtk9z,"",Ray-Ban Rx,,RX7141,TRASPARENT GREY,5755,50,20,150,8053672822748,,,79.27,238,1,,,t,2025-12-08 06:20:40.982,2025-12-08 06:20:40.982,t,f,999,FRAME
cmiwriwms05c2itntapm19ynh,"",Costa Del Mar,,06S2012 Catherine  FD,Tortoise,201201,57,17,143,,,,124.66,374,1,,,t,2025-12-08 06:20:41.524,2025-12-08 06:20:41.524,t,f,999,FRAME
cmiwrix4405c4itntajgttcnu,"",Ralph Lauren,,RA5304U  FD,Black,5001/8G,57,16,145,,,,50.18,151,0,,,t,2025-12-08 06:20:42.148,2025-12-08 06:20:42.148,t,f,999,FRAME
cmiwrixbe05c5itntwec2cudt,"",COACH,,HC6129,TORTOISE ON TRANSPARENT,5727,52,16,140,725125391054,,,76.37,229,0,,,t,2025-12-08 06:20:42.41,2025-12-08 06:20:42.41,t,f,999,FRAME
cmiwrixiw05c6itntfl5hovxx,"",SuperFlex,,SF-541,TORTOISE COBALT,S312,54,16,145,676190363982,,,42.99,129,1,,,t,2025-12-08 06:20:42.681,2025-12-08 06:20:42.681,t,f,999,FRAME
cmiwrixxx05c8itntkykosygl,"",Line Art,,XL 2051,Black,BK,52,17,135,883475763263,,,154.99,465,1,,,t,2025-12-08 06:20:43.222,2025-12-08 06:20:43.222,t,f,999,FRAME
cmiwriycj05caitnt9tjybscw,"",Costa Del Mar,,06S9016 Rinconcito FD,Black,09,60,12,140,,,,116.5,350,1,,,t,2025-12-08 06:20:43.748,2025-12-08 06:20:43.748,t,f,999,FRAME
cmiwriyr905ccitnte8hw0brn,"",Steve Madden,,Colle,BLACK MATTE,,46,17,125,886453568232,,,59.99,180,1,,,t,2025-12-08 06:20:44.277,2025-12-08 06:20:44.277,t,f,999,FRAME
cmiwriz6e05ceitntvskoloni,"",Lulu Guinness,,L307,black,BLK,49,16,130,764724450151,,,86.95,261,1,,,t,2025-12-08 06:20:44.822,2025-12-08 06:20:44.822,t,f,999,FRAME
cmiwrizla05cgitntiyt9cd26,"",COACH,,HC5181TD,SHINY DARK BROWN,9405,51,19,145,725125521062,,,88.94,267,1,,,t,2025-12-08 06:20:45.358,2025-12-08 06:20:45.358,t,f,999,FRAME
cmiwrj00705ciitntyna1zgw1,"",Tory Burch,,TY2149U,BROWN TORTOISE,1728,53,17,140,725125525879,,,86.28,259,0,,,t,2025-12-08 06:20:45.895,2025-12-08 06:20:45.895,t,f,999,FRAME
cmiwrj07p05cjitnt9b1hs4di,"",Elements,,EL-246,Lilac/Orchid,2,46,15,125,738921518969,,,46.95,141,0,,,t,2025-12-08 06:20:46.165,2025-12-08 06:20:46.165,t,f,999,FRAME
cmiwrj0f805ckitnt61phvjly,"",Ralph Lauren,,RA5305U  FD,Black havana,5003/13,56,17,145,,,,50.18,151,1,,,t,2025-12-08 06:20:46.436,2025-12-08 06:20:46.436,t,f,999,FRAME
cmiwrj0ux05cmitnt29sq9rx7,"",Superflex,,SFK-233,Black Lemon,S300,47,15,130,676190429701,,,42.99,129,0,,,t,2025-12-08 06:20:47.002,2025-12-08 06:20:47.002,t,f,999,FRAME
cmiwrj12l05cnitntj71mar9q,"",Michael Kors,,MK4083U,CORDOVAN PEARLIZED,3255,53,17,140,725125374941,,,61.56,185,1,,,t,2025-12-08 06:20:47.277,2025-12-08 06:20:47.277,t,f,999,FRAME
cmiwrj1h405cpitntryiez87b,"",Steve Madden,,Chulla,BLUSH,,50,17,135,886453535807,,,69.99,210,0,,,t,2025-12-08 06:20:47.8,2025-12-08 06:20:47.8,t,f,999,FRAME
cmiwrj1of05cqitnt94rdszei,"",Scott Harris,,Scott Harris 824,Clover / Berry,1,49,16,130,738921563204,,,80.95,243,1,,,t,2025-12-08 06:20:48.063,2025-12-08 06:20:48.063,t,f,999,FRAME
cmiwrj22w05csitntfozhdkrv,"",Disney Princess,,Courage Rocks,Tortoise-Mint,,46,16,130,751582204880,,,55,165,1,,,t,2025-12-08 06:20:48.585,2025-12-08 06:20:48.585,t,f,999,FRAME
cmiwrj2hv05cuitntlx9z5j39,"",Vision Source,,PL-513 GRY,Grey,,48,15,125,193033574522,,,39.99,120,0,,,t,2025-12-08 06:20:49.124,2025-12-08 06:20:49.124,t,f,999,FRAME
cmiwrj2p705cvitnt0f0pguc8,"",Exces,,EX3136,Cognac-Blue-Crystal,801,50,16,140,751582195348,,,75,165,1,,,t,2025-12-08 06:20:49.387,2025-12-08 06:20:49.387,t,f,999,FRAME
cmiwrj33u05cxitnt69fbetou,"",Superflex,,SFK-203,BLACK FUCHSIA,3,45,16,125,676190343588,,,39.99,120,1,,,t,2025-12-08 06:20:49.915,2025-12-08 06:20:49.915,t,f,999,FRAME
cmiwrj3i605czitntsi66bo8x,"",Ray-Ban Rx,,RX8777D,ROSEGOLD,1248,53,19,145,8056262268841,,,103.46,310,1,,,t,2025-12-08 06:20:50.431,2025-12-08 06:20:50.431,t,f,999,FRAME
cmiwrj3wx05d1itntyu5um9uq,"",Ray-Ban Rx,,RX5268,MATTE BLACK,5119,55,18,145,8053672585964,,,65.66,197,0,,,t,2025-12-08 06:20:50.962,2025-12-08 06:20:50.962,t,f,999,FRAME
cmiwrj44605d2itntqy8tvcxm,"",Ray-Ban Rx,,RX4340V WAYFARER EASE,PHOTO STRIPED LIGHT BLUE,8382,50,22,150,8056262099049,,,99.86,300,1,,,t,2025-12-08 06:20:51.223,2025-12-08 06:20:51.223,t,f,999,FRAME
cmiwrj4iq05d4itnt75cwgaat,"",Ray-Ban Rx,,RX5431 RAIMOND,TRANSPARENT FANTASY BLU/,8394,56,18,145,8056262274996,,,78.12,234,1,,,t,2025-12-08 06:20:51.746,2025-12-08 06:20:51.746,t,f,999,FRAME
cmiwrj4x305d6itnt7cep9mul,"",Tory Burch,,TY2154U,BLUE HONEY TORTOISE,2017,51,18,140,725125524988,,,90.48,271,3,,,t,2025-12-08 06:20:52.263,2025-12-08 06:20:52.263,t,f,999,FRAME
cmiwrj5cm05d8itntsaj55p3i,"",Ralph Lauren,,RA5315U  FD,Shiny Black on Grey,6066/36,54,17,145,,,,55.12,165,1,,,t,2025-12-08 06:20:52.822,2025-12-08 06:20:52.822,t,f,999,FRAME
cmiwrj5rp05daitntcdh41vgx,"",Vision Source,,PL-167 BLK,Black,,54,17,145,193033719473,,,65,195,1,,,t,2025-12-08 06:20:53.366,2025-12-08 06:20:53.366,t,f,999,FRAME
cmiwrj66g05dcitnt87p26udx,"",6A,,6A8021 OCR 700,BLACK,802101,55,14,140,8056597725286,,,73.36,220,0,,,t,2025-12-08 06:20:53.897,2025-12-08 06:20:53.897,t,f,999,FRAME
cmiwrj6e505dditntnidtuqm0,"",RayBan Sunglass,,RB2231,Blue,,58,18,145,,,,89.87,270,1,,,t,2025-12-08 06:20:54.174,2025-12-08 06:20:54.174,t,f,999,FRAME
cmiwrj6st05dfitntpqx5kqv5,"",Ray-Ban Rx,,RX5437,BLACK,2000,53,17,140,8056262189412,,,78.12,234,0,,,t,2025-12-08 06:20:54.702,2025-12-08 06:20:54.702,t,f,999,FRAME
cmiwrj70905dgitntp0yspxez,"",Oakley Frame,,OX8186 FUTURITY RS,SATIN GREY SMOKE,818602,56,16,139,888392641953,,,84.82,254,0,,,t,2025-12-08 06:20:54.969,2025-12-08 06:20:54.969,t,f,999,FRAME
cmiwrj77u05dhitnt9669q7l3,"",Ray-Ban Rx,,RX5437,TRANSPARENT,2001,53,17,140,8056262189429,,,78.12,234,1,,,t,2025-12-08 06:20:55.243,2025-12-08 06:20:55.243,t,f,999,FRAME
cmiwrj7mb05djitntzoqeu325,"",Ray-Ban Rx,,RX6375F,BLACK TOP ON MATTE BLACK,2944,55,18,145,8053672788778,,,70.46,211,1,,,t,2025-12-08 06:20:55.763,2025-12-08 06:20:55.763,t,f,999,FRAME
cmiwrj80x05dlitnth6hk1d2y,"",Vision Source,,PL-420 TEL,Teal,,48,16,130,193033719510,,,39.99,120,1,,,t,2025-12-08 06:20:56.29,2025-12-08 06:20:56.29,t,f,999,FRAME
cmiwrj8fn05dnitntp8d5qrm1,"",Oakley Youth,,OY8031 FIELD MARSH,SATIN UNIVERSE BLUE,803104,48,14,127,888392647948,,,51.03,153,1,,,t,2025-12-08 06:20:56.82,2025-12-08 06:20:56.82,t,f,999,FRAME
cmiwrj8wh05dpitntsuuvkaos,"",Vision Source,,PL-270 PNK,Pink,,53,18,140,193033719534,,,65,195,1,,,t,2025-12-08 06:20:57.425,2025-12-08 06:20:57.425,t,f,999,FRAME
cmiwrj9b405dritnt0ac3c0gw,"",Costa,,06S9022,Matte Black,,63,16,125,,,,73.33,220,1,,,t,2025-12-08 06:20:57.953,2025-12-08 06:20:57.953,t,f,999,FRAME
cmiwrj9po05dtitntpst3lgqw,"",Costa Del Mar,,06A2004V,MATTE GRAY,200205,53,20,140,,,,73.36,220,1,,,t,2025-12-08 06:20:58.477,2025-12-08 06:20:58.477,t,f,999,FRAME
cmiwrja4q05dvitntwggq6p43,"",Costa,,06S9050,Multicolor,,59,18,145,,,,118,354,1,,,t,2025-12-08 06:20:59.018,2025-12-08 06:20:59.018,t,f,999,FRAME
cmiwrjajc05dxitntq2dnn9in,"",Ray Ban,,RB3675,BROWN,001/31,58,14,135,,,,83.81,251,1,,,t,2025-12-08 06:20:59.544,2025-12-08 06:20:59.544,t,f,999,FRAME
cmiwrjaxy05dzitnt5vukdfcx,"",Tom Ford,,FT5638-B,dark havana,052,50,16,140,889214073129,,,149,400,1,,,t,2025-12-08 06:21:00.07,2025-12-08 06:21:00.07,t,f,999,FRAME
cmiwrjbct05e1itnt3brwpurk,"",Tom Ford,,FT5877-B,shiny black,001,56,15,140,889214415844,,,215,580,1,,,t,2025-12-08 06:21:00.605,2025-12-08 06:21:00.605,t,f,999,FRAME
cmiwrjbri05e3itnt5iumnyej,"",Tom Ford,,FT5977-B,dark havana,052,50,18,145,889214522382,,,165,495,1,,,t,2025-12-08 06:21:01.134,2025-12-08 06:21:01.134,t,f,999,FRAME
cmiwrjc5y05e5itnt1yil4ubk,"",Tom Ford,,FT5696-B,havana/other,056,56,16,145,889214181749,,,158,316,1,,,t,2025-12-08 06:21:01.654,2025-12-08 06:21:01.654,t,f,999,FRAME
cmiwrjckr05e7itnte6sbjymt,"",Tom Ford,,FT5935-B,shiny black,001,54,16,145,889214488411,,,289,777,1,,,t,2025-12-08 06:21:02.188,2025-12-08 06:21:02.188,t,f,999,FRAME
cmiwrjcza05e9itntf8fhn418,"",Tom Ford,,FT5695-B,havana/other,056,49,20,145,889214181619,,,158,425,1,,,t,2025-12-08 06:21:02.71,2025-12-08 06:21:02.71,t,f,999,FRAME
cmiwrjde905ebitntqg6s7v2e,"",BCBG Max Azria,,Brielle,BLACK TORTOISE,,52,16,140,886453678528,,,79.99,240,1,,,t,2025-12-08 06:21:03.249,2025-12-08 06:21:03.249,t,f,999,FRAME
cmiwrjdt105editnt8l20094s,"",Oakley,,OO4124 Gauge 8  FD,Matte Black,0262,62,17,136,,,,140.31,421,1,,,t,2025-12-08 06:21:03.781,2025-12-08 06:21:03.781,t,f,999,FRAME
cmiwrje7x05efitntsqabwtvg,"",Oakley,,OO9483 Exchange Sun  FD,Polished Clear,948303,56,17,136,,,,119.3,358,1,,,t,2025-12-08 06:21:04.317,2025-12-08 06:21:04.317,t,f,999,FRAME
cmiwrjen305ehitntmy4v9pki,"",Oakley,,OO9449 Gibston  FD,Black Ink,944905,61,17,132,,,,75.68,227,1,,,t,2025-12-08 06:21:04.864,2025-12-08 06:21:04.864,t,f,999,FRAME
cmiwrjf1s05ejitntulqvqc5d,"",Ray Ban,,RB2140 Wayfarer  FD,Black,901,54,18,150,,,,89.87,270,0,,,t,2025-12-08 06:21:05.392,2025-12-08 06:21:05.392,t,f,999,FRAME
cmiwrjf9405ekitntozj6p8ht,"",Flexon,,FLEXON H6069,MATTE GUNMETAL,071,57,17,150,883900208925,,,78.5,196,0,,,t,2025-12-08 06:21:05.656,2025-12-08 06:21:05.656,t,f,999,FRAME
cmiwrjfgm05elitnttpopqntu,"",Coach,,HC8391U  FD,Black,500287,53,21,140,,,,71.23,214,0,,,t,2025-12-08 06:21:05.926,2025-12-08 06:21:05.926,t,f,999,FRAME
cmiwrjfnx05emitnt21r6e39k,"",Oakley,,5113  Lizard,Satin Black,511301,54,18,135,,,,94.83,237,0,,,t,2025-12-08 06:21:06.189,2025-12-08 06:21:06.189,t,f,999,FRAME
cmiwrjg9o05epitntk1sejqyz,"",Oakley,,OX5099,Powder Coal,,53,18,135,,,,89.99,270,0,,,t,2025-12-08 06:21:06.973,2025-12-08 06:21:06.973,t,f,999,FRAME
cmiwrjghf05eqitnta7g1a7p5,"",Guess?,,GU2754,shiny black,001,54,14,,889214111852,,,72,216,1,,,t,2025-12-08 06:21:07.251,2025-12-08 06:21:07.251,t,f,999,FRAME
cmiwrjgwm05esitnt88dcdu5h,"",Guess?,,GM50011,shiny turquoise,087,54,16,140,889214520678,,,87,261,0,,,t,2025-12-08 06:21:07.798,2025-12-08 06:21:07.798,t,f,999,FRAME
cmiwrjh3r05etitnt8rfct5lm,"",Guess?,,GU2952,black/other,005,55,16,140,889214424396,,,71,213,0,,,t,2025-12-08 06:21:08.055,2025-12-08 06:21:08.055,t,f,999,FRAME
cmiwrjhbc05euitnttvabow82,"",Guess?,,GU2977,beige/other,059,55,13,140,889214463241,,,60,180,0,,,t,2025-12-08 06:21:08.328,2025-12-08 06:21:08.328,t,f,999,FRAME
cmiwrjhii05evitnthy1fz23x,"",Guess?,,GU2969,shiny rose gold,028,56,14,140,889214440068,,,72,216,2,,,t,2025-12-08 06:21:08.587,2025-12-08 06:21:08.587,t,f,999,FRAME
cmiwrjhx505exitntyr75s4to,"",Guess?,,GU50114,ivory,025,53,17,140,889214494382,,,65,195,0,,,t,2025-12-08 06:21:09.114,2025-12-08 06:21:09.114,t,f,999,FRAME
cmiwrji4i05eyitnth1s0xtmc,"",SuperFlex,,SF-537,BURGUNDY ROSE GOLD,S106,55,17,140,676190367263,,,42.99,129,1,,,t,2025-12-08 06:21:09.379,2025-12-08 06:21:09.379,t,f,999,FRAME
cmiwrjijd05f0itntbzndhoh3,"",SuperFlex,,SF-587,TEAL GOLD,S204,51,17,130,676190466669,,,42.99,129,0,,,t,2025-12-08 06:21:09.913,2025-12-08 06:21:09.913,t,f,999,FRAME
cmiwrjiqn05f1itntv1wn15sk,"",Superflex,,SF-588,TEAL MARBLE,S404,51,17,135,676190469561,,,42.99,129,1,,,t,2025-12-08 06:21:10.175,2025-12-08 06:21:10.175,t,f,999,FRAME
cmiwrjj5605f3itntp4hchjqy,"",Ray-Ban Rx,,RX7140,SHINY BLACK,2000,51,20,150,8053672822564,,,83.88,168,0,,,t,2025-12-08 06:21:10.698,2025-12-08 06:21:10.698,t,f,999,FRAME
cmiwrjjck05f4itnt59vkza40,"",Ray-Ban Rx,,RX5383 MR BURBANK,HAVANA,2012,56,19,150,8056597856973,,,82.92,268,0,,,t,2025-12-08 06:21:10.965,2025-12-08 06:21:10.965,t,f,999,FRAME
cmiwrjjjz05f5itnt86zw8u1j,"",RayBan Sunglass,,ORW4006 Meta Wayfarer  FD,Black,601/71,50,22,150,,,,224.24,673,1,,,t,2025-12-08 06:21:11.231,2025-12-08 06:21:11.231,t,f,999,FRAME
cmiwrjjym05f7itnt8d6umhz2,"",Guess?,,GM0399,shiny black,001,54,16,140,889214456342,,,87,261,1,,,t,2025-12-08 06:21:11.759,2025-12-08 06:21:11.759,t,f,999,FRAME
cmiwrjkew05f9itnt4biyfyco,"",Oakley Frame,,OX5019 SOCKET TI,SATIN GRENACHE,501905,56,17,140,888392647269,,,118.65,356,1,,,t,2025-12-08 06:21:12.293,2025-12-08 06:21:12.293,t,f,999,FRAME
cmiwrjktr05fbitntupiuegdz,"",Superflex,,SF-623,DUSTY ROSE GOLD,S209,53,16,135,676190659085,,,42.99,129,1,,,t,2025-12-08 06:21:12.88,2025-12-08 06:21:12.88,t,f,999,FRAME
cmiwrjl8x05fditntyvp1fxb3,"",Nine West,,NW5160,(305) SAGE TORTOISE/MINT,305,52,15,135,886895392785,,,59,177,1,,,t,2025-12-08 06:21:13.425,2025-12-08 06:21:13.425,t,f,999,FRAME
cmiwrjlnr05ffitntxx5a8fyg,"",COACH,,HC6224U,TRANSPARENT ROSE / BLUSH,5782,53,17,145,725125400657,,,76.37,229,0,,,t,2025-12-08 06:21:13.959,2025-12-08 06:21:13.959,t,f,999,FRAME
cmiwrjlvd05fgitnteiwvidf1,"",COACH,,HC6224U,BLACK / TRANSPARENT BLUS,5781,53,17,145,725125400633,,,76.37,229,1,,,t,2025-12-08 06:21:14.234,2025-12-08 06:21:14.234,t,f,999,FRAME
cmiwrjma205fiitnt7tnv9f8w,"",COACH,,HC6065,Confetti Light Brown,5287,49,17,135,725125932202,,,88.94,267,0,,,t,2025-12-08 06:21:14.762,2025-12-08 06:21:14.762,t,f,999,FRAME
cmiwrjmhm05fjitntrgfc94rh,"",COACH,,HC5138,BRUSHED ROSE GOLD,9406,55,17,140,725125376846,,,81.2,244,0,,,t,2025-12-08 06:21:15.034,2025-12-08 06:21:15.034,t,f,999,FRAME
cmiwrjmos05fkitnte4b1h40z,"",COACH,,HC6040 BROOKLYN,BLACK / CRYSTAL CLEAR,5728,52,16,135,725125401623,,,81.2,244,1,,,t,2025-12-08 06:21:15.292,2025-12-08 06:21:15.292,t,f,999,FRAME
cmiwrjn3l05fmitnt6uq1hmam,"",Victoria's Secret,,VS5013,dark havana,052,54,16,135,889214151568,,,70,180,1,,,t,2025-12-08 06:21:15.826,2025-12-08 06:21:15.826,t,f,999,FRAME
cmiwrjnih05foitntzdzuy8vs,"",COACH,,HC6176,ROSE TORTOISE GRADIENT,5650,53,17,140,725125371421,,,73.48,220,0,,,t,2025-12-08 06:21:16.361,2025-12-08 06:21:16.361,t,f,999,FRAME
cmiwrjnps05fpitntp58i7822,"",COACH,,HC6185,CRYSTAL,5111,54,16,140,725125376464,,,73.48,220,1,,,t,2025-12-08 06:21:16.625,2025-12-08 06:21:16.625,t,f,999,FRAME
cmiwrjo4b05fritntb6cqphl6,"",COACH,,HC6065,Dk Tort/Dk Tort Military,5291,51,17,135,725125932172,,,88.94,267,1,,,t,2025-12-08 06:21:17.147,2025-12-08 06:21:17.147,t,f,999,FRAME
cmiwrjoit05ftitntu420v2pn,"",Oakley Frame,,OY8001,Satin Black,800101,50,15,128,888392266316,,,40,120,1,,,t,2025-12-08 06:21:17.669,2025-12-08 06:21:17.669,t,f,999,FRAME
cmiwrjoxd05fvitntloa3z3xx,"",KLiiK:denmark,,K-726,TEAL ORCHID,S204,47,15,135,676190651386,,,89.99,270,1,,,t,2025-12-08 06:21:18.194,2025-12-08 06:21:18.194,t,f,999,FRAME
cmiwrjpc205fxitntton9ee31,"",Bebe,,BB5170,BLUE CRYSTAL,400,53,16,135,788678158611,,,80,129.99,1,,,t,2025-12-08 06:21:18.723,2025-12-08 06:21:18.723,t,f,999,FRAME
cmiwrjpqw05fzitntrg8we7rf,"",Oakley,,OO9238 Fives Squared  FD,Matte Black,92383,54,20,133,,,,59.71,179,1,,,t,2025-12-08 06:21:19.256,2025-12-08 06:21:19.256,t,f,999,FRAME
cmiwrjq5405g1itnt2gswuc89,"",Oakley,,OO9431 Lateralis  FD,Beige,943105,60,19,126,,,,92.51,278,1,,,t,2025-12-08 06:21:19.769,2025-12-08 06:21:19.769,t,f,999,FRAME
cmiwrjqje05g3itntg1dopy1k,"",Oakley Frame,,OX5153 METAL PLATE TI,SATIN BLACK,515301,54,18,138,888392575012,,,118.65,356,0,,,t,2025-12-08 06:21:20.282,2025-12-08 06:21:20.282,t,f,999,FRAME
cmiwrjqqm05g4itntpl1fm86v,"",Oakley,,OO9448 Sylas  FD,Crystal,944804,55,17,140,,,,85.68,257,0,,,t,2025-12-08 06:21:20.542,2025-12-08 06:21:20.542,t,f,999,FRAME
cmiwrjqxz05g5itnto5pifn7x,"",Ray-Ban,,RB4202,Matte Brown,607313,55,17,145,,,,0,0,1,,,t,2025-12-08 06:21:20.808,2025-12-08 06:21:20.808,t,f,999,FRAME
cmiwrjrcp05g7itntdfdl4ci9,"",Cole Haan,,CH4043,SMOKE HORN,036,53,17,140,788678578181,,,93,168,0,,,t,2025-12-08 06:21:21.338,2025-12-08 06:21:21.338,t,f,999,FRAME
cmiwrjrju05g8itntwog8jhur,"",Ralph,,RA7170U,SHINY TRANSPARENT BURGUN,6210,55,17,145,8056262228371,,,55.53,167,1,,,t,2025-12-08 06:21:21.595,2025-12-08 06:21:21.595,t,f,999,FRAME
cmiwrjryj05gaitntxbcajymr,"",Ralph Lauren,,RA5324,Navy,,56,18,145,,,,45.12,135,1,,,t,2025-12-08 06:21:22.124,2025-12-08 06:21:22.124,t,f,999,FRAME
cmiwrjsd505gcitntvngfxfay,"",Ralph Lauren,,RA5326,Brown Mil,,55,17,145,,,,45.12,135,1,,,t,2025-12-08 06:21:22.649,2025-12-08 06:21:22.649,t,f,999,FRAME
cmiwrjsro05geitntyln3w1ha,"",6A,,6A3015 BRD 310,BLACK,301501,57,17,145,8056597800020,,,83.84,240,3,,,t,2025-12-08 06:21:23.173,2025-12-08 06:21:23.173,t,f,999,FRAME
cmiwrjt6m05ggitntkzoz7oo7,"",Flexon,,FLEXON 609,(200) SHINY BROWN,200,48,19,135,,,,69,207,0,,,t,2025-12-08 06:21:23.71,2025-12-08 06:21:23.71,t,f,999,FRAME
cmiwrjtdt05ghitntdxf3fja9,"",Swarovski,,SK5398,shiny rose gold,028,53,16,140,889214206312,,,83,249,1,,,t,2025-12-08 06:21:23.97,2025-12-08 06:21:23.97,t,f,999,FRAME
cmiwrjtsb05gjitnt3qlr6y2x,"",Vision Source,,PL-158,Tortoise,,59,18,145,193033692769,,,65,134,0,,,t,2025-12-08 06:21:24.491,2025-12-08 06:21:24.491,t,f,999,FRAME
cmiwrjtzj05gkitntc12ilqxr,"",Ray-Ban Youth,,RY1636,STRIPED GREEN ON TRANSP,3990,48,17,130,8056262246924,,,41.8,125,1,,,t,2025-12-08 06:21:24.751,2025-12-08 06:21:24.751,t,f,999,FRAME
cmiwrjuea05gmitnthm2xcd80,"",Coach,,HC8423U CAD80  FD,Grey/Mint Gradient,58902C,56,16,135,,,,85.91,258,2,,,t,2025-12-08 06:21:25.282,2025-12-08 06:21:25.282,t,f,999,FRAME
cmiwrjusg05goitntqqmk5zj7,"",COACH,,HC6267D,TRANSPARENT KHAKI,5887,54,16,145,725125529532,,,73.48,220,1,,,t,2025-12-08 06:21:25.793,2025-12-08 06:21:25.793,t,f,999,FRAME
cmiwrjv7a05gqitntq43e13ld,"",Coach,,HC8430D CAE87  FD,Milky White,588513,56,18,145,,,,71.23,214,1,,,t,2025-12-08 06:21:26.326,2025-12-08 06:21:26.326,t,f,999,FRAME
cmiwrjvm005gsitntn4awx2qz,"",COACH,,HC5185,SHINY SILVER,9001,52,18,140,725125528917,,,76.37,229,1,,,t,2025-12-08 06:21:26.856,2025-12-08 06:21:26.856,t,f,999,FRAME
cmiwrjw2305guitnt8byhjwmt,"",COACH,,HC5185,SHINY LIGHT GOLD,9005,52,18,140,725125528931,,,76.37,229,1,,,t,2025-12-08 06:21:27.386,2025-12-08 06:21:27.386,t,f,999,FRAME
cmiwrjwgs05gwitntlkx0umkp,"",COACH,,HC5184,SHINY LIGHT GOLD / CLEAR,9430,54,17,140,725125528900,,,88.94,267,1,,,t,2025-12-08 06:21:27.964,2025-12-08 06:21:27.964,t,f,999,FRAME
cmiwrjwv905gyitntrgurpbfo,"",Coach,,HC8418U CAD18  FD,Milky Pink,589646,53,20,140,,,,71.23,214,1,,,t,2025-12-08 06:21:28.485,2025-12-08 06:21:28.485,t,f,999,FRAME
cmiwrjx9y05h0itnt1r1xu81s,"",COACH,,HC6265U,TRANSPARENT GREY,5878,52,18,145,725125529402,,,81.2,244,1,,,t,2025-12-08 06:21:29.014,2025-12-08 06:21:29.014,t,f,999,FRAME
cmiwrjxoc05h2itnt0l96ybnw,"",COACH,,HC6261BU,BLACK,5002,52,19,145,725125528092,,,88.94,267,1,,,t,2025-12-08 06:21:29.532,2025-12-08 06:21:29.532,t,f,999,FRAME
cmiwrjy3505h4itntc4a5dlih,"",COACH,,HC5191TD,SHINY LIGHT GOLD,9005,53,18,145,725125529877,,,88.94,267,0,,,t,2025-12-08 06:21:30.066,2025-12-08 06:21:30.066,t,f,999,FRAME
cmiwrjyal05h5itnt2ame1r4j,"",Coach,,HC8424U CAD54  FD,Pearlized Blue Watercolor,58664M,54,18,140,,,,85.91,258,0,,,t,2025-12-08 06:21:30.333,2025-12-08 06:21:30.333,t,f,999,FRAME
cmiwrjyhw05h6itnt3a8ege1b,"",COACH,,HC6197U,DARK TORTOISE,5120,53,18,140,725125386838,,,76.37,229,1,,,t,2025-12-08 06:21:30.597,2025-12-08 06:21:30.597,t,f,999,FRAME
cmiwrjywr05h8itnt38g59awn,"",COACH,,HC6146U,TRANSPARENT BROWN,5561,53,16,140,725125068048,,,76.37,229,2,,,t,2025-12-08 06:21:31.132,2025-12-08 06:21:31.132,t,f,999,FRAME
cmiwrjzbg05haitntcnkbvu78,"",COACH,,HC5138,SATIN SAND,9414,55,17,140,725125530163,,,81.2,244,1,,,t,2025-12-08 06:21:31.661,2025-12-08 06:21:31.661,t,f,999,FRAME
cmiwrjzqa05hcitntdc3eph0d,"",COACH,,HC5190TD,ANTIQUE GOLD,9333,51,19,145,725125529846,,,88.94,267,1,,,t,2025-12-08 06:21:32.195,2025-12-08 06:21:32.195,t,f,999,FRAME
cmiwrk05905heitnt4tsql0k2,"",COACH,,HC6256U,MILKY SEAGLASS,5865,53,16,140,725125527941,,,73.48,220,1,,,t,2025-12-08 06:21:32.733,2025-12-08 06:21:32.733,t,f,999,FRAME
cmiwrk0jv05hgitnt4e261im5,"",COACH,,HC6065,Confetti Purple,5288,49,17,135,725125932226,,,88.94,267,0,,,t,2025-12-08 06:21:33.26,2025-12-08 06:21:33.26,t,f,999,FRAME
cmiwrk0rc05hhitnt0pdhwlhj,"",COACH,,HC6259U,BROWN WATERCOLOR,5868,51,19,140,725125527873,,,81.2,244,1,,,t,2025-12-08 06:21:33.528,2025-12-08 06:21:33.528,t,f,999,FRAME
cmiwrk16w05hjitntdxy95mn3,"",COACH,,HC6065,PURPLE CONFETTI TORTOISE,5288,53,17,140,725125465601,,,88.94,267,1,,,t,2025-12-08 06:21:34.088,2025-12-08 06:21:34.088,t,f,999,FRAME
cmiwrk1lm05hlitnta012wwx3,"",COACH,,HC6260U,PEACH TORTOISE,5590,54,17,145,725125528061,,,76.37,229,0,,,t,2025-12-08 06:21:34.619,2025-12-08 06:21:34.619,t,f,999,FRAME
cmiwrk1t705hmitntd3yy8wvv,"",Ralph,,RA7174U,SHINY ROSE HAVANA,5575,55,17,145,8056262227992,,,55.53,167,1,,,t,2025-12-08 06:21:34.891,2025-12-08 06:21:34.891,t,f,999,FRAME
cmiwrk27u05hoitnt618qxx6r,"",COACH,,HC6196U,TRANSPARENT RED,5713,52,16,140,725125386784,,,73.48,220,0,,,t,2025-12-08 06:21:35.418,2025-12-08 06:21:35.418,t,f,999,FRAME
cmiwrk2fc05hpitntekey9qxy,"",Ray Ban,,RB3735 Bain Bridge  FD,Gold,,60,17,145,,,,89.87,235,0,,,t,2025-12-08 06:21:35.688,2025-12-08 06:21:35.688,t,f,999,FRAME
cmiwrk2ms05hqitntojzst1f1,"",Polo,,PH2288,SHINY BLACK,5001,51,20,145,8056262396100,,,76.41,229,1,,,t,2025-12-08 06:21:35.956,2025-12-08 06:21:35.956,t,f,999,FRAME
cmiwrk31i05hsitntglli23y9,"",Polo,,PH2290U,SHINY HAVANA,5974,54,17,145,8056262396995,,,71.22,214,2,,,t,2025-12-08 06:21:36.486,2025-12-08 06:21:36.486,t,f,999,FRAME
cmiwrk3g405huitntxeb2oxjj,"",Polo,,PH2123,SHINY BLACK,5001,56,17,145,8053672818352,,,79.02,237,1,,,t,2025-12-08 06:21:37.012,2025-12-08 06:21:37.012,t,f,999,FRAME
cmiwrk3ur05hwitntawidmz9d,"",Polo,,PH2237U,SHINY BLACK,5523,55,16,145,8056597534468,,,65.5,197,1,,,t,2025-12-08 06:21:37.539,2025-12-08 06:21:37.539,t,f,999,FRAME
cmiwrk49n05hyitnt1eiy4tqt,"",Affordable Designs,,Gloria,Pink,,56,16,140,407797021391,,,79.95,150,1,,,t,2025-12-08 06:21:38.075,2025-12-08 06:21:38.075,t,f,999,FRAME
cmiwrk4oe05i0itntc0fnzs9d,"",Affordable Designs,,Heather,Brown Fade,,53,17,145,,,,79.95,120,1,,,t,2025-12-08 06:21:38.606,2025-12-08 06:21:38.606,t,f,999,FRAME
cmiwrk52x05i2itntoxmd0lf6,"",Affordable Designs,,Kent,Black,,52,19,145,810040600364,,,79.95,160,1,,,t,2025-12-08 06:21:39.129,2025-12-08 06:21:39.129,t,f,999,FRAME
cmiwrk5ha05i4itnt2np6ioqf,"",Affordable Designs,,Juniper,Peach,,52,18,140,810040605017,,,69.95,150,1,,,t,2025-12-08 06:21:39.647,2025-12-08 06:21:39.647,t,f,999,FRAME
cmiwrk5vu05i6itnt7i9ealfn,"",Affordable Designs,,Juniper,Pink,,52,18,140,810040605000,,,69.95,150,1,,,t,2025-12-08 06:21:40.171,2025-12-08 06:21:40.171,t,f,999,FRAME
cmiwrk6ag05i8itnt1wf6cq8q,"",Affordable Designs,,Carmine,Black,,55,17,145,810146780038,,,79.95,160,0,,,t,2025-12-08 06:21:40.696,2025-12-08 06:21:40.696,t,f,999,FRAME
cmiwrk6hm05i9itntw53poloa,"",Affordable Designs,,Carmine,Blue,,55,17,145,810146780052,,,79.95,160,1,,,t,2025-12-08 06:21:40.955,2025-12-08 06:21:40.955,t,f,999,FRAME
cmiwrk6ww05ibitntqjws9gr7,"",Affordable Designs,,Carmine,Brown,,55,17,145,810146780045,,,79.95,160,1,,,t,2025-12-08 06:21:41.505,2025-12-08 06:21:41.505,t,f,999,FRAME
cmiwrk7bf05iditntd16xgtva,"",Affordable Designs,,Cher,Black,,52,17,140,812539039884,,,79.95,187,1,,,t,2025-12-08 06:21:42.028,2025-12-08 06:21:42.028,t,f,999,FRAME
cmiwrk7r905ifitnt1onqjvbl,"",Affordable Designs,,Cher,Crystal,,52,17,140,812539039907,,,79.95,187,1,,,t,2025-12-08 06:21:42.546,2025-12-08 06:21:42.546,t,f,999,FRAME
cmiwrk85z05ihitntojvg893f,"",Affordable Designs,,Cher,Violet,,52,17,140,812539039891,,,79.95,187,1,,,t,2025-12-08 06:21:43.128,2025-12-08 06:21:43.128,t,f,999,FRAME
cmiwrk8l905ijitntn7nqfgt0,"",Affordable Designs,,Dani,Brown wood,,54,16,140,810040600135,,,79.95,0,1,,,t,2025-12-08 06:21:43.678,2025-12-08 06:21:43.678,t,f,999,FRAME
cmiwrk90h05ilitntjw68eqbp,"",Affordable Designs,,Darcey,Black/Pink,,52,20,145,407797020820,,,79.95,150,1,,,t,2025-12-08 06:21:44.226,2025-12-08 06:21:44.226,t,f,999,FRAME
cmiwrk9fz05initntemwyt1dz,"",Affordable Designs,,Darcey,Blue/Green,,52,20,145,407797020806,,,79.95,150,1,,,t,2025-12-08 06:21:44.783,2025-12-08 06:21:44.783,t,f,999,FRAME
cmiwrk9v705ipitnt2bzrbrsd,"",Affordable Designs,,Darcey,Tortoise,,52,20,145,810040604867,,,79.95,150,1,,,t,2025-12-08 06:21:45.332,2025-12-08 06:21:45.332,t,f,999,FRAME
cmiwrka9z05iritntkd7fh14f,"",Affordable Designs,,Dwayne,Black,,54,20,145,810146782377,,,79.95,0,1,,,t,2025-12-08 06:21:45.863,2025-12-08 06:21:45.863,t,f,999,FRAME
cmiwrkaow05ititntn7tnwyrg,"",Affordable Designs,,Dwayne,Brown,,54,20,145,810146782384,,,79.95,0,1,,,t,2025-12-08 06:21:46.401,2025-12-08 06:21:46.401,t,f,999,FRAME
cmiwrkb4205ivitnt7ryg8id6,"",Affordable Designs,,Dwayne,Grey,,54,20,145,810146782360,,,79.95,0,1,,,t,2025-12-08 06:21:46.946,2025-12-08 06:21:46.946,t,f,999,FRAME
cmiwrkbiv05ixitntykvl6fbh,"",Affordable Designs,,Monty,Tortoise,,58,18,150,,,,79.95,160,1,,,t,2025-12-08 06:21:47.479,2025-12-08 06:21:47.479,t,f,999,FRAME
cmiwrkby905izitntksdh293x,"",Affordable Designs,,Farah,Brown,,55,16,145,407797021940,,,79.95,0,1,,,t,2025-12-08 06:21:48.034,2025-12-08 06:21:48.034,t,f,999,FRAME
cmiwrkcd305j1itntekwb8y7w,"",Affordable Designs,,Farah,Gold,,55,16,145,407797021957,,,79.95,0,1,,,t,2025-12-08 06:21:48.568,2025-12-08 06:21:48.568,t,f,999,FRAME
cmiwrkcrz05j3itntzqmz4bwk,"",Affordable Designs,,Farah,Silver,,55,16,145,407797021964,,,79.95,0,1,,,t,2025-12-08 06:21:49.103,2025-12-08 06:21:49.103,t,f,999,FRAME
cmiwrkd6q05j5itnt4admzc4a,"",Affordable Designs,,Fischer,Black,,57,18,145,810146781349,,,79.95,187,1,,,t,2025-12-08 06:21:49.634,2025-12-08 06:21:49.634,t,f,999,FRAME
cmiwrkdma05j7itntvc8jccyo,"",Affordable Designs,,Fischer,Gold,,57,18,145,810146781356,,,79.95,187,2,,,t,2025-12-08 06:21:50.194,2025-12-08 06:21:50.194,t,f,999,FRAME
cmiwrke1905j9itnt89b0kwis,"",Affordable Designs,,Finn,Brown Fade,,56,18,150,,,,79.95,0,1,,,t,2025-12-08 06:21:50.733,2025-12-08 06:21:50.733,t,f,999,FRAME
cmiwrkeg905jbitnt6vj3hdvd,"",Affordable Designs,,Liam,Tortoise Matte,,55,15,145,,,,79.95,0,1,,,t,2025-12-08 06:21:51.274,2025-12-08 06:21:51.274,t,f,999,FRAME
cmiwrkev005jditntqong6qqc,"",Affordable Designs,,Malcolm,Gold Tortoise,,52,21,145,812539038740,,,79.95,0,1,,,t,2025-12-08 06:21:51.804,2025-12-08 06:21:51.804,t,f,999,FRAME
cmiwrkf9f05jfitntsdpsloo3,"",Affordable Designs,,Woodstock,Matt Black,,54,22,145,810040600302,,,79.95,160,1,,,t,2025-12-08 06:21:52.323,2025-12-08 06:21:52.323,t,f,999,FRAME
cmiwrkfof05jhitnty2iaj982,"",Affordable Designs,,Wyoming,Black,,53,18,145,810146781325,,,79.95,0,1,,,t,2025-12-08 06:21:52.863,2025-12-08 06:21:52.863,t,f,999,FRAME
cmiwrkg3q05jjitnt719zl0vv,"",Affordable Designs,,Wyoming,Brown,,53,18,145,810146781318,,,79.95,0,1,,,t,2025-12-08 06:21:53.415,2025-12-08 06:21:53.415,t,f,999,FRAME
cmiwrkgi705jlitnti0p5v8m9,"",Affordable Designs,,Wyoming,Burgundy,,53,18,145,810146781332,,,79.95,0,1,,,t,2025-12-08 06:21:53.936,2025-12-08 06:21:53.936,t,f,999,FRAME
cmiwrkgxg05jnitntq84217xj,"",Affordable Designs,,Yvonne,Black,,53,15,140,407797022176,,,79.95,149,1,,,t,2025-12-08 06:21:54.484,2025-12-08 06:21:54.484,t,f,999,FRAME
cmiwrkhcf05jpitnt6ygbtjg0,"",Affordable Designs,,Zachary,Blue,,56,18,145,407797022138,,,79.95,0,1,,,t,2025-12-08 06:21:55.023,2025-12-08 06:21:55.023,t,f,999,FRAME
cmiwrkhr105jritnt4pvu6w8d,"",Affordable Designs,,Kia,Black,,52,17,140,,,,75.95,0,0,,,t,2025-12-08 06:21:55.55,2025-12-08 06:21:55.55,t,f,999,FRAME
cmiwrkhy905jsitntzhvq5agc,"",Affordable Designs,,Laney,Brown,,56,17,145,810040608032,,,79.95,0,1,,,t,2025-12-08 06:21:55.809,2025-12-08 06:21:55.809,t,f,999,FRAME
cmiwrkicu05juitnts5ugc7kd,"",Affordable Designs,,Laney,Burgundy,,56,17,145,810040608049,,,79.95,0,1,,,t,2025-12-08 06:21:56.335,2025-12-08 06:21:56.335,t,f,999,FRAME
cmiwrkiro05jwitntvfs982nd,"",Affordable Designs,,Laney,Violet,,56,17,145,810040608056,,,79.95,0,1,,,t,2025-12-08 06:21:56.868,2025-12-08 06:21:56.868,t,f,999,FRAME
cmiwrkj6h05jyitnt89mj8mq1,"",Affordable Designs,,Penny,Brown,,55,17,145,407797020844,,,79.95,150,0,,,t,2025-12-08 06:21:57.402,2025-12-08 06:21:57.402,t,f,999,FRAME
cmiwrkjf305jzitntuc43uakf,"",Affordable Designs,,Shelli,Crystal Grey,,54,17,140,810040600234,,,79.95,160,1,,,t,2025-12-08 06:21:57.66,2025-12-08 06:21:57.66,t,f,999,FRAME
cmiwrkjts05k1itntp1tanb7f,"",Affordable Designs,,Silvio,Brown,,54,16,140,407797021476,,,79.95,129,1,,,t,2025-12-08 06:21:58.24,2025-12-08 06:21:58.24,t,f,999,FRAME
cmiwrkk9905k3itntgu86z58m,"",Ralph,,RA6062,SHINY LIGHT BLUE,9480,53,16,145,8056262458976,,,72.36,217,0,,,t,2025-12-08 06:21:58.797,2025-12-08 06:21:58.797,t,f,999,FRAME
cmiwrkkgm05k4itntik1s49ys,"",Ralph,,RA7179U,PINK HAVANA,6058,55,16,145,8056262460238,,,61.7,185,1,,,t,2025-12-08 06:21:59.062,2025-12-08 06:21:59.062,t,f,999,FRAME
cmiwrkkv005k6itntjlldtfzm,"",6A,,6A3005 BRD 330,MATTE BLACK,300501,57,16,145,8056597592734,,,88.93,267,1,,,t,2025-12-08 06:21:59.58,2025-12-08 06:21:59.58,t,f,999,FRAME
cmiwrkl9f05k8itnt1eaj77vy,"",6A,,6A8021 OCR 700,MATTE ALGAE GREEN,802104,53,14,140,8056262165973,,,73.36,220,2,,,t,2025-12-08 06:22:00.099,2025-12-08 06:22:00.099,t,f,999,FRAME
cmiwrklod05kaitntfg7yktqe,"",6A,,6A8012 PCR 400,ALGAE GREEN,801203,53,16,145,8056262140321,,,74.86,225,0,,,t,2025-12-08 06:22:00.638,2025-12-08 06:22:00.638,t,f,999,FRAME
cmiwrklvs05kbitnt43ht9bf9,"",Costa Sunglasses,,06S9124,Black,,57,17,138,,,,94.66,284,1,,,t,2025-12-08 06:22:00.905,2025-12-08 06:22:00.905,t,f,999,FRAME
cmiwrkmai05kditnt2tggcd9a,"",Costa Del Mar,,06S9009 Tuna Alley FD,Tourtise,,62,11,125,,,,116.5,350,1,,,t,2025-12-08 06:22:01.434,2025-12-08 06:22:01.434,t,f,999,FRAME
cmiwrkmp005kfitntrbnfryr7,"",Costa Del Mar Sun,,Fernandina,White Gold,,57,15,132,,,,78.85,237,1,,,t,2025-12-08 06:22:01.957,2025-12-08 06:22:01.957,t,f,999,FRAME
cmiwrkn3h05khitnth0j0horr,"",Costa Del Mar,,06S9118 Finlet  FD,Green,,59,19,125,,,,124,372,1,,,t,2025-12-08 06:22:02.477,2025-12-08 06:22:02.477,t,f,999,FRAME
cmiwrknhz05kjitntm802kiq6,"",6A,,6A8012 PCR 400,BLACK,801201,55,16,145,8056597811149,,,74.86,225,2,,,t,2025-12-08 06:22:03,2025-12-08 06:22:03,t,f,999,FRAME
cmiwrknwl05klitntvcz39bx0,"",Costa Del Mar,,06S9114 Seadrift FD,shiny tortoise,,58,15,123,,,,83.21,250,1,,,t,2025-12-08 06:22:03.525,2025-12-08 06:22:03.525,t,f,999,FRAME
cmiwrkob805knitntnwwys3za,"",Costa Del Mar RX,,06S2011,Tortoise,,57,15,145,,,,85,255,1,,,t,2025-12-08 06:22:04.053,2025-12-08 06:22:04.053,t,f,999,FRAME
cmiwrkopw05kpitnt7wajqxw1,"",Costa Del Mar RX,,06S2011,Vapor Mist,,55,15,145,,,,85,255,1,,,t,2025-12-08 06:22:04.58,2025-12-08 06:22:04.58,t,f,999,FRAME
cmiwrkp4q05kritnt97ko8blx,"",Affordable Designs,,Moira,Brown,,53,17,140,810040605093,,,69.95,0,1,,,t,2025-12-08 06:22:05.114,2025-12-08 06:22:05.114,t,f,999,FRAME
cmiwrkpj205ktitntx259zrbp,"",Harley-Davidson,,HD0949,matte dark nickeltin,007,56,16,145,889214400512,,,77,231,0,,,t,2025-12-08 06:22:05.63,2025-12-08 06:22:05.63,t,f,999,FRAME
cmiwrkpq505kuitntzkto5r27,"",Scott Harris,,Scott Harris 832,Graphite / Turquoise,3,53,16,140,738921565796,,,80.95,240,0,,,t,2025-12-08 06:22:05.885,2025-12-08 06:22:05.885,t,f,999,FRAME
cmiwrkpxe05kvitntgkbyx14u,"",COACH,,HC6261BU,MILKY EGGPLANT,5522,50,19,140,725125528184,,,88.94,267,0,,,t,2025-12-08 06:22:06.147,2025-12-08 06:22:06.147,t,f,999,FRAME
cmiwrkq4w05kwitnttnupvcph,"",Oakley,,OO9102 Holbrook  FD,Matte Black,D655,57,18,137,,,,83.28,250,0,,,t,2025-12-08 06:22:06.416,2025-12-08 06:22:06.416,t,f,999,FRAME
cmiwrkqcg05kxitntnbkte3j1,"",Line Art,,XL 2173,Rose,RO,51,17,135,888989327567,,,169.99,255,0,,,t,2025-12-08 06:22:06.688,2025-12-08 06:22:06.688,t,f,999,FRAME
cmiwrkqjv05kyitntv9fb2trw,"",Affordable Designs,,Marge,Rose,,53,18,138,,,,79.95,159,1,,,t,2025-12-08 06:22:06.956,2025-12-08 06:22:06.956,t,f,999,FRAME
cmiwrkqyf05l0itntfhwl7d4a,"",Affordable Designs,,Brooks,Black,,54,17,140,812539039853,,,79.95,130,1,,,t,2025-12-08 06:22:07.48,2025-12-08 06:22:07.48,t,f,999,FRAME
cmiwrkrdq05l2itntusjyja29,"",Affordable Designs,,Brooks,Blue,,54,17,140,812539039860,,,79.95,130,1,,,t,2025-12-08 06:22:08.03,2025-12-08 06:22:08.03,t,f,999,FRAME
cmiwrkrsl05l4itnt0wqv92ll,"",Affordable Designs,,Brooks,Grey,,54,17,140,812539039877,,,79.95,130,1,,,t,2025-12-08 06:22:08.565,2025-12-08 06:22:08.565,t,f,999,FRAME
cmiwrks7f05l6itntvbczzk8x,"",Affordable Designs,,Misty,Black,,50,18,145,,,,0,150,1,,,t,2025-12-08 06:22:09.099,2025-12-08 06:22:09.099,t,f,999,FRAME
cmiwrksn305l8itnttgbzjjax,"",Affordable Designs,,Misty,Burgundy,,50,18,145,,,,0,150,1,,,t,2025-12-08 06:22:09.664,2025-12-08 06:22:09.664,t,f,999,FRAME
cmiwrkt2e05laitntjghe8ow6,"",Affordable Designs,,Misty,Pinegreen,,50,18,145,,,,0,150,0,,,t,2025-12-08 06:22:10.215,2025-12-08 06:22:10.215,t,f,999,FRAME
cmiwrkt9v05lbitntel1yuvnn,"",Affordable Designs,,Rina,Brown,,55,18,140,810146780274,,,79.95,180,1,,,t,2025-12-08 06:22:10.483,2025-12-08 06:22:10.483,t,f,999,FRAME
cmiwrktov05lditnt3zwam260,"",Affordable Designs,,Rina,Grey,,55,18,140,810146780281,,,79.95,180,1,,,t,2025-12-08 06:22:11.023,2025-12-08 06:22:11.023,t,f,999,FRAME
cmiwrku3c05lfitntb9b9yqyn,"",Affordable Designs,,Rina,Violet,,55,18,140,810146780298,,,79.95,180,1,,,t,2025-12-08 06:22:11.544,2025-12-08 06:22:11.544,t,f,999,FRAME
cmiwrkuhr05lhitnt0w68fcu9,"",Affordable Designs,,Tate,Black,,52,18,140,,,,79.95,120,1,,,t,2025-12-08 06:22:12.063,2025-12-08 06:22:12.063,t,f,999,FRAME
cmiwrkuwi05ljitnterlmqn8a,"",Affordable Designs,,Tate,Blue,,52,18,140,,,,79.95,120,1,,,t,2025-12-08 06:22:12.595,2025-12-08 06:22:12.595,t,f,999,FRAME
cmiwrkvcd05llitnt8a3k8634,"",Affordable Designs,,Tate,Brown,,52,18,140,,,,79.95,120,1,,,t,2025-12-08 06:22:13.165,2025-12-08 06:22:13.165,t,f,999,FRAME
cmiwrkvqz05lnitnt74acsb51,"",Affordable Designs,,Wade,Crystal,,56,17,145,,,,79.95,0,1,,,t,2025-12-08 06:22:13.691,2025-12-08 06:22:13.691,t,f,999,FRAME
cmiwrkw5o05lpitnt6416c5pu,"",Affordable Designs,,Wade,Grey,,56,17,145,,,,79.95,0,1,,,t,2025-12-08 06:22:14.221,2025-12-08 06:22:14.221,t,f,999,FRAME
cmiwrkwkc05lritntbs9z0e5w,"",Affordable Designs,,Wade,Navy,,56,17,145,,,,79.95,0,1,,,t,2025-12-08 06:22:14.748,2025-12-08 06:22:14.748,t,f,999,FRAME
cmiwrkwz205ltitntnbkox5hl,"",Affordable Designs,,Marvin,Black,,53,21,150,810146782353,,,79.95,0,1,,,t,2025-12-08 06:22:15.278,2025-12-08 06:22:15.278,t,f,999,FRAME
cmiwrkxe105lvitntu0lzobmq,"",Affordable Designs,,Marvin,Brown,,53,21,150,810146782346,,,79.95,0,1,,,t,2025-12-08 06:22:15.817,2025-12-08 06:22:15.817,t,f,999,FRAME
cmiwrkxsf05lxitntzmb1czeo,"",Affordable Designs,,Marvin,Grey,,53,21,150,810146782339,,,79.95,0,1,,,t,2025-12-08 06:22:16.336,2025-12-08 06:22:16.336,t,f,999,FRAME
cmiwrky8205lzitntrzk5k9y3,"",Michael Kors,,MK4104U PERTH,BLACK,3005,53,18,140,725125395519,,,64.84,195,1,,,t,2025-12-08 06:22:16.898,2025-12-08 06:22:16.898,t,f,999,FRAME
cmiwrkymv05m1itntxz96hymm,"",Michael Kors,,MK4151U WINDHAM,GREY DENIM,4009,53,16,140,725125533041,,,58.27,175,1,,,t,2025-12-08 06:22:17.431,2025-12-08 06:22:17.431,t,f,999,FRAME
cmiwrkz2j05m3itntlurghkt3,"",Michael Kors,,MK4151U WINDHAM,BLACK/AMBER TORTOISE,3950,51,16,140,725125533003,,,58.27,175,1,,,t,2025-12-08 06:22:17.996,2025-12-08 06:22:17.996,t,f,999,FRAME
cmiwrkzhn05m5itntvhdl5360,"",Michael Kors,,MK4150U KINGSTON,BLACK/AMBER TORTOISE,3950,54,17,140,725125532662,,,58.27,175,1,,,t,2025-12-08 06:22:18.54,2025-12-08 06:22:18.54,t,f,999,FRAME
cmiwrkzxa05m7itnt9kjc6rfj,"",Tory Burch,,TY2148U,DARK TORTOISE,1964,52,18,145,725125534284,,,86.28,259,1,,,t,2025-12-08 06:22:19.102,2025-12-08 06:22:19.102,t,f,999,FRAME
cmiwrl0br05m9itnt5z6cqcmt,"",Tory Burch,,TY1092,CLEAR,1979,51,20,140,725125530682,,,90.48,271,1,,,t,2025-12-08 06:22:19.623,2025-12-08 06:22:19.623,t,f,999,FRAME
cmiwrl0qh05mbitntqo4b79rb,"",Michael Kors,,MK3094 CULVER CITY,MATTE GUNMETAL,1002,56,19,145,725125532082,,,58.27,175,1,,,t,2025-12-08 06:22:20.153,2025-12-08 06:22:20.153,t,f,999,FRAME
cmiwrl14s05mditntx49iugib,"",Tory Burch,,TY2150U,BLACK,1709,52,18,140,725125525275,,,79.54,239,1,,,t,2025-12-08 06:22:20.669,2025-12-08 06:22:20.669,t,f,999,FRAME
cmiwrl1jw05mfitntft9hgkyk,"",Tory Burch,,TY2159U,TRANSPARENT CLEAR,1979,53,17,140,725125530613,,,75.33,226,1,,,t,2025-12-08 06:22:21.212,2025-12-08 06:22:21.212,t,f,999,FRAME
cmiwrl1yy05mhitntqcy0uqej,"",Michael Kors,,MK4149U PUGLIA,DARK TORTOISE,3006,54,17,145,725125531382,,,64.84,195,1,,,t,2025-12-08 06:22:21.754,2025-12-08 06:22:21.754,t,f,999,FRAME
cmiwrl2dr05mjitnt7o3v6ql5,"",Michael Kors,,MK3090 NIKKI BEACH,ROSE GOLD SHINY,1108,53,16,140,725125531924,,,75.52,227,1,,,t,2025-12-08 06:22:22.287,2025-12-08 06:22:22.287,t,f,999,FRAME
cmiwrl2sd05mlitntscwnll20,"",Michael Kors,,MK2246,Dark/ Cream Torot,,54,17,140,,,,55.01,165,1,,,t,2025-12-08 06:22:22.813,2025-12-08 06:22:22.813,t,f,999,FRAME
cmiwrl37405mnitntntl7bc6q,"",Michael Kors,,MK4149U PUGLIA,BLACK,3005,54,17,145,725125531368,,,64.84,195,1,,,t,2025-12-08 06:22:23.344,2025-12-08 06:22:23.344,t,f,999,FRAME
cmiwrl3lz05mpitnt2qzvg5mj,"",Tory Burch,,TY1079,ROSE GOLD,3340,52,18,140,725125397810,,,86.28,259,0,,,t,2025-12-08 06:22:23.879,2025-12-08 06:22:23.879,t,f,999,FRAME
cmiwrl3te05mqitntyj8ljqc4,"",Tory Burch,,TY2159U,BLACK,1709,53,17,140,725125533737,,,75.33,226,1,,,t,2025-12-08 06:22:24.146,2025-12-08 06:22:24.146,t,f,999,FRAME
cmiwrl48a05msitntgqbxm540,"",Michael Kors,,MK4144U SARASOTA,DENIM TRANSPARENT,4014,51,17,140,725125531009,,,56.22,0,1,,,t,2025-12-08 06:22:24.682,2025-12-08 06:22:24.682,t,f,999,FRAME
cmiwrl4mr05muitntvzg196hl,"",Michael Kors,,MK4116U SEASIDE,BLACK,3005,53,18,140,725125517409,,,56.22,169,1,,,t,2025-12-08 06:22:25.204,2025-12-08 06:22:25.204,t,f,999,FRAME
cmiwrl51n05mwitntvxolu85p,"",Polo,,RA5321,purple,,56,17,145,,,,50.81,152,1,,,t,2025-12-08 06:22:25.739,2025-12-08 06:22:25.739,t,f,999,FRAME
cmiwrl5g905myitntcrnydart,"",Cosmopolitan,,Adalyn,Black/Rose Gold,,52,16,140,891160119219,,,69,207,1,,,t,2025-12-08 06:22:26.266,2025-12-08 06:22:26.266,t,f,999,FRAME
cmiwrl5v405n0itntyz1ywij0,"",Michael Kors,,MK3062 BELLEVILLE,BLACK SHINY,1903,54,17,140,725125533355,,,58.27,175,1,,,t,2025-12-08 06:22:26.8,2025-12-08 06:22:26.8,t,f,999,FRAME
cmiwrl69m05n2itntn3bx4jbv,"",Michael Kors,,MK4144U SARASOTA,DARK TORTOISE,3006,53,17,140,725125530972,,,56.22,169,1,,,t,2025-12-08 06:22:27.322,2025-12-08 06:22:27.322,t,f,999,FRAME
cmiwrl6o505n4itntlkrdek6o,"",Tory Burch,,TY2156U,CRYSTAL BROWN TORT,2026,53,16,145,725125533812,,,72.81,218,1,,,t,2025-12-08 06:22:27.846,2025-12-08 06:22:27.846,t,f,999,FRAME
cmiwrl74c05n6itntpb5zmq73,"",Oakley Frame,,OX3174,MATTE BLACK,317401,53,18,139,700285855578,,,76,228,1,,,t,2025-12-08 06:22:28.429,2025-12-08 06:22:28.429,t,f,999,FRAME
cmiwrl7iy05n8itntqna9d76d,"",Oakley Frame,,OX5099 TINCUP 0.5 TI,Powder Coal,509901,53,18,135,888392073129,,,154.44,463,1,,,t,2025-12-08 06:22:28.955,2025-12-08 06:22:28.955,t,f,999,FRAME
cmiwrl7xs05naitntd5ytvgnc,"",Guess?,,GU50203-D,shiny black,001,53,18,140,889214538062,,,75,225,1,,,t,2025-12-08 06:22:29.488,2025-12-08 06:22:29.488,t,f,999,FRAME
cmiwrl8cl05ncitnt9mrksse0,"",Guess?,,GM0390,black/other,005,54,16,140,889214428264,,,90,270,0,,,t,2025-12-08 06:22:30.021,2025-12-08 06:22:30.021,t,f,999,FRAME
cmiwrl8ju05nditntox0wds3j,"",Michael Kors,,MK4150U KINGSTON,CLEAR,3050,54,17,140,725125532570,,,58.27,175,1,,,t,2025-12-08 06:22:30.283,2025-12-08 06:22:30.283,t,f,999,FRAME
cmiwrl8y705nfitntn2nyfmaj,"",Oakley Youth,,OY3002 STEEL PLATE XS,MATTE MIDNIGHT,300203,48,15,130,888392314819,,,51.03,153,1,,,t,2025-12-08 06:22:30.799,2025-12-08 06:22:30.799,t,f,999,FRAME
cmiwrl9d705nhitntvk2kz9el,"",Tom Ford,,FT5938-B,dark havana,052,54,18,145,889214488503,,,149,447,1,,,t,2025-12-08 06:22:31.339,2025-12-08 06:22:31.339,t,f,999,FRAME
cmiwrl9t405njitntfd9w6akc,"",Tom Ford,,FT5801-B,dark havana,052,54,19,145,889214327130,,,200,600,1,,,t,2025-12-08 06:22:31.912,2025-12-08 06:22:31.912,t,f,999,FRAME
cmiwrla7t05nlitnt207ipwh4,"",Tom Ford,,FT5842-B,dark havana,052,54,15,140,889214358936,,,158,474,1,,,t,2025-12-08 06:22:32.442,2025-12-08 06:22:32.442,t,f,999,FRAME
cmiwrlams05nnitntn78l86kh,"",Tom Ford,,FT5898-B,dark brown/other,050,52,19,145,889214443373,,,149,447,1,,,t,2025-12-08 06:22:32.98,2025-12-08 06:22:32.98,t,f,999,FRAME
cmiwrlb1e05npitnt5gx8oz62,"",Danny Gokey,,98,Matt Blue,,49,19,140,891160076055,,,66,300,0,,,t,2025-12-08 06:22:33.507,2025-12-08 06:22:33.507,t,f,999,FRAME
cmiwrlb8t05nqitntc4aux00x,"",Tom Ford,,FT5892-B,005,Black Other,56,16,140,,,,198,594,1,,,t,2025-12-08 06:22:33.774,2025-12-08 06:22:33.774,t,f,999,FRAME
cmiwrlbnl05nsitntm773swjj,"",Helium,,4445,Cherry/Blue Denim,,50,20,145,,,,79,237,1,,,t,2025-12-08 06:22:34.305,2025-12-08 06:22:34.305,t,f,999,FRAME
cmiwrlc2905nuitntzgm3v0bx,"",Ellen Tracy,,Busan,Purple Multi,,52,14,140,,,,67.99,204,1,,,t,2025-12-08 06:22:34.833,2025-12-08 06:22:34.833,t,f,999,FRAME
cmiwrlchg05nwitntk4prjekd,"",Flexon,,H6065,Gold,710,56,15,145,,,,89,189,1,,,t,2025-12-08 06:22:35.38,2025-12-08 06:22:35.38,t,f,999,FRAME
cmiwrlcw805nyitnt3vt9ztnx,"",Oakley Frame,,OX3217 SOCKET 5.0,GUNMETAL/CARDINAL?,321709,55,17,138,888392375643,,,84.82,254,0,,,t,2025-12-08 06:22:35.913,2025-12-08 06:22:35.913,t,f,999,FRAME
cmiwrld3q05nzitntaxzjnusb,"",Flexon,,FLX806MAG-SET,(033) LIGHT GUNMETAL,033,54,19,145,679516351076,,,151.5,303,1,,,t,2025-12-08 06:22:36.182,2025-12-08 06:22:36.182,t,f,999,FRAME
cmiwrldi205o1itntr6oz86wb,"",Cosmopolitan,,Aria,Teal/Brz,,51,16,140,891160104239,,,69,207,0,,,t,2025-12-08 06:22:36.698,2025-12-08 06:22:36.698,t,f,999,FRAME
cmiwrldpe05o2itntwdwhhb87,"",Silhouette,,5599 Modified Oval,Nebula Taupe,8540,50,15,145,888465599624,,,180,510,1,,,t,2025-12-08 06:22:36.962,2025-12-08 06:22:36.962,t,f,999,FRAME
cmiwrle3s05o4itntrww4jubt,"",Silhouette,,5599 Oval,Mercury Matte,7100,49,19,150,888465647592,,,180,540,1,,,t,2025-12-08 06:22:37.48,2025-12-08 06:22:37.48,t,f,999,FRAME
cmiwrlei905o6itnthax78dn5,"",Silhouette,,5599 Geometric,Astral Gold,7530,51,21,160,888465599679,,,180,540,2,,,t,2025-12-08 06:22:38.001,2025-12-08 06:22:38.001,t,f,999,FRAME
cmiwrlewv05o8itntuhtwgreo,"",Silhouette,,5599 Cat Eye,Interstellar Green,5540,55,19,150,888465647318,,,180,540,1,,,t,2025-12-08 06:22:38.527,2025-12-08 06:22:38.527,t,f,999,FRAME
cmiwrlfbo05oaitnt1gzpf310,"",Silhouette,,5599 Rectangle,Aurora Rose Gold,3530,53,19,150,888465647141,,,180,510,1,,,t,2025-12-08 06:22:39.06,2025-12-08 06:22:39.06,t,f,999,FRAME
cmiwrlfq805ocitntyxgi3irg,"",Silhouette,,5599 chassis,Cosmic Taupe Shiny,6040,52,19,150,888465599563,,,180,540,1,,,t,2025-12-08 06:22:39.584,2025-12-08 06:22:39.584,t,f,999,FRAME
cmiwrlg4o05oeitntju52a8mj,"",Silhouette,,5521 FB,real teal,5040,52,17,140,888465262528,,,170,510,1,,,t,2025-12-08 06:22:40.104,2025-12-08 06:22:40.104,t,f,999,FRAME
cmiwrlgj605ogitntjuztj4qi,"",Silhouette,,5521 FC,ruby red,3040,53,17,140,888465262535,,,170,510,1,,,t,2025-12-08 06:22:40.627,2025-12-08 06:22:40.627,t,f,999,FRAME
cmiwrlgxt05oiitntc3h10jet,"",Silhouette,,5521 FE,orchid pink,4040,48,17,135,888465262559,,,170,510,1,,,t,2025-12-08 06:22:41.153,2025-12-08 06:22:41.153,t,f,999,FRAME
cmiwrlhcb05okitntrasw4vqt,"",Silhouette,,5521 EZ,space gray,6560,50,19,150,888465262504,,,170,510,1,,,t,2025-12-08 06:22:41.676,2025-12-08 06:22:41.676,t,f,999,FRAME
cmiwrlhqx05omitntwmsmc1az,"",Silhouette,,5521 EY,blue midnight,4540,52,19,150,888465262498,,,170,510,1,,,t,2025-12-08 06:22:42.201,2025-12-08 06:22:42.201,t,f,999,FRAME
cmiwrli5c05ooitnt15jwiw1a,"",Silhouette,,5521 EP,coffee brown,6040,48,20,145,888465262443,,,170,510,1,,,t,2025-12-08 06:22:42.72,2025-12-08 06:22:42.72,t,f,999,FRAME
cmiwrlilo05oqitnt81811dea,"",Silhouette,,5521 EU,rose all day,3530,53,19,140,888465262467,,,170,510,1,,,t,2025-12-08 06:22:43.252,2025-12-08 06:22:43.252,t,f,999,FRAME
cmiwrlj0a05ositnticzra7gt,"",Silhouette,,5521 EW,tech silver,7010,49,19,140,888465262474,,,170,510,0,,,t,2025-12-08 06:22:43.834,2025-12-08 06:22:43.834,t,f,999,FRAME
cmiwrlj7q05otitnt83xto4eh,"",Silhouette,,5599 Geometric,Spheric Blue,4540,51,17,145,888465599587,,,180,540,1,,,t,2025-12-08 06:22:44.102,2025-12-08 06:22:44.102,t,f,999,FRAME
cmiwrljm405ovitntdjd6b5om,"",Silhouette,,5567 LZ,Mango Spoom,7535,53,19,140,,,,155,465,1,,,t,2025-12-08 06:22:44.62,2025-12-08 06:22:44.62,t,f,999,FRAME
cmiwrlk0t05oxitntiibvgpy1,"",Silhouette,,5567 EU,Hazel Ivory,6040,54,17,135,,,,155,465,1,,,t,2025-12-08 06:22:45.15,2025-12-08 06:22:45.15,t,f,999,FRAME
cmiwrlkfj05ozitnt560ynq9e,"",Silhouette,,2942,havanna honey,M130,,,,888465613962,,,135,405,1,,,t,2025-12-08 06:22:45.679,2025-12-08 06:22:45.679,t,f,999,FRAME
cmiwrlkua05p1itntc2dbxk12,"",Silhouette,,2943,Havanna Tobacco,9110,53,17,140,888465468500,,,135,405,1,,,t,2025-12-08 06:22:46.21,2025-12-08 06:22:46.21,t,f,999,FRAME
cmiwrll8l05p3itntwvddu1pm,"",Silhouette,,2934,Tricolor Valley,5010,54,16,140,888465466087,,,135,405,1,,,t,2025-12-08 06:22:46.726,2025-12-08 06:22:46.726,t,f,999,FRAME
cmiwrllnh05p5itnt45t0ba1y,"",Silhouette,,2944,Golden Grey,6530,57,16,145,888465593219,,,160,480,1,,,t,2025-12-08 06:22:47.261,2025-12-08 06:22:47.261,t,f,999,FRAME
cmiwrlm1x05p7itntcwdtewxh,"",Silhouette,,2942,steel grey,6910,,,,888465613979,,,135,405,1,,,t,2025-12-08 06:22:47.781,2025-12-08 06:22:47.781,t,f,999,FRAME
cmiwrlmg805p9itntbiv7o9f2,"",Silhouette,,1607,jiggleberry,,58,13,,888465545980,,,160,480,1,,,t,2025-12-08 06:22:48.296,2025-12-08 06:22:48.296,t,f,999,FRAME
cmiwrlmuq05pbitnta7ojcx94,"",Silhouette,,2936,Smoky Blossom,8510,52,17,145,888465467633,,,135,405,1,,,t,2025-12-08 06:22:48.818,2025-12-08 06:22:48.818,t,f,999,FRAME
cmiwrln9g05pditntiejw7exo,"",Silhouette,,2961,black pine,5510,55,18,145,888465611296,,,135,405,1,,,t,2025-12-08 06:22:49.348,2025-12-08 06:22:49.348,t,f,999,FRAME
cmiwrlnob05pfitnt0nnbrqdd,"",Silhouette,,2934,chocolate brown,6430,,,,888465611821,,,135,405,1,,,t,2025-12-08 06:22:49.883,2025-12-08 06:22:49.883,t,f,999,FRAME
cmiwrlo3205phitnt9mzbpj4a,"",Silhouette,,2936,havanna caramel coffee,M230,52,17,140,888465612767,,,135,405,0,,,t,2025-12-08 06:22:50.414,2025-12-08 06:22:50.414,t,f,999,FRAME
cmiwrloai05piitnt1u9a1g9h,"",Silhouette,,1603,Tricolor Grape,4010,55,15,135,888465466674,,,135,405,1,,,t,2025-12-08 06:22:50.682,2025-12-08 06:22:50.682,t,f,999,FRAME
cmiwrlop105pkitntqp2mvdku,"",Silhouette,,2962,Black Coffee,M140,52,18,145,888465628133,,,160,480,1,,,t,2025-12-08 06:22:51.206,2025-12-08 06:22:51.206,t,f,999,FRAME
cmiwrlp3905pmitnt65igzsyi,"",Silhouette,,2981 Clear Sky,Gentle Sage,5010,47,18,140,888465662830,,,145,435,1,,,t,2025-12-08 06:22:51.718,2025-12-08 06:22:51.718,t,f,999,FRAME
cmiwrlphq05poitnt0sx8fi6f,"",Silhouette,,2972 Clear Sky,Soft Sand,8530,55,16,140,888465639290,,,145,435,1,,,t,2025-12-08 06:22:52.238,2025-12-08 06:22:52.238,t,f,999,FRAME
cmiwrlpw905pqitntrhk3ysog,"",Silhouette,,1622 Clear Sky,Warm Olive,5530,53,15,135,888465638507,,,145,435,1,,,t,2025-12-08 06:22:52.762,2025-12-08 06:22:52.762,t,f,999,FRAME
cmiwrlqap05psitnt7h8kmlfp,"",Silhouette,,1601,Smoky Blossom,8510,52,15,130,888465466001,,,135,405,1,,,t,2025-12-08 06:22:53.281,2025-12-08 06:22:53.281,t,f,999,FRAME
cmiwrlqps05puitnt5jri9sz3,"",Silhouette,,1617,havanna maroon,6030,52,15,140,888465610619,,,135,405,0,,,t,2025-12-08 06:22:53.825,2025-12-08 06:22:53.825,t,f,999,FRAME
cmiwrlqwz05pvitntsdgckxn5,"",Silhouette,,1617,tricolor dark orchid,4110,49,15,135,888465610480,,,135,405,1,,,t,2025-12-08 06:22:54.083,2025-12-08 06:22:54.083,t,f,999,FRAME
cmiwrlrbh05pxitnt53vrvm6b,"",Silhouette,,1605,Carribbean Blue,,,,,888465535615,,,135,405,1,,,t,2025-12-08 06:22:54.606,2025-12-08 06:22:54.606,t,f,999,FRAME
cmiwrlrqh05pzitntuts35szr,"",Silhouette,,1604,Havanna Tobacco,9210,52,14,130,888465466964,,,135,405,1,,,t,2025-12-08 06:22:55.145,2025-12-08 06:22:55.145,t,f,999,FRAME
cmiwrls5905q1itntheulbyxm,"",Silhouette,,1603,navy blue,4660,,,,888465612262,,,135,405,1,,,t,2025-12-08 06:22:55.677,2025-12-08 06:22:55.677,t,f,999,FRAME
cmiwrlskh05q3itnt9ivyqmyi,"",6A,,6A3015 BRD 310,SATIN GOLD,301506,55,17,145,198537008528,,,83.84,240,2,,,t,2025-12-08 06:22:56.225,2025-12-08 06:22:56.225,t,f,999,FRAME
cmiwrlszg05q5itnt8imy27hy,"",Ralph,,RA6061,SHINY BLUE,9459,53,16,145,8056262227503,,,67.3,202,1,,,t,2025-12-08 06:22:56.764,2025-12-08 06:22:56.764,t,f,999,FRAME
cmiwrltel05q7itntlr8uyqsd,"",Polo,,PH2287,SHINY DARK HAVANA,5673,53,17,145,8056262482308,,,76.41,229,1,,,t,2025-12-08 06:22:57.309,2025-12-08 06:22:57.309,t,f,999,FRAME
cmiwrltt305q9itnt8we8coi4,"",Polo,,PH1239,BRUSHED PALE GOLD,9211,57,16,145,8056262396810,,,71.22,214,1,,,t,2025-12-08 06:22:57.832,2025-12-08 06:22:57.832,t,f,999,FRAME
cmiwrlu9h05qbitntzopuekb6,"",Polo,,PH2237U,SHINY TRANSPARENT GREY,5755,55,16,145,8056262481455,,,65.5,197,1,,,t,2025-12-08 06:22:58.37,2025-12-08 06:22:58.37,t,f,999,FRAME
cmiwrluo905qditntoz5ijc9y,"",Costa Del Mar Sun,,06S9018,Matte Smoke,01,63,11,140,,,,140.12,420,1,,,t,2025-12-08 06:22:58.953,2025-12-08 06:22:58.953,t,f,999,FRAME
cmiwrlv2z05qfitnty56z9hl0,"",Costa Del Mar RX,,06A8015  OCR410,Black/BLACK - EYE 54,8056597584678,54,17,140,,,,83.4,250,2,,,t,2025-12-08 06:22:59.484,2025-12-08 06:22:59.484,t,f,999,FRAME
cmiwrlvhm05qhitnte1y46fz9,"",KLiiK:denmark,,K-745,BLUSH CHAMPAGNE,S409,48,19,140,676190688573,,,89.99,270,1,,,t,2025-12-08 06:23:00.01,2025-12-08 06:23:00.01,t,f,999,FRAME
cmiwrlvvq05qjitnt7kl3w4sn,"",KLiiK:denmark,,K-749,BURGUNDY ROSE GOLD,M206,47,17,140,676190692723,,,89.99,270,1,,,t,2025-12-08 06:23:00.519,2025-12-08 06:23:00.519,t,f,999,FRAME
cmiwrlwah05qlitntno3wmkgk,"",KLiiK:denmark,,K-746,OCEAN BROWN,M204,47,16,135,676190689150,,,89.99,270,1,,,t,2025-12-08 06:23:01.049,2025-12-08 06:23:01.049,t,f,999,FRAME
cmiwrlwp605qnitnt32hplj5v,"",KLiiK:denmark,,K-731,EGGPLANT GRADIENT,S407,49,17,135,676190661774,,,89.99,270,1,,,t,2025-12-08 06:23:01.579,2025-12-08 06:23:01.579,t,f,999,FRAME
cmiwrlx3k05qpitntxi1b0b3u,"",KLiiK:denmark,,K-718,AQUAMARINE PURPLE,S404,49,16,140,676190635898,,,89.99,180,1,,,t,2025-12-08 06:23:02.097,2025-12-08 06:23:02.097,t,f,999,FRAME
cmiwrlxhz05qritnth6vzypku,"",Affordable Designs,,Carl,Black,,56,17,140,812539031697,,,79.95,120,0,,,t,2025-12-08 06:23:02.615,2025-12-08 06:23:02.615,t,f,999,FRAME
cmiwrlxp705qsitntz1wxbm36,"",Match Eyewear,,MF 135S,DARK GUNMETAL,,54,18,140,891160046059,,,57.95,173.85,1,,,t,2025-12-08 06:23:02.876,2025-12-08 06:23:02.876,t,f,999,FRAME
cmiwrly4b05quitntbmangu79,"",Ray Ban,,RB2132 New Wayfarer  FD,Black,622,55,18,145,,,,83.81,251,0,,,t,2025-12-08 06:23:03.419,2025-12-08 06:23:03.419,t,f,999,FRAME
cmiwrlybw05qvitnt48xc7fkc,"",6A,,6A3020 BRD 600,SATIN SILVER,302001,55,16,145,198537000461,,,83.4,250,1,,,t,2025-12-08 06:23:03.692,2025-12-08 06:23:03.692,t,f,999,FRAME
cmiwrlyrc05qxitntyi7ccwao,"",FYSH UK Collection,,FYSH 3721,LILAC ROSE GOLD,S207,52,17,140,676190688269,,,94.99,190,1,,,t,2025-12-08 06:23:04.248,2025-12-08 06:23:04.248,t,f,999,FRAME
cmiwrlz6105qzitnt0at6xodk,"",Silhouette,,1603,Mint Gradient,6610,53,14,130,888465466704,,,135,405,1,,,t,2025-12-08 06:23:04.778,2025-12-08 06:23:04.778,t,f,999,FRAME
cmiwrlzl405r1itnt0vhodabg,"",Scott Harris,,SH856,Blue,C1,51,19,140,,,,0,222,1,,,t,2025-12-08 06:23:05.321,2025-12-08 06:23:05.321,t,f,999,FRAME
cmiwrlzzs05r3itntgyd88fzh,"",Costa Del Mar,,06S9078,Matte Black,01,60,16,121,,,,146.12,438,0,,,t,2025-12-08 06:23:05.848,2025-12-08 06:23:05.848,t,f,999,FRAME
cmiwrm07805r4itnt54el8gap,"",Oakley,,Turbine  9263,Matte Black Camo,64,65,17,135,,,,109.8,220,1,,,t,2025-12-08 06:23:06.117,2025-12-08 06:23:06.117,t,f,999,FRAME
cmiwrm0m205r6itnt5bwrvbf0,"",Oakley,,OO9506D,Matte Black,257,57,17,137,,,,92.51,278,1,,,t,2025-12-08 06:23:06.65,2025-12-08 06:23:06.65,t,f,999,FRAME
cmiwrm11205r8itntan0gdjph,"",CVO Classic,,Alberta Park,Brown Multi,,52,16,140,,,,49.99,150,1,,,t,2025-12-08 06:23:07.191,2025-12-08 06:23:07.191,t,f,999,FRAME
cmiwrm1gf05raitntiwz685z8,"",Longchamp,,LO759S,Green Tort,309,54,18,140,,,,0,295,0,,,t,2025-12-08 06:23:07.743,2025-12-08 06:23:07.743,t,f,999,FRAME
cmiwrm1ob05rbitnt737ume94,"",Tura,,R225,Tort Gold,,57,17,140,,,,56,129,1,,,t,2025-12-08 06:23:08.027,2025-12-08 06:23:08.027,t,f,999,FRAME
cmiwrm23505rditntbn9iuy76,"",6A,,6A8026 OCR 820,MATTE BLACK,802601,56,17,140,8056597904551,,,65,195,0,,,t,2025-12-08 06:23:08.561,2025-12-08 06:23:08.561,t,f,999,FRAME
cmiwrm2as05reitntt85m2xvx,"",Adrienne Vittadini,,6020,Blue Stripe,,55,20,150,891160072002,,,69,207,1,,,t,2025-12-08 06:23:08.836,2025-12-08 06:23:08.836,t,f,999,FRAME
cmiwrm2pu05rgitntuahiqgot,"",CVO Next,,Anaheim,Burgandy,,52,17,130,,,,54.99,165,1,,,t,2025-12-08 06:23:09.378,2025-12-08 06:23:09.378,t,f,999,FRAME
cmiwrm34q05riitntd0jaas3x,"",Guess,,GU50233,shiny grey,020,53,17,140,,,,77,231,2,,,t,2025-12-08 06:23:09.914,2025-12-08 06:23:09.914,t,f,999,FRAME
cmiwrm3jq05rkitnti39e4zp6,"",Max&Co.,,MO5078,Red,069,54,15,140,,,,65,195,1,,,t,2025-12-08 06:23:10.454,2025-12-08 06:23:10.454,t,f,999,FRAME
cmiwrm3yc05rmitnt28usxele,"",Max&Co.,,MO5134,Red and Black,001,53,16,140,,,,70,210,1,,,t,2025-12-08 06:23:10.98,2025-12-08 06:23:10.98,t,f,999,FRAME
cmiwrm4cw05roitntk0e56duw,"",Max&Co.,,MO5139,green,028,56,16,140,,,,70,210,1,,,t,2025-12-08 06:23:11.505,2025-12-08 06:23:11.505,t,f,999,FRAME
cmiwrm4ro05rqitntiznc3tce,"",Max&Co.,,MO5181,Longarone(BL),055,53,17,140,,,,70,210,1,,,t,2025-12-08 06:23:12.036,2025-12-08 06:23:12.036,t,f,999,FRAME
cmiwrm56m05rsitnt8iplfs1o,"",Max&Co.,,MO5130,Blue Brown,092,53,16,145,,,,70,210,1,,,t,2025-12-08 06:23:12.575,2025-12-08 06:23:12.575,t,f,999,FRAME
cmiwrm5lg05ruitntvymosnxm,"",Max&Co.,,MO5144,Brown purple,055,51,18,145,,,,70,210,1,,,t,2025-12-08 06:23:13.109,2025-12-08 06:23:13.109,t,f,999,FRAME
cmiwrm61g05rwitnt0da4gfnm,"",Max&Co.,,MO5189,Brown gold,052,52,17,140,,,,65,195,1,,,t,2025-12-08 06:23:13.633,2025-12-08 06:23:13.633,t,f,999,FRAME
cmiwrm6gg05ryitntej8g17ou,"",Max&Co.,,MO5113,Brown,055,54,15,140,,,,70,210,1,,,t,2025-12-08 06:23:14.224,2025-12-08 06:23:14.224,t,f,999,FRAME
cmiwrm6v205s0itnto7hkfh17,"",Max&Co.,,MO5180,clear pink,072,52,18,140,,,,70,210,1,,,t,2025-12-08 06:23:14.75,2025-12-08 06:23:14.75,t,f,999,FRAME
cmiwrm7an05s2itntyc4c158e,"",Max&Co.,,MO5189,black gold,001,52,17,140,,,,65,195,1,,,t,2025-12-08 06:23:15.312,2025-12-08 06:23:15.312,t,f,999,FRAME
cmiwrm7p605s4itntfnp62zuf,"",Max&Co.,,MO5175,black gold,001,51,19,140,,,,75,225,1,,,t,2025-12-08 06:23:15.835,2025-12-08 06:23:15.835,t,f,999,FRAME
cmiwrm83t05s6itntfoufytpm,"",Max&Co.,,MO5191,Gold,033,51,17,140,,,,70,210,1,,,t,2025-12-08 06:23:16.361,2025-12-08 06:23:16.361,t,f,999,FRAME
cmiwrm8ia05s8itnt7yc2xkvv,"",Max&Co.,,MO5016,BLK,001,54,16,140,,,,75,225,1,,,t,2025-12-08 06:23:16.882,2025-12-08 06:23:16.882,t,f,999,FRAME
cmiwrm8wu05saitnt8k8jm94n,"",Max&Co.,,MO5130,Teal,093,53,16,145,,,,70,210,1,,,t,2025-12-08 06:23:17.406,2025-12-08 06:23:17.406,t,f,999,FRAME
cmiwrm9b905scitntqfj7wagd,"",Guess,,GU50174,green,098,54,16,140,,,,70,210,1,,,t,2025-12-08 06:23:17.925,2025-12-08 06:23:17.925,t,f,999,FRAME
cmiwrm9ps05seitnt7huxgmyw,"",Guess,,GU50245,blue,090,54,18,140,,,,62,186,1,,,t,2025-12-08 06:23:18.448,2025-12-08 06:23:18.448,t,f,999,FRAME
cmiwrma4h05sgitntj1mwmhls,"",Guess,,GU50230,Black shiny,001,53,16,140,,,,84,252,1,,,t,2025-12-08 06:23:18.978,2025-12-08 06:23:18.978,t,f,999,FRAME
cmiwrmaj705siitntn2hhvlvf,"",Guess,,GU50227,shiny brown tort,052,52,15,140,,,,77,231,1,,,t,2025-12-08 06:23:19.507,2025-12-08 06:23:19.507,t,f,999,FRAME
cmiwrmaye05skitnt6a5hh7d6,"",Guess,,GU50246,black,001,50,16,140,,,,62,186,1,,,t,2025-12-08 06:23:20.055,2025-12-08 06:23:20.055,t,f,999,FRAME
cmiwrmbd705smitnt4arr6d7g,"",Guess,,GU50163,Shiny and pink,057,54,16,140,,,,70,210,1,,,t,2025-12-08 06:23:20.588,2025-12-08 06:23:20.588,t,f,999,FRAME
cmiwrmbs105soitntvn1yuo2c,"",Guess,,GM50016,Shiny grey,020,53,20,140,,,,108,324,1,,,t,2025-12-08 06:23:21.122,2025-12-08 06:23:21.122,t,f,999,FRAME
cmiwrmc6f05sqitntt9iy6o9v,"",Guess,,GM50039,Brown tortoise,052,53,18,140,,,,102,306,1,,,t,2025-12-08 06:23:21.639,2025-12-08 06:23:21.639,t,f,999,FRAME
cmiwrmcl705ssitntx1esr6ly,"",Guess,,GM50014,Burgundy,071,55,17,140,,,,93,279,1,,,t,2025-12-08 06:23:22.171,2025-12-08 06:23:22.171,t,f,999,FRAME
cmiwrmczp05suitnt06a0p14f,"",Guess,,GM50013,Blue tortoise brown,089,55,16,140,,,,98,294,1,,,t,2025-12-08 06:23:22.693,2025-12-08 06:23:22.693,t,f,999,FRAME
cmiwrmdex05switntwaw42cud,"",Costa,,06A3019,Rustic Bronze,03,57,16,145,,,,83.4,250,1,,,t,2025-12-08 06:23:23.241,2025-12-08 06:23:23.241,t,f,999,FRAME
cmiwrmdtf05syitnt1k6eufcf,"",6A,,6A8011 OCR 420,PACIFIC BLUE,801103,56,17,140,8056597787536,,,83.4,250,1,,,t,2025-12-08 06:23:23.763,2025-12-08 06:23:23.763,t,f,999,FRAME
cmiwrme8405t0itntxtop9nng,"",Costa Del Mar RX,,06A8015  OCR410,Blue/PACIFIC BLUE - EYE 54,8056597584692,54,17,140,,,,83.4,250,1,,,t,2025-12-08 06:23:24.292,2025-12-08 06:23:24.292,t,f,999,FRAME
cmiwrmemy05t2itntzjsaipma,"",Costa,,06A2007,Shallows,01,53,17,140,,,,77.87,234,1,,,t,2025-12-08 06:23:24.826,2025-12-08 06:23:24.826,t,f,999,FRAME
cmiwrmf2205t4itntnt9s6v11,"",Costa,,06S9051,Coral Tortoise,05,53,20,140,,,,104.5,314,1,,,t,2025-12-08 06:23:25.371,2025-12-08 06:23:25.371,t,f,999,FRAME
cmiwrmfgh05t6itntg7dilq1k,"",Costa,,06S9007 Reefton,Matte Gray,14,64,15,115,,,,116.5,350,1,,,t,2025-12-08 06:23:25.889,2025-12-08 06:23:25.889,t,f,999,FRAME
cmiwrmfvi05t8itntididupak,"",Costa Del Mar,,06S9117 Grand Catalina  FD,Matte Black,07,59,15,138,,,,112.5,338,1,,,t,2025-12-08 06:23:26.43,2025-12-08 06:23:26.43,t,f,999,FRAME
cmiwrmga405taitntwq7niefm,"",Guess,,GM50030,Shiny Rose Gold,028,57,14,140,,,,93,279,1,,,t,2025-12-08 06:23:26.956,2025-12-08 06:23:26.956,t,f,999,FRAME
cmiwrmgon05tcitntf215uqkd,"",Harley Davidson,,HD0496,Black,B84,55,14,145,,,,70,210,1,,,t,2025-12-08 06:23:27.479,2025-12-08 06:23:27.479,t,f,999,FRAME
cmiwrmh3405teitntiz4jxxsr,"",Harley Davidson,,HD50024,Matte Black,002,57,17,140,,,,89,267,1,,,t,2025-12-08 06:23:28.001,2025-12-08 06:23:28.001,t,f,999,FRAME
cmiwrmhi105tgitntssip5oim,"",MaxMara,,MM5085,Dark Green Stiped,098,55,15,140,,,,70,210,1,,,t,2025-12-08 06:23:28.537,2025-12-08 06:23:28.537,t,f,999,FRAME
cmiwrmhyt05tiitntgz8381qt,"",MaxMara,,MM5115,Dark Green Stiped,098,52,16,140,,,,76,228,1,,,t,2025-12-08 06:23:29.142,2025-12-08 06:23:29.142,t,f,999,FRAME
cmiwrmidr05tkitntg9a1r7ox,"",MaxMara,,MM5117,Dark Green Stiped,098,55,16,140,,,,89,267,1,,,t,2025-12-08 06:23:29.68,2025-12-08 06:23:29.68,t,f,999,FRAME
cmiwrmiss05tmitntj5ndwd25,"",MaxMara,,MM5129,Green Horn / Shiny Deep Gold,098,53,16,140,,,,111,333,1,,,t,2025-12-08 06:23:30.221,2025-12-08 06:23:30.221,t,f,999,FRAME
cmiwrmj7u05toitnttvn7hhds,"",MaxMara,,MM5157-B,Beige Horn,060,54,16,140,,,,103,309,1,,,t,2025-12-08 06:23:30.762,2025-12-08 06:23:30.762,t,f,999,FRAME
cmiwrmjn405tqitntjpnna48b,"",MaxMara,,MM5172-B,Shiny Grey / Shiny Pale Gold,020,55,15,135,,,,121,363,1,,,t,2025-12-08 06:23:31.313,2025-12-08 06:23:31.313,t,f,999,FRAME
cmiwrmk2j05tsitntxs3gzvz6,"",MaxMara,,MM5175,Shiny Light Brown / Shiny Pale Gold,045,52,15,135,,,,103,309,1,,,t,2025-12-08 06:23:31.867,2025-12-08 06:23:31.867,t,f,999,FRAME
cmiwrmkhh05tuitntwaus79uq,"",MaxMara,,MM5184,Violet/Striped,083,52,14,140,,,,76,228,1,,,t,2025-12-08 06:23:32.405,2025-12-08 06:23:32.405,t,f,999,FRAME
cmiwrmkwl05twitntmgg71tdq,"",KENNETH COLE,,KC50004,Black Gradient,005,54,14,140,,,,79,237,1,,,t,2025-12-08 06:23:32.949,2025-12-08 06:23:32.949,t,f,999,FRAME
cmiwrmlbx05tyitntdphfn53a,"",KENNETH COLE,,KC50005,Violet Gradient,083,53,14,140,,,,79,237,0,,,t,2025-12-08 06:23:33.502,2025-12-08 06:23:33.502,t,f,999,FRAME
cmiwrmljk05tzitnt7ctuqal8,"",KENNETH COLE,,KC50005,Pink Gradient,074,53,14,140,,,,79,237,1,,,t,2025-12-08 06:23:33.776,2025-12-08 06:23:33.776,t,f,999,FRAME
cmiwrmlyl05u1itntx3smiw8j,"",KENNETH COLE,,KC0326,Brown Havana,052,53,16,140,,,,80.46,241,1,,,t,2025-12-08 06:23:34.318,2025-12-08 06:23:34.318,t,f,999,FRAME
cmiwrmmde05u3itnt13swljsf,"",Silhouette,,5583,Dynamic Dawn blue,75,53,18,145,,,,190,570,1,,,t,2025-12-08 06:23:34.85,2025-12-08 06:23:34.85,t,f,999,FRAME
cmiwrmmso05u5itnt7430emzp,"",Costa Del Mar,,06S9134,MATTE BLACK,02,59,17,138,,,,92.5,278,1,,,t,2025-12-08 06:23:35.4,2025-12-08 06:23:35.4,t,f,999,FRAME
cmiwrmn7905u7itntiaqbfhq3,"",Costa,,06S9132,matte black,01,56,16,130,,,,78.5,236,1,,,t,2025-12-08 06:23:35.925,2025-12-08 06:23:35.925,t,f,999,FRAME
cmiwrmnm705u9itntbc0f41oj,"",Costa,,06S9132,matte black blue mirror,02,56,16,130,,,,78.5,236,1,,,t,2025-12-08 06:23:36.464,2025-12-08 06:23:36.464,t,f,999,FRAME
cmiwrmo0y05ubitntmw7roq2j,"",Costa,,06S9118,sand w/copper,11,59,19,125,,,,124,372,1,,,t,2025-12-08 06:23:36.995,2025-12-08 06:23:36.995,t,f,999,FRAME
cmiwrmog205uditntoyrpzwra,"",Costa,,06S9132,red,04,56,16,130,,,,78.5,236,1,,,t,2025-12-08 06:23:37.539,2025-12-08 06:23:37.539,t,f,999,FRAME
cmiwrmouu05ufitnt8nr5j6tb,"",KENNETH COLE,,KC50010,Shiny light pink,072,52,19,140,,,,79,237,1,,,t,2025-12-08 06:23:38.071,2025-12-08 06:23:38.071,t,f,999,FRAME
cmiwrmp9k05uhitntrt729ap9,"",KENNETH COLE,,KC50004,Bordeux gradient,071,54,14,140,,,,79,237,1,,,t,2025-12-08 06:23:38.6,2025-12-08 06:23:38.6,t,f,999,FRAME
cmiwrmpo105ujitntvgipei6y,"",Kenneth Cole New York,,KC0352,BLACK MONOCOLOR,005,55,15,145,,,,80.46,241,1,,,t,2025-12-08 06:23:39.121,2025-12-08 06:23:39.121,t,f,999,FRAME
cmiwrmq3105ulitntorivlmxw,"",Guess,,GM50028,SHINY LIGHT GREEN,095,54,17,140,,,,93,279,0,,,t,2025-12-08 06:23:39.662,2025-12-08 06:23:39.662,t,f,999,FRAME
cmiwrmqao05umitntdi1zt5ex,"",Guess,,GM50034,SHINY BLACK,001,53,20,140,,,,98,294,1,,,t,2025-12-08 06:23:39.936,2025-12-08 06:23:39.936,t,f,999,FRAME
cmiwrmqpi05uoitntzc75dc04,"",Guess,,GM5017,DARK HAVANA,052,52,19,140,,,,108,324,1,,,t,2025-12-08 06:23:40.47,2025-12-08 06:23:40.47,t,f,999,FRAME
cmiwrmr4f05uqitntwysxyc5k,"",Guess,,GM50038,SHINY BLACK,001,53,21,140,,,,98,294,1,,,t,2025-12-08 06:23:41.007,2025-12-08 06:23:41.007,t,f,999,FRAME
cmiwrmrjq05usitntia2411gb,"",Guess,,GM50037,SHINY BLACK,001,53,17,140,,,,102,306,1,,,t,2025-12-08 06:23:41.558,2025-12-08 06:23:41.558,t,f,999,FRAME
cmiwrmrys05uuitntrlb137md,"",Silhouette,,5599 Rectangle,Silver Gray,7305,56,19,150,888465675694,,,180,510,1,,,t,2025-12-08 06:23:42.1,2025-12-08 06:23:42.1,t,f,999,FRAME
cmiwrmsdw05uwitntwvlgffbd,"",Ray Ban,,0RX5277,Sand black,2077,54,17,140,,,,73.51,221,1,,,t,2025-12-08 06:23:42.644,2025-12-08 06:23:42.644,t,f,999,FRAME
cmiwrmssm05uyitntv1zvcipt,"",Ray Ban,,0RX5279,Striped grey,8453,55,18,145,,,,87.75,263,1,,,t,2025-12-08 06:23:43.174,2025-12-08 06:23:43.174,t,f,999,FRAME
cmiwrmt7n05v0itntxybirg1m,"",Ray Ban,,0RX5375,Havana on transparent,5082,51,18,145,,,,87.75,263,1,,,t,2025-12-08 06:23:43.716,2025-12-08 06:23:43.716,t,f,999,FRAME
cmiwrmtnu05v2itntvsyv36o3,"",Ray Ban,,0RX5446,Havana,2012,53,19,145,,,,73.52,221,1,,,t,2025-12-08 06:23:44.299,2025-12-08 06:23:44.299,t,f,999,FRAME
cmiwrmu2f05v4itnt9c7sp82f,"",Ray Ban,,0RX6335,Gunmetal,2855,58,17,150,,,,83,249,1,,,t,2025-12-08 06:23:44.823,2025-12-08 06:23:44.823,t,f,999,FRAME
cmiwrmuh705v6itntai55sncp,"",Ray Ban,,0RX6363,Black on gold,2890,54,18,145,,,,83,249,1,,,t,2025-12-08 06:23:45.355,2025-12-08 06:23:45.355,t,f,999,FRAME
cmiwrmuw605v8itntyo857p9l,"",Ray Ban,,0RX7017,Black,5196,54,17,145,,,,87.75,263,1,,,t,2025-12-08 06:23:45.894,2025-12-08 06:23:45.894,t,f,999,FRAME
cmiwrmvaj05vaitntt5uvmyzu,"",Ray Ban,,0RX7047,Transparent,2001,54,17,140,,,,69.57,209,1,,,t,2025-12-08 06:23:46.411,2025-12-08 06:23:46.411,t,f,999,FRAME
cmiwrmvpa05vcitnta81fp4uq,"",Ray Ban,,0RX8421,Blue on gunmetal,3124,54,19,145,,,,109.09,285,1,,,t,2025-12-08 06:23:46.942,2025-12-08 06:23:46.942,t,f,999,FRAME
cmiwrmw3q05veitntxxd2qoml,"",Ray Ban,,0RX8903,Havana,5200,53,18,145,,,,109.09,327,1,,,t,2025-12-08 06:23:47.463,2025-12-08 06:23:47.463,t,f,999,FRAME
cmiwrmwi205vgitnt4testqlp,"",RayBan Sunglass,,06S4006,Palladium,05,56,14,126,,,,135,405,0,,,t,2025-12-08 06:23:47.979,2025-12-08 06:23:47.979,t,f,999,FRAME
cmiwrmwpn05vhitntsartm2cy,"",Oakley Frame,,OX3218 SOCKET 5.5,MATTE GUNMETAL,321813,52,18,136,888392610386,,,84.82,254,0,,,t,2025-12-08 06:23:48.251,2025-12-08 06:23:48.251,t,f,999,FRAME
cmiwrmwwu05viitntyml2hz0s,"",Ray Ban,,0RX7047,transparent blue,5769,54,17,140,,,,69.57,209,1,,,t,2025-12-08 06:23:48.51,2025-12-08 06:23:48.51,t,f,999,FRAME
cmiwrmxbo05vkitntcs8dihh3,"",Ray-Ban,,RB7260,transparent black,8463,54,19,150,,,,83,249,1,,,t,2025-12-08 06:23:49.044,2025-12-08 06:23:49.044,t,f,999,FRAME
cmiwrmxrk05vmitnt1a3fyv03,"",MaxMara,,MM5179-B,Light brown gradient,050,54,15,140,,,,88,264,1,,,t,2025-12-08 06:23:49.616,2025-12-08 06:23:49.616,t,f,999,FRAME
cmiwrmy6a05voitnt7ckm6816,"",Kliik,,729,Black white,S400,47,19,135,,,,89.99,240,1,,,t,2025-12-08 06:23:50.147,2025-12-08 06:23:50.147,t,f,999,FRAME
cmiwrmykw05vqitntbq9f7d9q,"",Revolution Eyewear,,REV648,Rose Gold /Burgundy,,21,18,140,,,,255,255,1,,,t,2025-12-08 06:23:50.672,2025-12-08 06:23:50.672,t,f,999,FRAME
cmiwrmyzj05vsitnt8oahy76x,"",Michael Kors,,MK4164U,Luggage tortoise,4031,52,17,140,,,,59.63,179,1,,,t,2025-12-08 06:23:51.2,2025-12-08 06:23:51.2,t,f,999,FRAME
cmiwrmzea05vuitntucwz8p0f,"",Michael Kors,,MK4168D,Luggage tortoise,4031,54,18,145,,,,61.85,186,1,,,t,2025-12-08 06:23:51.73,2025-12-08 06:23:51.73,t,f,999,FRAME
cmiwrmzt205vwitnt8557t901,"",Michael Kors,,MK4170U,Dark Tortoise,3006,51,17,140,,,,68.89,207,1,,,t,2025-12-08 06:23:52.262,2025-12-08 06:23:52.262,t,f,999,FRAME
cmiwrn08a05vyitntf8n63k4e,"",Michael Kors,,MK4178,Dark Tortoise,3006,54,16,140,,,,80,240,1,,,t,2025-12-08 06:23:52.81,2025-12-08 06:23:52.81,t,f,999,FRAME
cmiwrn0n105w0itnt9qph48b4,"",Michael Kors,,MK2162U,Brown Tortoise,1981,50,20,135,,,,100.74,302,1,,,t,2025-12-08 06:23:53.342,2025-12-08 06:23:53.342,t,f,999,FRAME
cmiwrn12305w2itntm6er7m46,"",Airlock,,Essence 204,Silver,500,49,18,135,,,,200,200,1,,,t,2025-12-08 06:23:53.883,2025-12-08 06:23:53.883,t,f,999,FRAME
cmiwrn1gu05w4itntv820pzzu,"",Exces,,157,Clear,290,52,17,140,,,,0,141,1,,,t,2025-12-08 06:23:54.414,2025-12-08 06:23:54.414,t,f,999,FRAME
cmiwrn1vm05w6itnt842czel0,"",Costa Del Mar,,06S9049 Paunch  FD,Black,904905,57,16,145,,,,118.66,356,1,,,t,2025-12-08 06:23:54.946,2025-12-08 06:23:54.946,t,f,999,FRAME
cmiwrn2a305w8itntryi5wnic,"",Michael Korrs,,MK1067B,Black,10148G,55,18,140,,,,0,241,1,,,t,2025-12-08 06:23:55.467,2025-12-08 06:23:55.467,t,f,999,FRAME
cmiwrn2or05waitntsk1s2qq6,"",TORY BURCH,,TY7179U,Dark tortoise with brown gradient,1728/13,54,22,140,,,,76.4,229,1,,,t,2025-12-08 06:23:55.996,2025-12-08 06:23:55.996,t,f,999,FRAME
cmiwrn33l05wcitnt9stu6lil,"",Tory Burch,,TY7191U,1728/13,brown,54,18,140,,,,0,230,1,,,t,2025-12-08 06:23:56.53,2025-12-08 06:23:56.53,t,f,999,FRAME
cmiwrn3ic05weitnt412q3mqk,"",Flexon,,606,coffee,,56,19,145,,,,89,109.6,1,,,t,2025-12-08 06:23:57.061,2025-12-08 06:23:57.061,t,f,999,FRAME
cmiwrn3xj05wgitnt0867yuns,"",Ralph Lauren,,0PH1147,Matte Navy Blue with Demo Lens,9303,56,16,150,,,,89.12,222,1,,,t,2025-12-08 06:23:57.607,2025-12-08 06:23:57.607,t,f,999,FRAME
cmiwrn4c805wiitnta6d0d89v,"",Ralph Lauren,,0PH1164,Matte Dark Gunmetal with Demo Lens,9157,56,17,145,,,,69.71,209,1,,,t,2025-12-08 06:23:58.136,2025-12-08 06:23:58.136,t,f,999,FRAME
cmiwrn4qw05wkitnt42jwd5fy,"",Ralph Lauren,,0PH1179,Havana on Shiny Gold with Demo Lens,9384,48,20,145,,,,89.12,267,1,,,t,2025-12-08 06:23:58.664,2025-12-08 06:23:58.664,t,f,999,FRAME
cmiwrn57805wmitnt29482t6b,"",Ralph Lauren,,0PH1215,Semishiny Dark Gunmetal with Demo Lens,9307,56,17,150,,,,75.39,226,1,,,t,2025-12-08 06:23:59.195,2025-12-08 06:23:59.195,t,f,999,FRAME
cmiwrn5m905woitntfiunrfja,"",Ralph Lauren,,0PH1222,Semishiny Dark Gunmetal with Demo Lens,9307,56,18,145,,,,80.8,242,1,,,t,2025-12-08 06:23:59.793,2025-12-08 06:23:59.793,t,f,999,FRAME
cmiwrn61m05wqitnt2lsawjdj,"",Ralph Lauren,,0PH2083,Shiny Striped Havana with Demo Lens,5007,48,20,145,,,,80.8,242,1,,,t,2025-12-08 06:24:00.346,2025-12-08 06:24:00.346,t,f,999,FRAME
cmiwrn6gd05wsitntqcm8xgva,"",Ralph Lauren,,0PH2083,Shiny Striped Grey with Demo Lens,5821,48,20,145,,,,80.8,242,0,,,t,2025-12-08 06:24:00.877,2025-12-08 06:24:00.877,t,f,999,FRAME
cmiwrn6nk05wtitnttvf817iv,"",Ralph Lauren,,0PH2117,Shiny Transparent Blue with Demo Lens,5470,54,16,145,,,,78.84,237,1,,,t,2025-12-08 06:24:01.136,2025-12-08 06:24:01.136,t,f,999,FRAME
cmiwrn72a05wvitntgo5d2nrw,"",Ralph Lauren,,0PH2126,Matte Black with Demo Lens,5534,58,16,145,,,,80.8,242,1,,,t,2025-12-08 06:24:01.666,2025-12-08 06:24:01.666,t,f,999,FRAME
cmiwrn7gv05wxitnteku8k723,"",Ralph Lauren,,0PH2126,Matte Transparent Grey with Demo Lens,5763,55,16,145,,,,80.8,242,1,,,t,2025-12-08 06:24:02.192,2025-12-08 06:24:02.192,t,f,999,FRAME
cmiwrn7vf05wzitnt4aps3hjf,"",Ralph Lauren,,0PH2212,Matte Black with Demo Lens,5504,55,19,145,,,,69.55,209,0,,,t,2025-12-08 06:24:02.715,2025-12-08 06:24:02.715,t,f,999,FRAME
cmiwrn82t05x0itntnnafs2tf,"",Ralph Lauren,,0PH2223,Transparent Grey with Demo Lens,5111,58,17,150,,,,75.39,226,1,,,t,2025-12-08 06:24:02.982,2025-12-08 06:24:02.982,t,f,999,FRAME
cmiwrn8hz05x2itnt5rkkl5jk,"",Ralph Lauren,,0PH2272,Shiny Transparent Navy blue with Demo Lens,5470,52,21,145,,,,92.46,277,1,,,t,2025-12-08 06:24:03.528,2025-12-08 06:24:03.528,t,f,999,FRAME
cmiwrn8wn05x4itntpiw6w1j6,"",Ralph Lauren,,0PH2277,Shiny Black with Demo Lens,5001,54,20,145,,,,121.62,365,1,,,t,2025-12-08 06:24:04.055,2025-12-08 06:24:04.055,t,f,999,FRAME
cmiwrn9be05x6itntrmeyeiyb,"",Ralph Lauren,,0PH2277,Shiny Blue Havana with Demo Lens,6183,54,20,145,,,,121.62,365,1,,,t,2025-12-08 06:24:04.587,2025-12-08 06:24:04.587,t,f,999,FRAME
cmiwrn9q605x8itntnhdrus5z,"",Ralph Lauren,,0RA6046,Shiny Pale Gold with Demo Lens,9391,53,17,140,,,,71.25,214,1,,,t,2025-12-08 06:24:05.118,2025-12-08 06:24:05.118,t,f,999,FRAME
cmiwrna4p05xaitntyzx0u54f,"",Ralph Lauren,,0RA6050,Shiny Pale Gold with Demo Lens,9116,53,17,140,,,,58.75,176,1,,,t,2025-12-08 06:24:05.641,2025-12-08 06:24:05.641,t,f,999,FRAME
cmiwrnaka05xcitnt6ya2fp97,"",Ralph Lauren,,0RA7071,Shiny Gradient Grey with Demo Lens,1511,52,16,140,,,,58.75,176,1,,,t,2025-12-08 06:24:06.202,2025-12-08 06:24:06.202,t,f,999,FRAME
cmiwrnayp05xeitnt8y6tomro,"",Ralph Lauren,,0RA7135,Shiny Transparent Pink with Demo Lens,6125,53,16,140,,,,58.75,176,1,,,t,2025-12-08 06:24:06.721,2025-12-08 06:24:06.721,t,f,999,FRAME
cmiwrnbdd05xgitntulcszf6f,"",Ralph Lauren,,0RA7146,Pink / Shiny Striped Rose with Demo Lens,6038,53,17,145,,,,58.75,176,1,,,t,2025-12-08 06:24:07.249,2025-12-08 06:24:07.249,t,f,999,FRAME
cmiwrnbrx05xiitntas9osdby,"",Ralph Lauren,,0RA7154U,Shiny Transparent Blue with Demo Lens,6144,54,17,145,,,,58.75,176,1,,,t,2025-12-08 06:24:07.773,2025-12-08 06:24:07.773,t,f,999,FRAME
cmiwrnc6h05xkitntayojet8s,"",Ralph Lauren,,0RA7187U,Blue Transparent with Demo Lens,6119,53,16,145,,,,58.75,176,1,,,t,2025-12-08 06:24:08.298,2025-12-08 06:24:08.298,t,f,999,FRAME
cmiwrnckq05xmitntxv7ftuak,"",Ralph Lauren,,0RA7189U,Rose Transparent,6290,53,17,145,,,,65.42,196,1,,,t,2025-12-08 06:24:08.81,2025-12-08 06:24:08.81,t,f,999,FRAME
cmiwrnd0105xoitntpj5jvc13,"",Ralph Lauren,,0RA7190U,Transparent Rose with Demo Lens,6290,54,15,145,,,,58.75,176,1,,,t,2025-12-08 06:24:09.361,2025-12-08 06:24:09.361,t,f,999,FRAME
cmiwrndeg05xqitnt0ycaqbrf,"",COACH,,HC6233U,TRANSPARENT CLEAR,5111,50,17,140,725125520003,,,81.2,244,0,,,t,2025-12-08 06:24:09.88,2025-12-08 06:24:09.88,t,f,999,FRAME
cmiwrndls05xritntke29eyrn,"",Costa,,06A8011,Ocr 420 Matte Fog Gray with Demo Lens,801102,56,17,140,,,,83.4,250,1,,,t,2025-12-08 06:24:10.144,2025-12-08 06:24:10.144,t,f,999,FRAME
cmiwrne0l05xtitnt174bce1o,"",Costa,,06A8015,Ocr 410 Pacific Blue with Demo Lens,801502,54,17,140,,,,83.4,250,1,,,t,2025-12-08 06:24:10.677,2025-12-08 06:24:10.677,t,f,999,FRAME
cmiwrnef905xvitntje8wcrgw,"",Costa,,06A8017,Ocr 710 Grey Crystal with Demo Lens,801703,56,16,140,,,,77.87,234,1,,,t,2025-12-08 06:24:11.205,2025-12-08 06:24:11.205,t,f,999,FRAME
cmiwrneuf05xxitntx0ahk461,"",Costa,,06A8017,Ocr 710 Black with Demo Lens,801701,52,16,140,,,,77.87,234,1,,,t,2025-12-08 06:24:11.751,2025-12-08 06:24:11.751,t,f,999,FRAME
cmiwrnf9005xzitntogjk112k,"",Costa,,06A8021,Ocr 700 Grey Crystal with Demo Lens,802102,55,14,140,,,,77.87,234,1,,,t,2025-12-08 06:24:12.276,2025-12-08 06:24:12.276,t,f,999,FRAME
cmiwrnfnk05y1itnt1pzgewoh,"",Costa,,06S2009,May Tortoise with Gold Mirror 580G,200917,57,15,140,,,,142.5,428,1,,,t,2025-12-08 06:24:12.8,2025-12-08 06:24:12.8,t,f,999,FRAME
cmiwrng2705y3itnt5ta4ws4g,"",Costa,,06S9006,Fantail Blackout with Gray 580P,900601,59,14,127,,,,106,318,1,,,t,2025-12-08 06:24:13.327,2025-12-08 06:24:13.327,t,f,999,FRAME
cmiwrnggz05y5itnt5sa0duo7,"",Costa,,06S9006,Fantail Matte Black with Blue Mirror 580P,900616,59,14,127,,,,116.5,350,1,,,t,2025-12-08 06:24:13.859,2025-12-08 06:24:13.859,t,f,999,FRAME
cmiwrngwn05y7itntw97jcodo,"",Costa,,06S9007,Reefton Blackout with Gray 580P,900701,64,15,115,,,,106,318,1,,,t,2025-12-08 06:24:14.374,2025-12-08 06:24:14.374,t,f,999,FRAME
cmiwrnhbc05y9itntt6fu3nxo,"",Costa,,06S9007,Reefton Blackout with Green Mirror 580G,900719,64,15,115,,,,148,444,1,,,t,2025-12-08 06:24:14.952,2025-12-08 06:24:14.952,t,f,999,FRAME
cmiwrnhpm05ybitntqn8y5zd1,"",Costa,,06S9058,Fathom Tortoise with Green Mirror 580G,905809,61,16,130,,,,142.5,428,1,,,t,2025-12-08 06:24:15.466,2025-12-08 06:24:15.466,t,f,999,FRAME
cmiwrni4705yditntxqxuo754,"",Costa,,06S9081,Palmas Black with Gray 580P,908103,57,17,135,,,,94,282,1,,,t,2025-12-08 06:24:15.991,2025-12-08 06:24:15.991,t,f,999,FRAME
cmiwrniij05yfitnttou36pi3,"",Costa,,06S9081,Palmas Coral Tortoise with Copper Silver Mirror 580P,908105,57,17,135,,,,104.5,314,1,,,t,2025-12-08 06:24:16.508,2025-12-08 06:24:16.508,t,f,999,FRAME
cmiwrniwy05yhitntqnragrdk,"",Costa,,06S9109,Corbina Pro Matte Black with Gray 580G,910904,61,18,125,,,,143,429,1,,,t,2025-12-08 06:24:17.026,2025-12-08 06:24:17.026,t,f,999,FRAME
cmiwrnjbi05yjitnt8unrc8dg,"",Costa,,06S9109,Corbina Pro Metallic Silver with Blue Mirror 580G,910906,61,18,125,,,,154.5,464,1,,,t,2025-12-08 06:24:17.551,2025-12-08 06:24:17.551,t,f,999,FRAME
cmiwrnjq705ylitntbrlt5w2s,"",Costa,,06S9120,Broadbill II Matte Brown Smoke with Gray 580G,912013,58,15,134,,,,131,393,1,,,t,2025-12-08 06:24:18.079,2025-12-08 06:24:18.079,t,f,999,FRAME
cmiwrnk4u05ynitntgxqr4f6x,"",Costa,,06S9129,Fly Line Matte Black with Gray 580G,912901,64,13,120,,,,112.5,338,1,,,t,2025-12-08 06:24:18.606,2025-12-08 06:24:18.606,t,f,999,FRAME
cmiwrnkjt05ypitntvhl8gp8s,"",Costa,,06S9129,Fly Line Matte Black with Green Mirror 580G,912903,64,13,120,,,,124,372,1,,,t,2025-12-08 06:24:19.145,2025-12-08 06:24:19.145,t,f,999,FRAME
cmiwrnkyq05yritnttbj86gsx,"",Costa,,06S9129,Fly Line Matte Black with Blue Mirror 580P,912909,64,13,120,,,,92.5,278,1,,,t,2025-12-08 06:24:19.682,2025-12-08 06:24:19.682,t,f,999,FRAME
cmiwrnldi05ytitntts40ncth,"",Costa,,06S9134,Brine II Matte Tortoise with Green Mirror 580P,913408,59,17,138,,,,92.5,278,1,,,t,2025-12-08 06:24:20.215,2025-12-08 06:24:20.215,t,f,999,FRAME
cmiwrnls505yvitntnpmx0v47,"",Costa,,06A3018,BRD 610 Matte Black with Demo Lens,301802,55,16,145,,,,83.4,250,1,,,t,2025-12-08 06:24:20.741,2025-12-08 06:24:20.741,t,f,999,FRAME
cmiwrnm7a05yxitnty64q9xr2,"",Costa,,06A3018,BRD 610 Rustic Bronze with Demo Lens,06A3018,57,16,145,,,,83.4,250,1,,,t,2025-12-08 06:24:21.287,2025-12-08 06:24:21.287,t,f,999,FRAME
cmiwrnmm205yzitntott20xa7,"",Ralph Lauren,,0PH2291U,Matte Transparent Dark Green with Demo Lens,6312,55,19,145,,,,75.39,226,1,,,t,2025-12-08 06:24:21.819,2025-12-08 06:24:21.819,t,f,999,FRAME
cmiwrnn0z05z1itnt02b0upzk,"",Ralph Lauren,,0PH2299D,Shiny Transparent Brown with Demo Lens,6282,55,18,145,,,,75.39,226,1,,,t,2025-12-08 06:24:22.356,2025-12-08 06:24:22.356,t,f,999,FRAME
cmiwrnng705z3itnt16tqnqga,"",Ralph Lauren,,0RA6062,Shiny Light Blue with Demo Lens,9480,53,16,145,,,,76.67,230,1,,,t,2025-12-08 06:24:22.903,2025-12-08 06:24:22.903,t,f,999,FRAME
cmiwrnnuu05z5itntveitk481,"",Ralph Lauren,,0RA6063,Shiny Black with Demo Lens,9443,54,17,145,,,,71.25,214,1,,,t,2025-12-08 06:24:23.431,2025-12-08 06:24:23.431,t,f,999,FRAME
cmiwrno9505z7itntoomhktfz,"",Ralph Lauren,,0RA7135,Shiny Transparent Brown with Demo Lens,6126,53,16,140,,,,58.75,176,1,,,t,2025-12-08 06:24:23.946,2025-12-08 06:24:23.946,t,f,999,FRAME
cmiwrnonv05z9itntuvpbm2mo,"",Ralph Lauren,,0RA7146,Transparent Green with Demo Lens,6279,53,17,145,,,,58.75,176,1,,,t,2025-12-08 06:24:24.475,2025-12-08 06:24:24.475,t,f,999,FRAME
cmiwrnp2p05zbitntojxm1w74,"",Ralph Lauren,,0RA7154U,Shiny Crystal with Demo Lens,5331,52,17,145,,,,58.75,176,1,,,t,2025-12-08 06:24:25.009,2025-12-08 06:24:25.009,t,f,999,FRAME
cmiwrnph805zditntej2gbo5l,"",Ralph Lauren,,0RA7190U,Shiny Dark Havana with Demo Lens,5003,54,15,145,,,,58.75,176,1,,,t,2025-12-08 06:24:25.533,2025-12-08 06:24:25.533,t,f,999,FRAME
cmiwrnpvv05zfitntautfl5vv,"",Ralph Lauren,,0RA7190U,Transparent Light Blue with Demo Lens,6240,56,15,145,,,,58.75,176,0,,,t,2025-12-08 06:24:26.059,2025-12-08 06:24:26.059,t,f,999,FRAME
cmiwrnq3605zgitntzk0j44o3,"",Oakley,,Oakley 004075-14,Grey,3P,60,17,123,,,,0,300,1,,,t,2025-12-08 06:24:26.322,2025-12-08 06:24:26.322,t,f,999,FRAME
cmiwrnqhx05ziitntjkter7f5,"",Michael Kors,,0MK4120U,Dark Tortoise,3006,53,16,140,,,,68.89,207,1,,,t,2025-12-08 06:24:26.853,2025-12-08 06:24:26.853,t,f,999,FRAME
cmiwrnqwn05zkitntpuqsxjy8,"",Ralph Lauren,,0PH1243,Semishiny Black with Demo Lens,9267,56,16,145,,,,87.05,261,1,,,t,2025-12-08 06:24:27.384,2025-12-08 06:24:27.384,t,f,999,FRAME
cmiwrnrbh05zmitnt98xiwq87,"",Ralph Lauren,,0RA7189U,Beige Transparent with Demo Lens,6117,53,17,145,,,,65.42,196,1,,,t,2025-12-08 06:24:27.918,2025-12-08 06:24:27.918,t,f,999,FRAME
cmiwrnrqe05zoitnte2pq6hho,"",Coach,,HC8357U,Black,500287,57,18,145,,,,91.25,274,1,,,t,2025-12-08 06:24:28.454,2025-12-08 06:24:28.454,t,f,999,FRAME
cmiwrns4x05zqitntqk5lbnhf,"",Coach,,0HC6146U,Transparent Brown,5561,53,16,140,,,,81.11,243,1,,,t,2025-12-08 06:24:28.977,2025-12-08 06:24:28.977,t,f,999,FRAME
cmiwrnsl205zsitntoevhh9nx,"",Coach,,0HC6166U,C2104 Navy,5635,57,18,145,,,,81.11,243,1,,,t,2025-12-08 06:24:29.506,2025-12-08 06:24:29.506,t,f,999,FRAME
cmiwrnszl05zuitntr1l4lzck,"",Coach,,0HC6176,Rose Tortoise Gradient,5650,53,17,140,,,,77.78,233,1,,,t,2025-12-08 06:24:30.081,2025-12-08 06:24:30.081,t,f,999,FRAME
cmiwrntep05zwitntjjm80fne,"",Coach,,0HC6207U,Transparent Brown,5561,54,16,140,,,,85.93,258,1,,,t,2025-12-08 06:24:30.625,2025-12-08 06:24:30.625,t,f,999,FRAME
cmiwrnttb05zyitntxn8lhror,"",Coach,,0HC6213U,Dark Blue/Light Blue,5757,57,17,145,,,,81.11,243,1,,,t,2025-12-08 06:24:31.151,2025-12-08 06:24:31.151,t,f,999,FRAME
cmiwrnu800600itntqxnhomqq,"",Coach,,0HC6238U,Transparent Pecan,5819,57,19,150,,,,81.11,243,1,,,t,2025-12-08 06:24:31.68,2025-12-08 06:24:31.68,t,f,999,FRAME
cmiwrnumn0602itntplkdo781,"",Coach,,0HC6242U,Black,5002,53,15,140,,,,85.93,258,1,,,t,2025-12-08 06:24:32.207,2025-12-08 06:24:32.207,t,f,999,FRAME
cmiwrnv140604itntothi86tx,"",Coach,,0HC6246U,Black,5002,53,16,140,,,,81.11,243,1,,,t,2025-12-08 06:24:32.728,2025-12-08 06:24:32.728,t,f,999,FRAME
cmiwrnvft0606itnt8cqzl4vn,"",Coach,,0HC6257U,Milky Denim,5259,51,18,140,,,,81.11,243,1,,,t,2025-12-08 06:24:33.258,2025-12-08 06:24:33.258,t,f,999,FRAME
cmiwrnvus0608itnthsnbkdil,"",Coach,,0HC6261BU,Milky Eggplant,5522,50,19,140,,,,94.44,283,1,,,t,2025-12-08 06:24:33.796,2025-12-08 06:24:33.796,t,f,999,FRAME
cmiwrnw9c060aitntqraurze0,"",Coach,,0HC6278U,Matte Black,5002,57,17,145,,,,77.78,233,1,,,t,2025-12-08 06:24:34.32,2025-12-08 06:24:34.32,t,f,999,FRAME
cmiwrnwo8060citntz178p4nx,"",Coach,,0HC7161,CR617 Shiny Rose Gold w/ Purple Blue Pink Gradient,93310J,56,16,140,,,,84.58,254,1,,,t,2025-12-08 06:24:34.856,2025-12-08 06:24:34.856,t,f,999,FRAME
cmiwrnx2z060eitnt7w4wvaxy,"",Coach,,0HC8116,L087 Blair Dark Tortoise with Brown Gradient,500113,56,16,135,,,,91.25,274,1,,,t,2025-12-08 06:24:35.388,2025-12-08 06:24:35.388,t,f,999,FRAME
cmiwrnxhl060gitntyu4m7m87,"",Coach,,0HC8232,L1010 Black w/ Dark Grey Gradient,551011,56,17,140,,,,84.58,254,1,,,t,2025-12-08 06:24:35.914,2025-12-08 06:24:35.914,t,f,999,FRAME
cmiwrnxw9060iitntwbpeq2ku,"",Coach,,0HC8392U,CR611 Black w/ Grey Gradient,50023C,53,20,140,,,,91.25,274,1,,,t,2025-12-08 06:24:36.441,2025-12-08 06:24:36.441,t,f,999,FRAME
cmiwrnyaz060kitntb4pjefm1,"",Coach,,0HC8437U,CBY87 Striated Redwood/Maple w/ Brown Gradient,590174,53,18,140,,,,91.25,274,1,,,t,2025-12-08 06:24:36.971,2025-12-08 06:24:36.971,t,f,999,FRAME
cmiwrnyph060mitnto2sihbx1,"",Coach,,0HC5139,Matte Black,9370,57,17,145,,,,81.11,243,1,,,t,2025-12-08 06:24:37.494,2025-12-08 06:24:37.494,t,f,999,FRAME
cmiwrnz43060oitntcdzat8fa,"",Coach,,0HC5168,Shiny Light Gold,9005,53,17,140,,,,81.11,243,1,,,t,2025-12-08 06:24:38.019,2025-12-08 06:24:38.019,t,f,999,FRAME
cmiwrnzj5060qitntaykr48ww,"",Coach,,0HC5196TD,Shiny Gunmetal,9004,56,18,150,,,,94.44,283,1,,,t,2025-12-08 06:24:38.561,2025-12-08 06:24:38.561,t,f,999,FRAME
cmiwrnzxn060sitntg4n96ini,"",Coach,,0HC6040,Brooklyn Dark Tortoise,5116,52,16,135,,,,85.93,258,1,,,t,2025-12-08 06:24:39.083,2025-12-08 06:24:39.083,t,f,999,FRAME
cmiwro0c6060uitntg3rxood8,"",Coach,,0HC6065,Light Brown Confetti Tortoise,5287,51,17,135,,,,94.44,283,2,,,t,2025-12-08 06:24:39.607,2025-12-08 06:24:39.607,t,f,999,FRAME
cmiwro0qd060witntclsps96r,"",Coach,,0HC6065,Purple Confetti Tortoise,5288,49,17,135,,,,94.44,283,2,,,t,2025-12-08 06:24:40.118,2025-12-08 06:24:40.118,t,f,999,FRAME
cmiwro150060yitnt5fwxli3j,"",Ralph Lauren,,0PH1147,matte black,9038,54,16,145,,,,89.12,222,0,,,t,2025-12-08 06:24:40.645,2025-12-08 06:24:40.645,t,f,999,FRAME
cmiwro1ce060zitnta3rw5631,"",Costa,,0HC6065,Dark Tortoise,5291,51,17,135,,,,94.44,283,1,,,t,2025-12-08 06:24:40.91,2025-12-08 06:24:40.91,t,f,999,FRAME
cmiwro1r80611itnt03n5ofdf,"",Coach,,0HC6065,Shimmer Violet Peach Gradient,5554,51,7,135,,,,94.44,283,1,,,t,2025-12-08 06:24:41.444,2025-12-08 06:24:41.444,t,f,999,FRAME
cmiwro25v0613itntmbwoerx0,"",Coach,,0HC6082,Black,5353,53,17,135,,,,81.11,243,1,,,t,2025-12-08 06:24:41.972,2025-12-08 06:24:41.972,t,f,999,FRAME
cmiwro2k80615itnthvg60sfb,"",Coach,,0HC6089,Blue Beige Glitter Gradient,5474,51,16,135,,,,81.11,243,1,,,t,2025-12-08 06:24:42.488,2025-12-08 06:24:42.488,t,f,999,FRAME
cmiwro2yu0617itntpuyytzaq,"",Coach,,0HC6129,Black Tortoise Laminate,5446,54,16,140,,,,81.11,243,1,,,t,2025-12-08 06:24:43.014,2025-12-08 06:24:43.014,t,f,999,FRAME
cmiwro3dm0619itnt82gghekr,"",Coach,,0HC6142,Violet Pink Glitter Gradient,5554,51,17,140,,,,85.93,258,1,,,t,2025-12-08 06:24:43.547,2025-12-08 06:24:43.547,t,f,999,FRAME
cmiwro3s8061bitntihf6j44v,"",Coach,,0HC6143,Dark Tortoise,5120,54,15,140,,,,85.93,258,1,,,t,2025-12-08 06:24:44.073,2025-12-08 06:24:44.073,t,f,999,FRAME
cmiwro482061ditnt7h1nbwoo,"",Coach,,0HC6251U,Dark Tortoise,5120,58,17,150,,,,81.11,243,1,,,t,2025-12-08 06:24:44.591,2025-12-08 06:24:44.591,t,f,999,FRAME
cmiwro4n3061fitntmym5qgb7,"",Costa,,06A3020,Brd 600 Matte Black,302002,57,16,145,,,,83.4,250,1,,,t,2025-12-08 06:24:45.183,2025-12-08 06:24:45.183,t,f,999,FRAME
cmiwro520061hitntj8q3f13s,"",Ray Ban,,0RX7230,Sand Blue,5207,54,19,145,,,,98.42,295,1,,,t,2025-12-08 06:24:45.72,2025-12-08 06:24:45.72,t,f,999,FRAME
cmiwro5h4061jitnthcg7jzbh,"",Ray Ban,,0RX7550,Gunmetal,3214,57,18,145,,,,103.95,312,1,,,t,2025-12-08 06:24:46.264,2025-12-08 06:24:46.264,t,f,999,FRAME
cmiwro5we061litntt4qmghgi,"",Ray Ban,,0RX7551,Black,3222,54,19,145,,,,103.95,312,1,,,t,2025-12-08 06:24:46.814,2025-12-08 06:24:46.814,t,f,999,FRAME
cmiwro6bb061nitntf6t25h31,"",Ray Ban,,0RX7553,Rose Gold,3217,52,20,140,,,,109.09,327,1,,,t,2025-12-08 06:24:47.352,2025-12-08 06:24:47.352,t,f,999,FRAME
cmiwro6qt061pitnthftnuro3,"",Ray Ban,,0RB3016,Clubmaster Black on Gold/Arista w/ G-15 Green Lens,W0365,51,21,145,,,,95.5,287,1,,,t,2025-12-08 06:24:47.91,2025-12-08 06:24:47.91,t,f,999,FRAME
cmiwro763061ritnt2bezrkyj,"",Ray Ban,,0RB3025,Aviator Large Metal Black w/ G-15 Green Lens,L2823,58,14,135,,,,95.5,287,1,,,t,2025-12-08 06:24:48.46,2025-12-08 06:24:48.46,t,f,999,FRAME
cmiwro7l9061titntgmmq9cwm,"",Ray Ban,,0RB3663,Gunmetal w/ Grey Gradient Lens,004/71,60,17,140,,,,97,291,1,,,t,2025-12-08 06:24:49.006,2025-12-08 06:24:49.006,t,f,999,FRAME
cmiwro80m061vitntzyb8eztl,"",Ray Ban,,0RB3498,N/A Black w/ Dark Green Lens,002/71,61,17,135,,,,95.5,287,1,,,t,2025-12-08 06:24:49.559,2025-12-08 06:24:49.559,t,f,999,FRAME
cmiwro8fz061xitntxx1qfpnj,"",Ray Ban,,0RB4171,Erika Rubber Havana w/ Brown Gradient Lens,865/13,54,18,145,,,,88,264,1,,,t,2025-12-08 06:24:50.111,2025-12-08 06:24:50.111,t,f,999,FRAME
cmiwro8v6061zitntzyl53ukj,"",Ray Ban,,0RX5169,Black on Transparent,2034,54,16,140,,,,73.51,221,1,,,t,2025-12-08 06:24:50.658,2025-12-08 06:24:50.658,t,f,999,FRAME
cmiwro9am0621itnt54a6bayp,"",Ray Ban,,0RX5276F,Striped Blue,8456,55,18,145,,,,87.75,263,1,,,t,2025-12-08 06:24:51.214,2025-12-08 06:24:51.214,t,f,999,FRAME
cmiwro9py0623itntb4nxiwp6,"",Ray Ban,,0RX5286,Black on Transparent,2034,51,18,135,,,,87.75,263,1,,,t,2025-12-08 06:24:51.766,2025-12-08 06:24:51.766,t,f,999,FRAME
cmiwroa4t0625itntjiw0m9j9,"",Ray Ban,,0RX5397,Elliot Yellow & Blue Havana,8174,50,19,140,,,,83,249,1,,,t,2025-12-08 06:24:52.302,2025-12-08 06:24:52.302,t,f,999,FRAME
cmiwroajk0627itntn93gzlw2,"",Ray Ban,,0RX5422,Black on Transparent,2034,54,16,145,,,,83,249,1,,,t,2025-12-08 06:24:52.832,2025-12-08 06:24:52.832,t,f,999,FRAME
cmiwroayh0629itnt2m30ncnq,"",Ray Ban,,0RX5428,Havana on Light Blue,5883,53,17,145,,,,87.75,263,1,,,t,2025-12-08 06:24:53.369,2025-12-08 06:24:53.369,t,f,999,FRAME
cmiwrobd8062bitntz2fvw4jd,"",Ray Ban,,0RX5445F,Black,2000,54,19,145,,,,73.52,221,1,,,t,2025-12-08 06:24:53.9,2025-12-08 06:24:53.9,t,f,999,FRAME
cmiwrobsk062ditntfme2jkp3,"",Ray Ban,,0RX6421,Matte Black on Silver,2997,54,18,145,,,,83,249,1,,,t,2025-12-08 06:24:54.453,2025-12-08 06:24:54.453,t,f,999,FRAME
cmiwroc84062fitnticz783ex,"",Ralph Lauren,,0PH1190,Matte Black,9224,58,17,145,,,,75.39,226,1,,,t,2025-12-08 06:24:55.012,2025-12-08 06:24:55.012,t,f,999,FRAME
cmiwrocmr062hitntb61mamvn,"",Ray Ban,,0RX5413,Gradient Blue on Striped Grey,5765,54,17,145,,,,83,249,1,,,t,2025-12-08 06:24:55.539,2025-12-08 06:24:55.539,t,f,999,FRAME
cmiwrod29062jitntgotn8qse,"",Ray Ban,,0RX8421,Grey on Silver,3125,54,19,145,,,,109.09,327,1,,,t,2025-12-08 06:24:56.097,2025-12-08 06:24:56.097,t,f,999,FRAME
